[
  {
    "id": "6390bc5b39fe6532b05e0257",
    "area": 23,
    "areaLevel": 1,
    "quickTimeEvents": [
      {
        "type": "ShrinkingCircle",
        "position": {
          "x": 0.5,
          "y": 0.25
        },
        "speed": 2,
        "successRange": {
          "x": 0.45,
          "y": 0.1
        },
        "key": "Mouse0",
        "startDelay": 0.8,
        "endDelay": 0.2
      },
      {
        "type": "ShrinkingCircle",
        "position": {
          "x": 0.5,
          "y": 0.25
        },
        "speed": 2.5,
        "successRange": {
          "x": 0.4,
          "y": 0.095
        },
        "key": "Mouse0",
        "startDelay": 0.8,
        "endDelay": 0.2
      },
      {
        "type": "ShrinkingCircle",
        "position": {
          "x": 0.5,
          "y": 0.25
        },
        "speed": 2.5,
        "successRange": {
          "x": 0.35,
          "y": 0.085
        },
        "key": "Mouse0",
        "startDelay": 0.8,
        "endDelay": 0.2
      },
      {
        "type": "ShrinkingCircle",
        "position": {
          "x": 0.5,
          "y": 0.25
        },
        "speed": 2.5,
        "successRange": {
          "x": 0.3,
          "y": 0.08
        },
        "key": "Mouse0",
        "startDelay": 0.8,
        "endDelay": 0.2
      },
      {
        "type": "ShrinkingCircle",
        "position": {
          "x": 0.5,
          "y": 0.25
        },
        "speed": 2.5,
        "successRange": {
          "x": 0.25,
          "y": 0.075
        },
        "key": "Mouse0",
        "startDelay": 0.8,
        "endDelay": 0.2
      },
      {
        "type": "ShrinkingCircle",
        "position": {
          "x": 0.5,
          "y": 0.25
        },
        "speed": 3,
        "successRange": {
          "x": 0.2,
          "y": 0.07
        },
        "key": "Mouse0",
        "startDelay": 0.8,
        "endDelay": 0.2
      },
      {
        "type": "ShrinkingCircle",
        "position": {
          "x": 0.5,
          "y": 0.25
        },
        "speed": 3,
        "successRange": {
          "x": 0.15,
          "y": 0.065
        },
        "key": "Mouse0",
        "startDelay": 0.8,
        "endDelay": 0.2
      },
      {
        "type": "ShrinkingCircle",
        "position": {
          "x": 0.5,
          "y": 0.25
        },
        "speed": 3.5,
        "successRange": {
          "x": 0.12,
          "y": 0.06
        },
        "key": "Mouse0",
        "startDelay": 0.8,
        "endDelay": 0.2
      },
      {
        "type": "ShrinkingCircle",
        "position": {
          "x": 0.5,
          "y": 0.25
        },
        "speed": 3.5,
        "successRange": {
          "x": 0.12,
          "y": 0.05
        },
        "key": "Mouse0",
        "startDelay": 0.8,
        "endDelay": 0.2
      },
      {
        "type": "ShrinkingCircle",
        "position": {
          "x": 0.5,
          "y": 0.25
        },
        "speed": 4,
        "successRange": {
          "x": 0.1,
          "y": 0.045
        },
        "key": "Mouse0",
        "startDelay": 0.8,
        "endDelay": 0.2
      },
      {
        "type": "ShrinkingCircle",
        "position": {
          "x": 0.5,
          "y": 0.25
        },
        "speed": 4.5,
        "successRange": {
          "x": 0.1,
          "y": 0.04
        },
        "key": "Mouse0",
        "startDelay": 0.8,
        "endDelay": 0.2
      },
      {
        "type": "ShrinkingCircle",
        "position": {
          "x": 0.5,
          "y": 0.25
        },
        "speed": 5,
        "successRange": {
          "x": 0.1,
          "y": 0.035
        },
        "key": "Mouse0",
        "startDelay": 0.8,
        "endDelay": 0.2
      },
      {
        "type": "ShrinkingCircle",
        "position": {
          "x": 0.5,
          "y": 0.25
        },
        "speed": 5.5,
        "successRange": {
          "x": 0,
          "y": 0.03
        },
        "key": "Mouse0",
        "startDelay": 0.8,
        "endDelay": 0.2
      },
      {
        "type": "ShrinkingCircle",
        "position": {
          "x": 0.5,
          "y": 0.25
        },
        "speed": 6,
        "successRange": {
          "x": 0,
          "y": 0.02
        },
        "key": "Mouse0",
        "startDelay": 0.8,
        "endDelay": 0.2
      },
      {
        "type": "ShrinkingCircle",
        "position": {
          "x": 0.5,
          "y": 0.25
        },
        "speed": 6,
        "successRange": {
          "x": 0,
          "y": 0.01
        },
        "key": "Mouse0",
        "startDelay": 0.8,
        "endDelay": 0.2
      }
    ],
    "requirements": [
      {
        "energy": 30,
        "hydration": 30,
        "type": "Health"
      },
      {
        "bodyPart": "LeftArm",
        "effectName": "Fracture",
        "excluded": true,
        "type": "BodyPartBuff"
      },
      {
        "bodyPart": "RightArm",
        "effectName": "Fracture",
        "excluded": true,
        "type": "BodyPartBuff"
      }
    ],
    "results": {
      "finishEffect": {
        "energy": 0,
        "hydration": 0,
        "rewardsRange": [
          {
            "weight": 1,
            "result": "Exit",
            "time": 86400,
            "type": "MusclePain"
          }
        ]
      },
      "singleSuccessEffect": {
        "energy": -2,
        "hydration": -2,
        "rewardsRange": [
          {
            "weight": 1,
            "result": "None",
            "skillId": "Endurance",
            "levelMultipliers": [
              {
                "level": 0,
                "multiplier": 3
              },
              {
                "level": 10,
                "multiplier": 2.5
              },
              {
                "level": 25,
                "multiplier": 2
              }
            ],
            "type": "Skill"
          },
          {
            "weight": 1,
            "result": "None",
            "skillId": "Strength",
            "levelMultipliers": [
              {
                "level": 0,
                "multiplier": 3
              },
              {
                "level": 10,
                "multiplier": 2.5
              },
              {
                "level": 25,
                "multiplier": 2
              }
            ],
            "type": "Skill"
          }
        ]
      },
      "singleFailEffect": {
        "energy": -4,
        "hydration": -4,
        "rewardsRange": [
          {
            "weight": 1,
            "result": "Exit",
            "type": "GymArmTrauma"
          }
        ]
      }
    }
  }
]