{
  "appearance": {
    "body": {
      "63628b825c1b30a79d09ccb9": 1
    },
    "feet": {
      "6361216278f9ab270a0a48d9": 1
    },
    "hands": [
      "5cc2e68f14c02e28b47de290"
    ],
    "head": [
      "636129784aa74b8fe30ab418"
    ],
    "voice": [
      "SectantPriest"
    ]
  },
  "chances": {
    "equipment": {
      "ArmBand": 0,
      "ArmorVest": 0,
      "Backpack": 0,
      "Earpiece": 0,
      "Eyewear": 0,
      "FaceCover": 100,
      "FirstPrimaryWeapon": 100,
      "Headwear": 51,
      "Holster": 100,
      "Pockets": 100,
      "Scabbard": 0,
      "SecondPrimaryWeapon": 100,
      "SecuredContainer": 100,
      "TacticalVest": 100
    },
    "mods": {
      "mod_charge": 0,
      "mod_flashlight": 50,
      "mod_foregrip": 100,
      "mod_magazine": 100,
      "mod_mount": 0,
      "mod_mount_000": 33,
      "mod_mount_001": 2,
      "mod_mount_002": 1,
      "mod_mount_003": 100,
      "mod_muzzle": 100,
      "mod_reciever": 100,
      "mod_scope": 100,
      "mod_sight_front": 0,
      "mod_sight_rear": 0,
      "mod_stock": 75,
      "mod_tactical": 2,
      "mod_tactical_000": 3,
      "mod_tactical_001": 0,
      "mod_tactical_002": 100
    }
  },
  "difficulty": {
    "easy": {
      "Aiming": {
        "AIMING_TYPE": 6,
        "ANYTIME_LIGHT_WHEN_AIM_100": 10,
        "ANY_PART_SHOOT_TIME": 5,
        "BASE_HIT_AFFECTION_DELAY_SEC": 0.07,
        "BASE_HIT_AFFECTION_MAX_ANG": 2,
        "BASE_HIT_AFFECTION_MIN_ANG": 1,
        "BASE_SHIEF": 0.01,
        "BASE_SHIEF_STATIONARY_GRENADE": 1.1,
        "BETTER_PRECICING_COEF": 0.99,
        "BOTTOM_COEF": 0.01,
        "BOT_MOVE_IF_DELTA": 3.01,
        "COEF_FROM_COVER": 0.25,
        "COEF_IF_MOVE": 1,
        "DAMAGE_PANIC_TIME": 15,
        "DAMAGE_TO_DISCARD_AIM_0_100": 16,
        "DANGER_UP_POINT": 1.3,
        "DIST_TO_SHOOT_NO_OFFSET": 3,
        "DIST_TO_SHOOT_TO_CENTER": 3,
        "FIRST_CONTACT_ADD_CHANCE_100": 80,
        "FIRST_CONTACT_ADD_SEC": 0.05,
        "HARD_AIM": 0.75,
        "MAX_AIMING_UPGRADE_BY_TIME": 0.25,
        "MAX_AIM_PRECICING": 2,
        "MAX_AIM_TIME": 1.5,
        "MAX_TIME_DISCARD_AIM_SEC": 0.1,
        "MIN_DAMAGE_TO_GET_HIT_AFFETS": 1,
        "MIN_TIME_DISCARD_AIM_SEC": 0.1,
        "NEXT_SHOT_MISS_CHANCE_100": 100,
        "NEXT_SHOT_MISS_Y_OFFSET": 1,
        "OFFSET_RECAL_ANYWAY_TIME": 1,
        "PANIC_ACCURATY_COEF": 1.2,
        "PANIC_COEF": 1.2,
        "PANIC_TIME": 2,
        "RECALC_DIST": 0.7,
        "RECALC_MUST_TIME": 3,
        "RECALC_SQR_DIST": 0.48999998,
        "SCATTERING_DIST_MODIF": 0.4,
        "SCATTERING_DIST_MODIF_CLOSE": 0.6,
        "SCATTERING_HAVE_DAMAGE_COEF": 2,
        "SHOOT_TO_CHANGE_PRIORITY": 5525,
        "SHPERE_FRIENDY_FIRE_SIZE": -0.1,
        "TIME_COEF_IF_MOVE": 1.1,
        "WEAPON_ROOT_OFFSET": 0.35,
        "XZ_COEF": 0.01,
        "XZ_COEF_STATIONARY_GRENADE": 0.8
      },
      "Boss": {
        "BOSS_DIST_TO_SHOOT": 10,
        "BOSS_DIST_TO_SHOOT_SQRT": 100,
        "BOSS_DIST_TO_WARNING": 20,
        "BOSS_DIST_TO_WARNING_OUT": 25,
        "BOSS_DIST_TO_WARNING_OUT_SQRT": 625,
        "BOSS_DIST_TO_WARNING_SQRT": 400,
        "CHANCE_TO_SEND_GRENADE_100": 100,
        "CHANCE_USE_RESERVE_PATROL_100": 30,
        "COVER_TO_SEND": true,
        "DELTA_SEARCH_TIME": 18,
        "KILLA_AFTER_GRENADE_SUPPRESS_DELAY": 2,
        "KILLA_BULLET_TO_RELOAD": 15,
        "KILLA_CLOSEATTACK_DELAY": 10,
        "KILLA_CLOSEATTACK_TIMES": 3,
        "KILLA_CLOSE_ATTACK_DIST": 8,
        "KILLA_CONTUTION_TIME": 5,
        "KILLA_DEF_DIST_SQRT": 225,
        "KILLA_DIST_TO_GO_TO_SUPPRESS": 6,
        "KILLA_DITANCE_TO_BE_ENEMY_BOSS": 45,
        "KILLA_ENEMIES_TO_ATTACK": 3,
        "KILLA_HOLD_DELAY": 5,
        "KILLA_LARGE_ATTACK_DIST": 41,
        "KILLA_MIDDLE_ATTACK_DIST": 22,
        "KILLA_ONE_IS_CLOSE": 30,
        "KILLA_SEARCH_METERS": 30,
        "KILLA_SEARCH_SEC_STOP_AFTER_COMING": 25,
        "KILLA_START_SEARCH_SEC": 40,
        "KILLA_TRIGGER_DOWN_DELAY": 1,
        "KILLA_WAIT_IN_COVER_COEF": 1,
        "KILLA_Y_DELTA_TO_BE_ENEMY_BOSS": 5,
        "MAX_DIST_COVER_BOSS": 65,
        "MAX_DIST_COVER_BOSS_SQRT": 4225,
        "MAX_DIST_DECIDER_TO_SEND": 35,
        "MAX_DIST_DECIDER_TO_SEND_SQRT": 1225,
        "PERSONS_SEND": 2,
        "SHALL_WARN": true,
        "TIME_AFTER_LOSE": 15,
        "TIME_AFTER_LOSE_DELTA": 60,
        "WAIT_NO_ATTACK_SAVAGE": 10
      },
      "Change": {
        "FLASH_ACCURATY": 1.6,
        "FLASH_GAIN_SIGHT": 1.8,
        "FLASH_HEARING": 1,
        "FLASH_LAY_CHANCE": 1,
        "FLASH_PRECICING": 1.6,
        "FLASH_SCATTERING": 1.6,
        "FLASH_VISION_DIST": 0.05,
        "SMOKE_ACCURATY": 1.6,
        "SMOKE_GAIN_SIGHT": 1.6,
        "SMOKE_HEARING": 1,
        "SMOKE_LAY_CHANCE": 1.6,
        "SMOKE_PRECICING": 1.6,
        "SMOKE_SCATTERING": 1.6,
        "SMOKE_VISION_DIST": 0.6,
        "STUN_HEARING": 0.01
      },
      "Core": {
        "AccuratySpeed": 0.2,
        "AimingType": "normal",
        "CanGrenade": true,
        "CanRun": true,
        "DamageCoeff": 1,
        "GainSightCoef": 0.1,
        "HearingSense": 4.9,
        "PistolFireDistancePref": 35,
        "RifleFireDistancePref": 100,
        "ScatteringClosePerMeter": 0.12,
        "ScatteringPerMeter": 0.002,
        "ShotgunFireDistancePref": 50,
        "VisibleAngle": 188,
        "VisibleDistance": 392,
        "WaitInCoverBetweenShotsSec": 0.3
      },
      "Cover": {
        "CHANGE_RUN_TO_COVER_SEC": 5,
        "CHANGE_RUN_TO_COVER_SEC_GREANDE": 0.6,
        "CHECK_COVER_ENEMY_LOOK": false,
        "CLOSE_DIST_POINT_SQRT": 4,
        "DELTA_SEEN_FROM_COVE_LAST_POS": 15,
        "DEPENDS_Y_DIST_TO_BOT": false,
        "DIST_CANT_CHANGE_WAY": 5,
        "DIST_CANT_CHANGE_WAY_SQR": 25,
        "DIST_CHECK_SFETY": 9,
        "DOG_FIGHT_AFTER_LEAVE": 4,
        "ENEMY_DIST_TO_GO_OUT": 1,
        "GOOD_DIST_TO_POINT_COEF": 9999,
        "HIDE_TO_COVER_TIME": 1.5,
        "HITS_TO_LEAVE_COVER": 1,
        "HITS_TO_LEAVE_COVER_UNKNOWN": 1,
        "LOOK_LAST_ENEMY_POS_LOOKAROUND": 45,
        "LOOK_LAST_ENEMY_POS_MOVING": 1.5,
        "LOOK_TO_HIT_POINT_IF_LAST_ENEMY": 3,
        "MAX_DIST_OF_COVER": 4,
        "MAX_DIST_OF_COVER_SQR": 16,
        "MAX_SPOTTED_TIME_SEC": 55,
        "MIN_DEFENCE_LEVEL": -1,
        "MIN_DIST_TO_ENEMY": 9,
        "MOVE_TO_COVER_WHEN_TARGET": false,
        "NOT_LOOK_AT_WALL_IS_DANGER": true,
        "OFFSET_LOOK_ALONG_WALL_ANG": 20,
        "RETURN_TO_ATTACK_AFTER_AMBUSH_MAX": 50,
        "RETURN_TO_ATTACK_AFTER_AMBUSH_MIN": 20,
        "RUN_COVER_IF_CAN_AND_NO_ENEMIES": false,
        "RUN_IF_FAR": 15,
        "RUN_IF_FAR_SQRT": 225,
        "SHOOT_NEAR_SEC_PERIOD": 0.5,
        "SHOOT_NEAR_TO_LEAVE": 2,
        "SOUND_TO_GET_SPOTTED": 2,
        "SPOTTED_COVERS_RADIUS": 0.5,
        "SPOTTED_GRENADE_RADIUS": 16,
        "SPOTTED_GRENADE_TIME": 7,
        "STATIONARY_WEAPON_MAX_DIST_TO_USE": 25,
        "STATIONARY_WEAPON_NO_ENEMY_GETUP": 15,
        "STAY_IF_FAR": 25,
        "STAY_IF_FAR_SQRT": 625,
        "TIME_CHECK_SAFE": 2,
        "TIME_TO_MOVE_TO_COVER": 15,
        "WAIT_INT_COVER_FINDING_ENEMY": 2
      },
      "Grenade": {
        "ADD_GRENADE_AS_DANGER": 65,
        "ADD_GRENADE_AS_DANGER_SQR": 4225,
        "AMBUSH_IF_SMOKE_IN_ZONE_100": 40,
        "AMBUSH_IF_SMOKE_RETURN_TO_ATTACK_SEC": 30,
        "ANG_TYPE": 4,
        "BEWARE_TYPE": 2,
        "BE_ATTENTION_COEF": 4,
        "CAN_THROW_STRAIGHT_CONTACT": true,
        "CHANCE_RUN_FLASHED_100": 100,
        "CHANCE_TO_NOTIFY_ENEMY_GR_100": 100,
        "CHEAT_START_GRENADE_PLACE": false,
        "CLOSE_TO_SMOKE_TIME_DELTA": 5,
        "CLOSE_TO_SMOKE_TO_SHOOT": 10,
        "CLOSE_TO_SMOKE_TO_SHOOT_SQRT": 100,
        "DAMAGE_GRENADE_SUPPRESS_DELTA": 8,
        "DELTA_GRENADE_START_TIME": 0.01,
        "DELTA_NEXT_ATTEMPT": 10,
        "DELTA_NEXT_ATTEMPT_FROM_COVER": 5,
        "FLASH_GRENADE_TIME_COEF": 0.25,
        "GrenadePerMeter": 0.15,
        "GrenadePrecision": 0.1,
        "MAX_FLASHED_DIST_TO_SHOOT": 10,
        "MAX_FLASHED_DIST_TO_SHOOT_SQRT": 100,
        "MAX_THROW_POWER": 18.7,
        "MIN_DIST_NOT_TO_THROW": 8,
        "MIN_DIST_NOT_TO_THROW_SQR": 64,
        "MIN_THROW_DIST_PERCENT_0_1": 0.7,
        "MIN_THROW_GRENADE_DIST": 12,
        "MIN_THROW_GRENADE_DIST_SQRT": 144,
        "NEAR_DELTA_THROW_TIME_SEC": 2,
        "NO_RUN_FROM_AI_GRENADES": true,
        "REQUEST_DIST_MUST_THROW": 3,
        "REQUEST_DIST_MUST_THROW_SQRT": 9,
        "RUN_AWAY": 22,
        "RUN_AWAY_SQR": 484,
        "SHOOT_TO_SMOKE_CHANCE_100": 50,
        "SIZE_SPOTTED_COEF": 2,
        "SMOKE_CHECK_DELTA": 1,
        "SMOKE_SUPPRESS_DELTA": 20,
        "STOP_WHEN_THROW_GRENADE": true,
        "STRAIGHT_CONTACT_DELTA_SEC": -1,
        "STUN_SUPPRESS_DELTA": 9,
        "TIME_SHOOT_TO_FLASH": 4,
        "WAIT_TIME_TURN_AWAY": 0.2
      },
      "Hearing": {
        "BOT_CLOSE_PANIC_DIST": 1,
        "CHANCE_TO_HEAR_SIMPLE_SOUND_0_1": 0.99,
        "CLOSE_DIST": 36,
        "DEAD_BODY_SOUND_RAD": 30,
        "DISPERSION_COEF": 10,
        "DIST_PLACE_TO_FIND_POINT": 300,
        "FAR_DIST": 96,
        "HEAR_DELAY_WHEN_HAVE_SMT": 0,
        "HEAR_DELAY_WHEN_PEACE": 0,
        "LOOK_ONLY_DANGER": false,
        "LOOK_ONLY_DANGER_DELTA": 9,
        "RESET_TIMER_DIST": 17,
        "SOUND_DIR_DEEFREE": 30
      },
      "Lay": {
        "ATTACK_LAY_CHANCE": 25,
        "CHECK_SHOOT_WHEN_LAYING": false,
        "CLEAR_POINTS_OF_SCARE_SEC": 20,
        "DAMAGE_TIME_TO_GETUP": 300,
        "DELTA_AFTER_GETUP": 10,
        "DELTA_GETUP": 2.7,
        "DELTA_LAY_CHECK": 2,
        "DELTA_WANT_LAY_CHECL_SEC": 5,
        "DIST_ENEMY_CAN_LAY": 15,
        "DIST_ENEMY_CAN_LAY_SQRT": 225,
        "DIST_ENEMY_GETUP_LAY": 10,
        "DIST_ENEMY_GETUP_LAY_SQRT": 100,
        "DIST_ENEMY_NULL_DANGER_LAY": 15,
        "DIST_ENEMY_NULL_DANGER_LAY_SQRT": 225,
        "DIST_GRASS_TERRAIN_SQRT": 0.160000011,
        "DIST_LAY_CHECK": 11,
        "DIST_TO_COVER_TO_LAY": 3.5,
        "DIST_TO_COVER_TO_LAY_SQRT": 12.25,
        "IF_NO_ENEMY": false,
        "LAY_AIM": 0.6,
        "LAY_CHANCE_DANGER": 40,
        "MAX_CAN_LAY_DIST": 200,
        "MAX_CAN_LAY_DIST_SQRT": 40000,
        "MAX_LAY_TIME": 35,
        "MIN_CAN_LAY_DIST": 11,
        "MIN_CAN_LAY_DIST_SQRT": 121,
        "SHALL_GETUP_ON_ROTATE": false,
        "SHALL_LAY_WITHOUT_CHECK": true
      },
      "Look": {
        "BODY_DELTA_TIME_SEARCH_SEC": 1.7,
        "CAN_LOOK_TO_WALL": true,
        "CAN_USE_LIGHT": false,
        "COME_TO_BODY_DIST": 1.2,
        "CloseDeltaTimeSec": 0.1,
        "DIST_CHECK_WALL": 20,
        "DIST_NOT_TO_IGNORE_WALL": 15,
        "ENEMY_LIGHT_ADD": 88,
        "ENEMY_LIGHT_START_DIST": 90,
        "FAR_DISTANCE": 700,
        "FarDeltaTimeSec": 3,
        "GOAL_TO_FULL_DISSAPEAR": 0.2,
        "GOAL_TO_FULL_DISSAPEAR_SHOOT": 0.03,
        "LOOK_AROUND_DELTA": 1.1,
        "LOOK_LAST_POSENEMY_IF_NO_DANGER_SEC": 25,
        "LightOnVisionDistance": 145,
        "MARKSMAN_VISIBLE_DIST_COEF": 1.15,
        "MAX_VISION_GRASS_METERS": 0.9,
        "MAX_VISION_GRASS_METERS_FLARE": 8,
        "MAX_VISION_GRASS_METERS_FLARE_OPT": 0.125,
        "MAX_VISION_GRASS_METERS_OPT": 0.9090909,
        "MIDDLE_DIST": 500,
        "MIDDLE_DIST_CAN_SHOOT_HEAD": true,
        "MIN_LOOK_AROUD_TIME": 20,
        "MiddleDeltaTimeSec": 1,
        "OLD_TIME_POINT": 11,
        "OPTIMIZE_TO_ONLY_BODY": true,
        "POSIBLE_VISION_SPACE": 1.2,
        "VISIBLE_DISNACE_WITH_LIGHT": 200,
        "WAIT_NEW_SENSOR": 2.1,
        "WAIT_NEW__LOOK_SENSOR": 7.8
      },
      "Mind": {
        "AGGRESSOR_LOYALTY_BONUS": 0,
        "AI_POWER_COEF": 120,
        "AMBUSH_WHEN_UNDER_FIRE": true,
        "AMBUSH_WHEN_UNDER_FIRE_TIME_RESIST": 60,
        "ATTACK_ENEMY_IF_PROTECT_DELTA_LAST_TIME_SEEN": 1.5,
        "ATTACK_IMMEDIATLY_CHANCE_0_100": 40,
        "BOSS_IGNORE_LOYALTY": true,
        "BULLET_FEEL_CLOSE_SDIST": 1,
        "BULLET_FEEL_DIST": 360,
        "CAN_PANIC_IS_PROTECT": false,
        "CAN_RECEIVE_PLAYER_REQUESTS_BEAR": false,
        "CAN_RECEIVE_PLAYER_REQUESTS_SAVAGE": false,
        "CAN_RECEIVE_PLAYER_REQUESTS_USEC": false,
        "CAN_STAND_BY": false,
        "CAN_THROW_REQUESTS": true,
        "CAN_USE_MEDS": true,
        "CHANCE_FUCK_YOU_ON_CONTACT_100": 0.01,
        "CHANCE_SHOOT_WHEN_WARN_PLAYER_100": 25,
        "CHANCE_TO_RUN_CAUSE_DAMAGE_0_100": 35,
        "CHANCE_TO_STAY_WHEN_WARN_PLAYER_100": 80,
        "COVER_DIST_COEF": 1.5,
        "COVER_SECONDS_AFTER_LOSE_VISION": 10,
        "COVER_SELF_ALWAYS_IF_DAMAGED": false,
        "DAMAGE_REDUCTION_TIME_SEC": 20,
        "DANGER_POINT_CHOOSE_COEF": 1,
        "DEFAULT_ENEMY_BEAR": true,
        "DEFAULT_ENEMY_USEC": true,
        "DEFAULT_SAVAGE_BEHAVIOUR": "Attack",
        "DIST_TO_ENEMY_YO_CAN_HEAL": 30,
        "DIST_TO_FOUND_SQRT": 400,
        "DIST_TO_STOP_RUN_ENEMY": 15,
        "DOG_FIGHT_IN": 3,
        "DOG_FIGHT_OUT": 6,
        "ENEMY_LOOK_AT_ME_ANG": 15,
        "FIND_COVER_TO_GET_POSITION_WITH_SHOOT": 2,
        "FRIEND_AGR_KILL": 0.2,
        "FRIEND_DEAD_AGR_LOW": -0.2,
        "GROUP_ANY_PHRASE_DELAY": 5,
        "GROUP_EXACTLY_PHRASE_DELAY": 20,
        "HEAL_DELAY_SEC": 5,
        "HIT_DELAY_WHEN_HAVE_SMT": -1,
        "HIT_DELAY_WHEN_PEACE": -1,
        "HIT_POINT_DETECTION": 4,
        "HOLD_IF_PROTECT_DELTA_LAST_TIME_SEEN": 8.5,
        "LASTSEEN_POINT_CHOOSE_COEF": 0.2,
        "LAST_ENEMY_LOOK_TO": 40,
        "MAX_AGGRO_BOT_DIST": 1000,
        "MAX_AGGRO_BOT_DIST_SQR": 1000000,
        "MAX_AGGRO_BOT_DIST_SQR_UPPER_LIMIT": 1000000,
        "MAX_SHOOTS_TIME": 4,
        "MAX_START_AGGRESION_COEF": 3,
        "MIN_DAMAGE_SCARE": 20,
        "MIN_SHOOTS_TIME": 2,
        "MIN_START_AGGRESION_COEF": 1,
        "NO_RUN_AWAY_FOR_SAFE": true,
        "PART_PERCENT_TO_HEAL": 0.65,
        "PISTOL_SHOTGUN_AMBUSH_DIST": 30,
        "PROTECT_DELTA_HEAL_SEC": 10,
        "PROTECT_TIME_REAL": true,
        "REVENGE_TO_GROUP": true,
        "SEC_TO_MORE_DIST_TO_RUN": 10,
        "SHOOT_INSTEAD_DOG_FIGHT": 9,
        "SIMPLE_POINT_CHOOSE_COEF": 0.4,
        "STANDART_AMBUSH_DIST": 100,
        "SUSPETION_POINT_CHANCE_ADD100": 0,
        "TALK_WITH_QUERY": true,
        "TIME_TO_FIND_ENEMY": 22,
        "TIME_TO_FORGOR_ABOUT_ENEMY_SEC": 52,
        "TIME_TO_RUN_TO_COVER_CAUSE_SHOOT_SEC": 15
      },
      "Move": {
        "BASESTART_SLOW_DIST": 1.1,
        "BASE_ROTATE_SPEED": 270,
        "BASE_SQRT_START_SERACH": 1225,
        "BASE_START_SERACH": 35,
        "CHANCE_TO_RUN_IF_NO_AMMO_0_100": 100,
        "DELTA_LAST_SEEN_ENEMY": 20,
        "DIST_TO_CAN_CHANGE_WAY": 8,
        "DIST_TO_CAN_CHANGE_WAY_SQR": 64,
        "DIST_TO_START_RAYCAST": 15,
        "DIST_TO_START_RAYCAST_SQR": 225,
        "FAR_DIST": 4,
        "FAR_DIST_SQR": 16,
        "REACH_DIST": 0.5,
        "REACH_DIST_COVER": 2,
        "REACH_DIST_RUN": 0.8,
        "RUN_IF_CANT_SHOOT": false,
        "RUN_IF_GAOL_FAR_THEN": 10,
        "RUN_TO_COVER_MIN": 2,
        "SEC_TO_CHANGE_TO_RUN": 3,
        "SLOW_COEF": 7,
        "START_SLOW_DIST": 1.5,
        "UPDATE_TIME_RECAL_WAY": 7,
        "Y_APPROXIMATION": 0.7
      },
      "Patrol": {
        "CAN_CHECK_MAGAZINE": false,
        "CHANCE_TO_CHANGE_WAY_0_100": 30,
        "CHANCE_TO_CUT_WAY_0_100": 75,
        "CHANCE_TO_SHOOT_DEADBODY": 52,
        "CHANGE_WAY_TIME": 325.1,
        "CLOSE_TO_SELECT_RESERV_WAY": 25,
        "CUT_WAY_MAX_0_1": 0.65,
        "CUT_WAY_MIN_0_1": 0.4,
        "FRIEND_SEARCH_SEC": 12,
        "LOOK_TIME_BASE": 12,
        "MAX_YDIST_TO_START_WARN_REQUEST_TO_REQUESTER": 5,
        "MIN_DIST_TO_CLOSE_TALK": 5,
        "MIN_DIST_TO_CLOSE_TALK_SQR": 25,
        "MIN_TALK_DELAY": 35,
        "RESERVE_OUT_TIME": 60,
        "RESERVE_TIME_STAY": 72,
        "SUSPETION_PLACE_LIFETIME": 7,
        "TALK_DELAY": 1.1,
        "TALK_DELAY_BIG": 45.1,
        "VISION_DIST_COEF_PEACE": 0.75
      },
      "Scattering": {
        "AMPLITUDE_FACTOR": 0.25,
        "AMPLITUDE_SPEED": 0.1,
        "BloodFall": 1.45,
        "Caution": 0.3,
        "DIST_FROM_OLD_POINT_TO_NOT_AIM": 15,
        "DIST_FROM_OLD_POINT_TO_NOT_AIM_SQRT": 225,
        "DIST_NOT_TO_SHOOT": 0.3,
        "FromShot": 0.001,
        "HandDamageAccuracySpeed": 1.3,
        "HandDamageScatteringMinMax": 0.7,
        "LayFactor": 0.1,
        "MaxScatter": 0.4,
        "MinScatter": 0.03,
        "MovingSlowCoef": 1.5,
        "PoseChnageCoef": 0.1,
        "RecoilControlCoefShootDone": 0.0003,
        "RecoilControlCoefShootDoneAuto": 0.00015,
        "RecoilYCoef": 0.0005,
        "RecoilYCoefSppedDown": -0.52,
        "RecoilYMax": 1,
        "SpeedDown": -0.3,
        "SpeedUp": 0.3,
        "SpeedUpAim": 1.4,
        "ToCaution": 0.6,
        "ToLowBotAngularSpeed": 80,
        "ToLowBotSpeed": 2.4,
        "ToSlowBotSpeed": 1.5,
        "ToStopBotAngularSpeed": 40,
        "ToUpBotSpeed": 3.6,
        "TracerCoef": 1.3,
        "WorkingScatter": 0.15
      },
      "Shoot": {
        "AUTOMATIC_FIRE_SCATTERING_COEF": 1.5,
        "BASE_AUTOMATIC_TIME": 0.2,
        "CAN_SHOOTS_TIME_TO_AMBUSH": 993,
        "CHANCE_TO_CHANGE_TO_AUTOMATIC_FIRE_100": 94,
        "CHANCE_TO_CHANGE_WEAPON": 0.1,
        "CHANCE_TO_CHANGE_WEAPON_WITH_HELMET": 0.1,
        "FAR_DIST_ENEMY": 20,
        "FAR_DIST_ENEMY_SQR": 400,
        "FAR_DIST_TO_CHANGE_WEAPON": 30,
        "FINGER_HOLD_SINGLE_SHOT": 0.14,
        "FINGER_HOLD_STATIONARY_GRENADE": 0.3,
        "HORIZONT_RECOIL_COEF": 0.02,
        "LOW_DIST_TO_CHANGE_WEAPON": 5,
        "MARKSMAN_DIST_SEK_COEF": 44,
        "MAX_DIST_COEF": 100.35,
        "MAX_RECOIL_PER_METER": 0.02,
        "NOT_TO_SEE_ENEMY_TO_WANT_RELOAD_PERCENT": 0.5,
        "NOT_TO_SEE_ENEMY_TO_WANT_RELOAD_SEC": 2,
        "NO_OFFSET_SHOOTING_FROM_PLAYER": true,
        "RECOIL_DELTA_PRESS": 0.15,
        "RECOIL_PER_METER": 0.01,
        "RECOIL_TIME_NORMALIZE": 1,
        "RELOAD_PECNET_NO_ENEMY": 0.6,
        "REPAIR_MALFUNCTION_IMMEDIATE_CHANCE": 25,
        "RUN_DIST_NO_AMMO": 25,
        "RUN_DIST_NO_AMMO_SQRT": 625,
        "SHOOT_FROM_COVER": 4,
        "SUPPRESS_BY_SHOOT_TIME": 6,
        "SUPPRESS_TRIGGERS_DOWN": 3,
        "VALIDATE_MALFUNCTION_CHANCE": 0,
        "WAIT_NEXT_SINGLE_SHOT": 0.2,
        "WAIT_NEXT_SINGLE_SHOT_LONG_MAX": 3.3,
        "WAIT_NEXT_SINGLE_SHOT_LONG_MIN": 0.4,
        "WAIT_NEXT_STATIONARY_GRENADE": 1
      }
    },
    "hard": {
      "Aiming": {
        "AIMING_TYPE": 6,
        "ANYTIME_LIGHT_WHEN_AIM_100": 10,
        "ANY_PART_SHOOT_TIME": 5,
        "BASE_HIT_AFFECTION_DELAY_SEC": 0.07,
        "BASE_HIT_AFFECTION_MAX_ANG": 2,
        "BASE_HIT_AFFECTION_MIN_ANG": 1,
        "BASE_SHIEF": 0.01,
        "BASE_SHIEF_STATIONARY_GRENADE": 1.1,
        "BETTER_PRECICING_COEF": 0.99,
        "BOTTOM_COEF": 0.01,
        "BOT_MOVE_IF_DELTA": 3.01,
        "COEF_FROM_COVER": 0.25,
        "COEF_IF_MOVE": 1,
        "DAMAGE_PANIC_TIME": 15,
        "DAMAGE_TO_DISCARD_AIM_0_100": 16,
        "DANGER_UP_POINT": 1.3,
        "DIST_TO_SHOOT_NO_OFFSET": 3,
        "DIST_TO_SHOOT_TO_CENTER": 3,
        "FIRST_CONTACT_ADD_CHANCE_100": 80,
        "FIRST_CONTACT_ADD_SEC": 0.05,
        "HARD_AIM": 0.75,
        "MAX_AIMING_UPGRADE_BY_TIME": 0.25,
        "MAX_AIM_PRECICING": 2,
        "MAX_AIM_TIME": 1.5,
        "MAX_TIME_DISCARD_AIM_SEC": 0.1,
        "MIN_DAMAGE_TO_GET_HIT_AFFETS": 1,
        "MIN_TIME_DISCARD_AIM_SEC": 0.1,
        "NEXT_SHOT_MISS_CHANCE_100": 100,
        "NEXT_SHOT_MISS_Y_OFFSET": 1,
        "OFFSET_RECAL_ANYWAY_TIME": 1,
        "PANIC_ACCURATY_COEF": 1.2,
        "PANIC_COEF": 1.2,
        "PANIC_TIME": 2,
        "RECALC_DIST": 0.7,
        "RECALC_MUST_TIME": 3,
        "RECALC_SQR_DIST": 0.48999998,
        "SCATTERING_DIST_MODIF": 0.4,
        "SCATTERING_DIST_MODIF_CLOSE": 0.6,
        "SCATTERING_HAVE_DAMAGE_COEF": 2,
        "SHOOT_TO_CHANGE_PRIORITY": 5525,
        "SHPERE_FRIENDY_FIRE_SIZE": -0.1,
        "TIME_COEF_IF_MOVE": 1.1,
        "WEAPON_ROOT_OFFSET": 0.35,
        "XZ_COEF": 0.01,
        "XZ_COEF_STATIONARY_GRENADE": 0.8
      },
      "Boss": {
        "BOSS_DIST_TO_SHOOT": 10,
        "BOSS_DIST_TO_SHOOT_SQRT": 100,
        "BOSS_DIST_TO_WARNING": 20,
        "BOSS_DIST_TO_WARNING_OUT": 25,
        "BOSS_DIST_TO_WARNING_OUT_SQRT": 625,
        "BOSS_DIST_TO_WARNING_SQRT": 400,
        "CHANCE_TO_SEND_GRENADE_100": 100,
        "CHANCE_USE_RESERVE_PATROL_100": 30,
        "COVER_TO_SEND": true,
        "DELTA_SEARCH_TIME": 18,
        "KILLA_AFTER_GRENADE_SUPPRESS_DELAY": 2,
        "KILLA_BULLET_TO_RELOAD": 15,
        "KILLA_CLOSEATTACK_DELAY": 10,
        "KILLA_CLOSEATTACK_TIMES": 3,
        "KILLA_CLOSE_ATTACK_DIST": 8,
        "KILLA_CONTUTION_TIME": 5,
        "KILLA_DEF_DIST_SQRT": 225,
        "KILLA_DIST_TO_GO_TO_SUPPRESS": 6,
        "KILLA_DITANCE_TO_BE_ENEMY_BOSS": 45,
        "KILLA_ENEMIES_TO_ATTACK": 3,
        "KILLA_HOLD_DELAY": 5,
        "KILLA_LARGE_ATTACK_DIST": 41,
        "KILLA_MIDDLE_ATTACK_DIST": 22,
        "KILLA_ONE_IS_CLOSE": 30,
        "KILLA_SEARCH_METERS": 30,
        "KILLA_SEARCH_SEC_STOP_AFTER_COMING": 25,
        "KILLA_START_SEARCH_SEC": 40,
        "KILLA_TRIGGER_DOWN_DELAY": 1,
        "KILLA_WAIT_IN_COVER_COEF": 1,
        "KILLA_Y_DELTA_TO_BE_ENEMY_BOSS": 5,
        "MAX_DIST_COVER_BOSS": 65,
        "MAX_DIST_COVER_BOSS_SQRT": 4225,
        "MAX_DIST_DECIDER_TO_SEND": 35,
        "MAX_DIST_DECIDER_TO_SEND_SQRT": 1225,
        "PERSONS_SEND": 2,
        "SHALL_WARN": true,
        "TIME_AFTER_LOSE": 15,
        "TIME_AFTER_LOSE_DELTA": 60,
        "WAIT_NO_ATTACK_SAVAGE": 10
      },
      "Change": {
        "FLASH_ACCURATY": 1.6,
        "FLASH_GAIN_SIGHT": 1.8,
        "FLASH_HEARING": 1,
        "FLASH_LAY_CHANCE": 1,
        "FLASH_PRECICING": 1.6,
        "FLASH_SCATTERING": 1.6,
        "FLASH_VISION_DIST": 0.05,
        "SMOKE_ACCURATY": 1.6,
        "SMOKE_GAIN_SIGHT": 1.6,
        "SMOKE_HEARING": 1,
        "SMOKE_LAY_CHANCE": 1.6,
        "SMOKE_PRECICING": 1.6,
        "SMOKE_SCATTERING": 1.6,
        "SMOKE_VISION_DIST": 0.6,
        "STUN_HEARING": 0.01
      },
      "Core": {
        "AccuratySpeed": 0.2,
        "AimingType": "normal",
        "CanGrenade": true,
        "CanRun": true,
        "DamageCoeff": 1,
        "GainSightCoef": 0.1,
        "HearingSense": 4.9,
        "PistolFireDistancePref": 35,
        "RifleFireDistancePref": 100,
        "ScatteringClosePerMeter": 0.12,
        "ScatteringPerMeter": 0.002,
        "ShotgunFireDistancePref": 50,
        "VisibleAngle": 188,
        "VisibleDistance": 392,
        "WaitInCoverBetweenShotsSec": 0.3
      },
      "Cover": {
        "CHANGE_RUN_TO_COVER_SEC": 5,
        "CHANGE_RUN_TO_COVER_SEC_GREANDE": 0.6,
        "CHECK_COVER_ENEMY_LOOK": false,
        "CLOSE_DIST_POINT_SQRT": 4,
        "DELTA_SEEN_FROM_COVE_LAST_POS": 15,
        "DEPENDS_Y_DIST_TO_BOT": false,
        "DIST_CANT_CHANGE_WAY": 5,
        "DIST_CANT_CHANGE_WAY_SQR": 25,
        "DIST_CHECK_SFETY": 9,
        "DOG_FIGHT_AFTER_LEAVE": 4,
        "ENEMY_DIST_TO_GO_OUT": 1,
        "GOOD_DIST_TO_POINT_COEF": 9999,
        "HIDE_TO_COVER_TIME": 1.5,
        "HITS_TO_LEAVE_COVER": 1,
        "HITS_TO_LEAVE_COVER_UNKNOWN": 1,
        "LOOK_LAST_ENEMY_POS_LOOKAROUND": 45,
        "LOOK_LAST_ENEMY_POS_MOVING": 1.5,
        "LOOK_TO_HIT_POINT_IF_LAST_ENEMY": 3,
        "MAX_DIST_OF_COVER": 4,
        "MAX_DIST_OF_COVER_SQR": 16,
        "MAX_SPOTTED_TIME_SEC": 55,
        "MIN_DEFENCE_LEVEL": -1,
        "MIN_DIST_TO_ENEMY": 9,
        "MOVE_TO_COVER_WHEN_TARGET": false,
        "NOT_LOOK_AT_WALL_IS_DANGER": true,
        "OFFSET_LOOK_ALONG_WALL_ANG": 20,
        "RETURN_TO_ATTACK_AFTER_AMBUSH_MAX": 50,
        "RETURN_TO_ATTACK_AFTER_AMBUSH_MIN": 20,
        "RUN_COVER_IF_CAN_AND_NO_ENEMIES": false,
        "RUN_IF_FAR": 15,
        "RUN_IF_FAR_SQRT": 225,
        "SHOOT_NEAR_SEC_PERIOD": 0.5,
        "SHOOT_NEAR_TO_LEAVE": 2,
        "SOUND_TO_GET_SPOTTED": 2,
        "SPOTTED_COVERS_RADIUS": 0.5,
        "SPOTTED_GRENADE_RADIUS": 16,
        "SPOTTED_GRENADE_TIME": 7,
        "STATIONARY_WEAPON_MAX_DIST_TO_USE": 25,
        "STATIONARY_WEAPON_NO_ENEMY_GETUP": 15,
        "STAY_IF_FAR": 25,
        "STAY_IF_FAR_SQRT": 625,
        "TIME_CHECK_SAFE": 2,
        "TIME_TO_MOVE_TO_COVER": 15,
        "WAIT_INT_COVER_FINDING_ENEMY": 2
      },
      "Grenade": {
        "ADD_GRENADE_AS_DANGER": 65,
        "ADD_GRENADE_AS_DANGER_SQR": 4225,
        "AMBUSH_IF_SMOKE_IN_ZONE_100": 40,
        "AMBUSH_IF_SMOKE_RETURN_TO_ATTACK_SEC": 30,
        "ANG_TYPE": 4,
        "BEWARE_TYPE": 2,
        "BE_ATTENTION_COEF": 4,
        "CAN_THROW_STRAIGHT_CONTACT": true,
        "CHANCE_RUN_FLASHED_100": 100,
        "CHANCE_TO_NOTIFY_ENEMY_GR_100": 100,
        "CHEAT_START_GRENADE_PLACE": false,
        "CLOSE_TO_SMOKE_TIME_DELTA": 5,
        "CLOSE_TO_SMOKE_TO_SHOOT": 10,
        "CLOSE_TO_SMOKE_TO_SHOOT_SQRT": 100,
        "DAMAGE_GRENADE_SUPPRESS_DELTA": 8,
        "DELTA_GRENADE_START_TIME": 0.01,
        "DELTA_NEXT_ATTEMPT": 10,
        "DELTA_NEXT_ATTEMPT_FROM_COVER": 5,
        "FLASH_GRENADE_TIME_COEF": 0.25,
        "GrenadePerMeter": 0.15,
        "GrenadePrecision": 0.1,
        "MAX_FLASHED_DIST_TO_SHOOT": 10,
        "MAX_FLASHED_DIST_TO_SHOOT_SQRT": 100,
        "MAX_THROW_POWER": 18.7,
        "MIN_DIST_NOT_TO_THROW": 8,
        "MIN_DIST_NOT_TO_THROW_SQR": 64,
        "MIN_THROW_DIST_PERCENT_0_1": 0.7,
        "MIN_THROW_GRENADE_DIST": 12,
        "MIN_THROW_GRENADE_DIST_SQRT": 144,
        "NEAR_DELTA_THROW_TIME_SEC": 2,
        "NO_RUN_FROM_AI_GRENADES": true,
        "REQUEST_DIST_MUST_THROW": 3,
        "REQUEST_DIST_MUST_THROW_SQRT": 9,
        "RUN_AWAY": 22,
        "RUN_AWAY_SQR": 484,
        "SHOOT_TO_SMOKE_CHANCE_100": 50,
        "SIZE_SPOTTED_COEF": 2,
        "SMOKE_CHECK_DELTA": 1,
        "SMOKE_SUPPRESS_DELTA": 20,
        "STOP_WHEN_THROW_GRENADE": true,
        "STRAIGHT_CONTACT_DELTA_SEC": -1,
        "STUN_SUPPRESS_DELTA": 9,
        "TIME_SHOOT_TO_FLASH": 4,
        "WAIT_TIME_TURN_AWAY": 0.2
      },
      "Hearing": {
        "BOT_CLOSE_PANIC_DIST": 1,
        "CHANCE_TO_HEAR_SIMPLE_SOUND_0_1": 0.99,
        "CLOSE_DIST": 36,
        "DEAD_BODY_SOUND_RAD": 30,
        "DISPERSION_COEF": 10,
        "DIST_PLACE_TO_FIND_POINT": 300,
        "FAR_DIST": 96,
        "HEAR_DELAY_WHEN_HAVE_SMT": 0,
        "HEAR_DELAY_WHEN_PEACE": 0,
        "LOOK_ONLY_DANGER": false,
        "LOOK_ONLY_DANGER_DELTA": 9,
        "RESET_TIMER_DIST": 17,
        "SOUND_DIR_DEEFREE": 30
      },
      "Lay": {
        "ATTACK_LAY_CHANCE": 25,
        "CHECK_SHOOT_WHEN_LAYING": false,
        "CLEAR_POINTS_OF_SCARE_SEC": 20,
        "DAMAGE_TIME_TO_GETUP": 300,
        "DELTA_AFTER_GETUP": 10,
        "DELTA_GETUP": 2.7,
        "DELTA_LAY_CHECK": 2,
        "DELTA_WANT_LAY_CHECL_SEC": 5,
        "DIST_ENEMY_CAN_LAY": 15,
        "DIST_ENEMY_CAN_LAY_SQRT": 225,
        "DIST_ENEMY_GETUP_LAY": 10,
        "DIST_ENEMY_GETUP_LAY_SQRT": 100,
        "DIST_ENEMY_NULL_DANGER_LAY": 15,
        "DIST_ENEMY_NULL_DANGER_LAY_SQRT": 225,
        "DIST_GRASS_TERRAIN_SQRT": 0.160000011,
        "DIST_LAY_CHECK": 11,
        "DIST_TO_COVER_TO_LAY": 3.5,
        "DIST_TO_COVER_TO_LAY_SQRT": 12.25,
        "IF_NO_ENEMY": false,
        "LAY_AIM": 0.6,
        "LAY_CHANCE_DANGER": 40,
        "MAX_CAN_LAY_DIST": 200,
        "MAX_CAN_LAY_DIST_SQRT": 40000,
        "MAX_LAY_TIME": 35,
        "MIN_CAN_LAY_DIST": 11,
        "MIN_CAN_LAY_DIST_SQRT": 121,
        "SHALL_GETUP_ON_ROTATE": false,
        "SHALL_LAY_WITHOUT_CHECK": true
      },
      "Look": {
        "BODY_DELTA_TIME_SEARCH_SEC": 1.7,
        "CAN_LOOK_TO_WALL": true,
        "CAN_USE_LIGHT": false,
        "COME_TO_BODY_DIST": 1.2,
        "CloseDeltaTimeSec": 0.1,
        "DIST_CHECK_WALL": 20,
        "DIST_NOT_TO_IGNORE_WALL": 15,
        "ENEMY_LIGHT_ADD": 88,
        "ENEMY_LIGHT_START_DIST": 90,
        "FAR_DISTANCE": 700,
        "FarDeltaTimeSec": 3,
        "GOAL_TO_FULL_DISSAPEAR": 0.2,
        "GOAL_TO_FULL_DISSAPEAR_SHOOT": 0.03,
        "LOOK_AROUND_DELTA": 1.1,
        "LOOK_LAST_POSENEMY_IF_NO_DANGER_SEC": 25,
        "LightOnVisionDistance": 145,
        "MARKSMAN_VISIBLE_DIST_COEF": 1.15,
        "MAX_VISION_GRASS_METERS": 0.9,
        "MAX_VISION_GRASS_METERS_FLARE": 8,
        "MAX_VISION_GRASS_METERS_FLARE_OPT": 0.125,
        "MAX_VISION_GRASS_METERS_OPT": 0.9090909,
        "MIDDLE_DIST": 500,
        "MIDDLE_DIST_CAN_SHOOT_HEAD": true,
        "MIN_LOOK_AROUD_TIME": 20,
        "MiddleDeltaTimeSec": 1,
        "OLD_TIME_POINT": 11,
        "OPTIMIZE_TO_ONLY_BODY": true,
        "POSIBLE_VISION_SPACE": 1.2,
        "VISIBLE_DISNACE_WITH_LIGHT": 200,
        "WAIT_NEW_SENSOR": 2.1,
        "WAIT_NEW__LOOK_SENSOR": 7.8
      },
      "Mind": {
        "AGGRESSOR_LOYALTY_BONUS": 0,
        "AI_POWER_COEF": 120,
        "AMBUSH_WHEN_UNDER_FIRE": true,
        "AMBUSH_WHEN_UNDER_FIRE_TIME_RESIST": 60,
        "ATTACK_ENEMY_IF_PROTECT_DELTA_LAST_TIME_SEEN": 1.5,
        "ATTACK_IMMEDIATLY_CHANCE_0_100": 40,
        "BOSS_IGNORE_LOYALTY": true,
        "BULLET_FEEL_CLOSE_SDIST": 1,
        "BULLET_FEEL_DIST": 360,
        "CAN_PANIC_IS_PROTECT": false,
        "CAN_RECEIVE_PLAYER_REQUESTS_BEAR": false,
        "CAN_RECEIVE_PLAYER_REQUESTS_SAVAGE": false,
        "CAN_RECEIVE_PLAYER_REQUESTS_USEC": false,
        "CAN_STAND_BY": false,
        "CAN_THROW_REQUESTS": true,
        "CAN_USE_MEDS": true,
        "CHANCE_FUCK_YOU_ON_CONTACT_100": 0.01,
        "CHANCE_SHOOT_WHEN_WARN_PLAYER_100": 25,
        "CHANCE_TO_RUN_CAUSE_DAMAGE_0_100": 35,
        "CHANCE_TO_STAY_WHEN_WARN_PLAYER_100": 80,
        "COVER_DIST_COEF": 1.5,
        "COVER_SECONDS_AFTER_LOSE_VISION": 10,
        "COVER_SELF_ALWAYS_IF_DAMAGED": false,
        "DAMAGE_REDUCTION_TIME_SEC": 20,
        "DANGER_POINT_CHOOSE_COEF": 1,
        "DEFAULT_ENEMY_BEAR": true,
        "DEFAULT_ENEMY_USEC": true,
        "DEFAULT_SAVAGE_BEHAVIOUR": "Attack",
        "DIST_TO_ENEMY_YO_CAN_HEAL": 30,
        "DIST_TO_FOUND_SQRT": 400,
        "DIST_TO_STOP_RUN_ENEMY": 15,
        "DOG_FIGHT_IN": 3,
        "DOG_FIGHT_OUT": 6,
        "ENEMY_LOOK_AT_ME_ANG": 15,
        "FIND_COVER_TO_GET_POSITION_WITH_SHOOT": 2,
        "FRIEND_AGR_KILL": 0.2,
        "FRIEND_DEAD_AGR_LOW": -0.2,
        "GROUP_ANY_PHRASE_DELAY": 5,
        "GROUP_EXACTLY_PHRASE_DELAY": 20,
        "HEAL_DELAY_SEC": 5,
        "HIT_DELAY_WHEN_HAVE_SMT": -1,
        "HIT_DELAY_WHEN_PEACE": -1,
        "HIT_POINT_DETECTION": 4,
        "HOLD_IF_PROTECT_DELTA_LAST_TIME_SEEN": 8.5,
        "LASTSEEN_POINT_CHOOSE_COEF": 0.2,
        "LAST_ENEMY_LOOK_TO": 40,
        "MAX_AGGRO_BOT_DIST": 1000,
        "MAX_AGGRO_BOT_DIST_SQR": 1000000,
        "MAX_AGGRO_BOT_DIST_SQR_UPPER_LIMIT": 1000000,
        "MAX_SHOOTS_TIME": 4,
        "MAX_START_AGGRESION_COEF": 3,
        "MIN_DAMAGE_SCARE": 20,
        "MIN_SHOOTS_TIME": 2,
        "MIN_START_AGGRESION_COEF": 1,
        "NO_RUN_AWAY_FOR_SAFE": true,
        "PART_PERCENT_TO_HEAL": 0.65,
        "PISTOL_SHOTGUN_AMBUSH_DIST": 30,
        "PROTECT_DELTA_HEAL_SEC": 10,
        "PROTECT_TIME_REAL": true,
        "REVENGE_TO_GROUP": true,
        "SEC_TO_MORE_DIST_TO_RUN": 10,
        "SHOOT_INSTEAD_DOG_FIGHT": 9,
        "SIMPLE_POINT_CHOOSE_COEF": 0.4,
        "STANDART_AMBUSH_DIST": 100,
        "SUSPETION_POINT_CHANCE_ADD100": 0,
        "TALK_WITH_QUERY": true,
        "TIME_TO_FIND_ENEMY": 22,
        "TIME_TO_FORGOR_ABOUT_ENEMY_SEC": 52,
        "TIME_TO_RUN_TO_COVER_CAUSE_SHOOT_SEC": 15
      },
      "Move": {
        "BASESTART_SLOW_DIST": 1.1,
        "BASE_ROTATE_SPEED": 270,
        "BASE_SQRT_START_SERACH": 1225,
        "BASE_START_SERACH": 35,
        "CHANCE_TO_RUN_IF_NO_AMMO_0_100": 100,
        "DELTA_LAST_SEEN_ENEMY": 20,
        "DIST_TO_CAN_CHANGE_WAY": 8,
        "DIST_TO_CAN_CHANGE_WAY_SQR": 64,
        "DIST_TO_START_RAYCAST": 15,
        "DIST_TO_START_RAYCAST_SQR": 225,
        "FAR_DIST": 4,
        "FAR_DIST_SQR": 16,
        "REACH_DIST": 0.5,
        "REACH_DIST_COVER": 2,
        "REACH_DIST_RUN": 0.8,
        "RUN_IF_CANT_SHOOT": false,
        "RUN_IF_GAOL_FAR_THEN": 10,
        "RUN_TO_COVER_MIN": 2,
        "SEC_TO_CHANGE_TO_RUN": 3,
        "SLOW_COEF": 7,
        "START_SLOW_DIST": 1.5,
        "UPDATE_TIME_RECAL_WAY": 7,
        "Y_APPROXIMATION": 0.7
      },
      "Patrol": {
        "CAN_CHECK_MAGAZINE": false,
        "CHANCE_TO_CHANGE_WAY_0_100": 30,
        "CHANCE_TO_CUT_WAY_0_100": 75,
        "CHANCE_TO_SHOOT_DEADBODY": 52,
        "CHANGE_WAY_TIME": 325.1,
        "CLOSE_TO_SELECT_RESERV_WAY": 25,
        "CUT_WAY_MAX_0_1": 0.65,
        "CUT_WAY_MIN_0_1": 0.4,
        "FRIEND_SEARCH_SEC": 12,
        "LOOK_TIME_BASE": 12,
        "MAX_YDIST_TO_START_WARN_REQUEST_TO_REQUESTER": 5,
        "MIN_DIST_TO_CLOSE_TALK": 5,
        "MIN_DIST_TO_CLOSE_TALK_SQR": 25,
        "MIN_TALK_DELAY": 35,
        "RESERVE_OUT_TIME": 60,
        "RESERVE_TIME_STAY": 72,
        "SUSPETION_PLACE_LIFETIME": 7,
        "TALK_DELAY": 1.1,
        "TALK_DELAY_BIG": 45.1,
        "VISION_DIST_COEF_PEACE": 0.75
      },
      "Scattering": {
        "AMPLITUDE_FACTOR": 0.25,
        "AMPLITUDE_SPEED": 0.1,
        "BloodFall": 1.45,
        "Caution": 0.3,
        "DIST_FROM_OLD_POINT_TO_NOT_AIM": 15,
        "DIST_FROM_OLD_POINT_TO_NOT_AIM_SQRT": 225,
        "DIST_NOT_TO_SHOOT": 0.3,
        "FromShot": 0.001,
        "HandDamageAccuracySpeed": 1.3,
        "HandDamageScatteringMinMax": 0.7,
        "LayFactor": 0.1,
        "MaxScatter": 0.4,
        "MinScatter": 0.03,
        "MovingSlowCoef": 1.5,
        "PoseChnageCoef": 0.1,
        "RecoilControlCoefShootDone": 0.0003,
        "RecoilControlCoefShootDoneAuto": 0.00015,
        "RecoilYCoef": 0.0005,
        "RecoilYCoefSppedDown": -0.52,
        "RecoilYMax": 1,
        "SpeedDown": -0.3,
        "SpeedUp": 0.3,
        "SpeedUpAim": 1.4,
        "ToCaution": 0.6,
        "ToLowBotAngularSpeed": 80,
        "ToLowBotSpeed": 2.4,
        "ToSlowBotSpeed": 1.5,
        "ToStopBotAngularSpeed": 40,
        "ToUpBotSpeed": 3.6,
        "TracerCoef": 1.3,
        "WorkingScatter": 0.15
      },
      "Shoot": {
        "AUTOMATIC_FIRE_SCATTERING_COEF": 1.5,
        "BASE_AUTOMATIC_TIME": 0.2,
        "CAN_SHOOTS_TIME_TO_AMBUSH": 993,
        "CHANCE_TO_CHANGE_TO_AUTOMATIC_FIRE_100": 94,
        "CHANCE_TO_CHANGE_WEAPON": 0.1,
        "CHANCE_TO_CHANGE_WEAPON_WITH_HELMET": 0.1,
        "FAR_DIST_ENEMY": 20,
        "FAR_DIST_ENEMY_SQR": 400,
        "FAR_DIST_TO_CHANGE_WEAPON": 30,
        "FINGER_HOLD_SINGLE_SHOT": 0.14,
        "FINGER_HOLD_STATIONARY_GRENADE": 0.3,
        "HORIZONT_RECOIL_COEF": 0.02,
        "LOW_DIST_TO_CHANGE_WEAPON": 5,
        "MARKSMAN_DIST_SEK_COEF": 44,
        "MAX_DIST_COEF": 100.35,
        "MAX_RECOIL_PER_METER": 0.02,
        "NOT_TO_SEE_ENEMY_TO_WANT_RELOAD_PERCENT": 0.5,
        "NOT_TO_SEE_ENEMY_TO_WANT_RELOAD_SEC": 2,
        "NO_OFFSET_SHOOTING_FROM_PLAYER": true,
        "RECOIL_DELTA_PRESS": 0.15,
        "RECOIL_PER_METER": 0.01,
        "RECOIL_TIME_NORMALIZE": 1,
        "RELOAD_PECNET_NO_ENEMY": 0.6,
        "REPAIR_MALFUNCTION_IMMEDIATE_CHANCE": 25,
        "RUN_DIST_NO_AMMO": 25,
        "RUN_DIST_NO_AMMO_SQRT": 625,
        "SHOOT_FROM_COVER": 4,
        "SUPPRESS_BY_SHOOT_TIME": 6,
        "SUPPRESS_TRIGGERS_DOWN": 3,
        "VALIDATE_MALFUNCTION_CHANCE": 0,
        "WAIT_NEXT_SINGLE_SHOT": 0.2,
        "WAIT_NEXT_SINGLE_SHOT_LONG_MAX": 3.3,
        "WAIT_NEXT_SINGLE_SHOT_LONG_MIN": 0.4,
        "WAIT_NEXT_STATIONARY_GRENADE": 1
      }
    },
    "impossible": {
      "Aiming": {
        "AIMING_TYPE": 6,
        "ANYTIME_LIGHT_WHEN_AIM_100": 10,
        "ANY_PART_SHOOT_TIME": 5,
        "BASE_HIT_AFFECTION_DELAY_SEC": 0.07,
        "BASE_HIT_AFFECTION_MAX_ANG": 2,
        "BASE_HIT_AFFECTION_MIN_ANG": 1,
        "BASE_SHIEF": 0.01,
        "BASE_SHIEF_STATIONARY_GRENADE": 1.1,
        "BETTER_PRECICING_COEF": 0.99,
        "BOTTOM_COEF": 0.01,
        "BOT_MOVE_IF_DELTA": 3.01,
        "COEF_FROM_COVER": 0.25,
        "COEF_IF_MOVE": 1,
        "DAMAGE_PANIC_TIME": 15,
        "DAMAGE_TO_DISCARD_AIM_0_100": 16,
        "DANGER_UP_POINT": 1.3,
        "DIST_TO_SHOOT_NO_OFFSET": 3,
        "DIST_TO_SHOOT_TO_CENTER": 3,
        "FIRST_CONTACT_ADD_CHANCE_100": 80,
        "FIRST_CONTACT_ADD_SEC": 0.05,
        "HARD_AIM": 0.75,
        "MAX_AIMING_UPGRADE_BY_TIME": 0.25,
        "MAX_AIM_PRECICING": 2,
        "MAX_AIM_TIME": 1.5,
        "MAX_TIME_DISCARD_AIM_SEC": 0.1,
        "MIN_DAMAGE_TO_GET_HIT_AFFETS": 1,
        "MIN_TIME_DISCARD_AIM_SEC": 0.1,
        "NEXT_SHOT_MISS_CHANCE_100": 100,
        "NEXT_SHOT_MISS_Y_OFFSET": 1,
        "OFFSET_RECAL_ANYWAY_TIME": 1,
        "PANIC_ACCURATY_COEF": 1.2,
        "PANIC_COEF": 1.2,
        "PANIC_TIME": 2,
        "RECALC_DIST": 0.7,
        "RECALC_MUST_TIME": 3,
        "RECALC_SQR_DIST": 0.48999998,
        "SCATTERING_DIST_MODIF": 0.4,
        "SCATTERING_DIST_MODIF_CLOSE": 0.6,
        "SCATTERING_HAVE_DAMAGE_COEF": 2,
        "SHOOT_TO_CHANGE_PRIORITY": 5525,
        "SHPERE_FRIENDY_FIRE_SIZE": -0.1,
        "TIME_COEF_IF_MOVE": 1.1,
        "WEAPON_ROOT_OFFSET": 0.35,
        "XZ_COEF": 0.01,
        "XZ_COEF_STATIONARY_GRENADE": 0.8
      },
      "Boss": {
        "BOSS_DIST_TO_SHOOT": 10,
        "BOSS_DIST_TO_SHOOT_SQRT": 100,
        "BOSS_DIST_TO_WARNING": 20,
        "BOSS_DIST_TO_WARNING_OUT": 25,
        "BOSS_DIST_TO_WARNING_OUT_SQRT": 625,
        "BOSS_DIST_TO_WARNING_SQRT": 400,
        "CHANCE_TO_SEND_GRENADE_100": 100,
        "CHANCE_USE_RESERVE_PATROL_100": 30,
        "COVER_TO_SEND": true,
        "DELTA_SEARCH_TIME": 18,
        "KILLA_AFTER_GRENADE_SUPPRESS_DELAY": 2,
        "KILLA_BULLET_TO_RELOAD": 15,
        "KILLA_CLOSEATTACK_DELAY": 10,
        "KILLA_CLOSEATTACK_TIMES": 3,
        "KILLA_CLOSE_ATTACK_DIST": 8,
        "KILLA_CONTUTION_TIME": 5,
        "KILLA_DEF_DIST_SQRT": 225,
        "KILLA_DIST_TO_GO_TO_SUPPRESS": 6,
        "KILLA_DITANCE_TO_BE_ENEMY_BOSS": 45,
        "KILLA_ENEMIES_TO_ATTACK": 3,
        "KILLA_HOLD_DELAY": 5,
        "KILLA_LARGE_ATTACK_DIST": 41,
        "KILLA_MIDDLE_ATTACK_DIST": 22,
        "KILLA_ONE_IS_CLOSE": 30,
        "KILLA_SEARCH_METERS": 30,
        "KILLA_SEARCH_SEC_STOP_AFTER_COMING": 25,
        "KILLA_START_SEARCH_SEC": 40,
        "KILLA_TRIGGER_DOWN_DELAY": 1,
        "KILLA_WAIT_IN_COVER_COEF": 1,
        "KILLA_Y_DELTA_TO_BE_ENEMY_BOSS": 5,
        "MAX_DIST_COVER_BOSS": 65,
        "MAX_DIST_COVER_BOSS_SQRT": 4225,
        "MAX_DIST_DECIDER_TO_SEND": 35,
        "MAX_DIST_DECIDER_TO_SEND_SQRT": 1225,
        "PERSONS_SEND": 2,
        "SHALL_WARN": true,
        "TIME_AFTER_LOSE": 15,
        "TIME_AFTER_LOSE_DELTA": 60,
        "WAIT_NO_ATTACK_SAVAGE": 10
      },
      "Change": {
        "FLASH_ACCURATY": 1.6,
        "FLASH_GAIN_SIGHT": 1.8,
        "FLASH_HEARING": 1,
        "FLASH_LAY_CHANCE": 1,
        "FLASH_PRECICING": 1.6,
        "FLASH_SCATTERING": 1.6,
        "FLASH_VISION_DIST": 0.05,
        "SMOKE_ACCURATY": 1.6,
        "SMOKE_GAIN_SIGHT": 1.6,
        "SMOKE_HEARING": 1,
        "SMOKE_LAY_CHANCE": 1.6,
        "SMOKE_PRECICING": 1.6,
        "SMOKE_SCATTERING": 1.6,
        "SMOKE_VISION_DIST": 0.6,
        "STUN_HEARING": 0.01
      },
      "Core": {
        "AccuratySpeed": 0.2,
        "AimingType": "normal",
        "CanGrenade": true,
        "CanRun": true,
        "DamageCoeff": 1,
        "GainSightCoef": 0.1,
        "HearingSense": 4.9,
        "PistolFireDistancePref": 35,
        "RifleFireDistancePref": 100,
        "ScatteringClosePerMeter": 0.12,
        "ScatteringPerMeter": 0.002,
        "ShotgunFireDistancePref": 50,
        "VisibleAngle": 188,
        "VisibleDistance": 392,
        "WaitInCoverBetweenShotsSec": 0.3
      },
      "Cover": {
        "CHANGE_RUN_TO_COVER_SEC": 5,
        "CHANGE_RUN_TO_COVER_SEC_GREANDE": 0.6,
        "CHECK_COVER_ENEMY_LOOK": false,
        "CLOSE_DIST_POINT_SQRT": 4,
        "DELTA_SEEN_FROM_COVE_LAST_POS": 15,
        "DEPENDS_Y_DIST_TO_BOT": false,
        "DIST_CANT_CHANGE_WAY": 5,
        "DIST_CANT_CHANGE_WAY_SQR": 25,
        "DIST_CHECK_SFETY": 9,
        "DOG_FIGHT_AFTER_LEAVE": 4,
        "ENEMY_DIST_TO_GO_OUT": 1,
        "GOOD_DIST_TO_POINT_COEF": 9999,
        "HIDE_TO_COVER_TIME": 1.5,
        "HITS_TO_LEAVE_COVER": 1,
        "HITS_TO_LEAVE_COVER_UNKNOWN": 1,
        "LOOK_LAST_ENEMY_POS_LOOKAROUND": 45,
        "LOOK_LAST_ENEMY_POS_MOVING": 1.5,
        "LOOK_TO_HIT_POINT_IF_LAST_ENEMY": 3,
        "MAX_DIST_OF_COVER": 4,
        "MAX_DIST_OF_COVER_SQR": 16,
        "MAX_SPOTTED_TIME_SEC": 55,
        "MIN_DEFENCE_LEVEL": -1,
        "MIN_DIST_TO_ENEMY": 9,
        "MOVE_TO_COVER_WHEN_TARGET": false,
        "NOT_LOOK_AT_WALL_IS_DANGER": true,
        "OFFSET_LOOK_ALONG_WALL_ANG": 20,
        "RETURN_TO_ATTACK_AFTER_AMBUSH_MAX": 50,
        "RETURN_TO_ATTACK_AFTER_AMBUSH_MIN": 20,
        "RUN_COVER_IF_CAN_AND_NO_ENEMIES": false,
        "RUN_IF_FAR": 15,
        "RUN_IF_FAR_SQRT": 225,
        "SHOOT_NEAR_SEC_PERIOD": 0.5,
        "SHOOT_NEAR_TO_LEAVE": 2,
        "SOUND_TO_GET_SPOTTED": 2,
        "SPOTTED_COVERS_RADIUS": 0.5,
        "SPOTTED_GRENADE_RADIUS": 16,
        "SPOTTED_GRENADE_TIME": 7,
        "STATIONARY_WEAPON_MAX_DIST_TO_USE": 25,
        "STATIONARY_WEAPON_NO_ENEMY_GETUP": 15,
        "STAY_IF_FAR": 25,
        "STAY_IF_FAR_SQRT": 625,
        "TIME_CHECK_SAFE": 2,
        "TIME_TO_MOVE_TO_COVER": 15,
        "WAIT_INT_COVER_FINDING_ENEMY": 2
      },
      "Grenade": {
        "ADD_GRENADE_AS_DANGER": 65,
        "ADD_GRENADE_AS_DANGER_SQR": 4225,
        "AMBUSH_IF_SMOKE_IN_ZONE_100": 40,
        "AMBUSH_IF_SMOKE_RETURN_TO_ATTACK_SEC": 30,
        "ANG_TYPE": 4,
        "BEWARE_TYPE": 2,
        "BE_ATTENTION_COEF": 4,
        "CAN_THROW_STRAIGHT_CONTACT": true,
        "CHANCE_RUN_FLASHED_100": 100,
        "CHANCE_TO_NOTIFY_ENEMY_GR_100": 100,
        "CHEAT_START_GRENADE_PLACE": false,
        "CLOSE_TO_SMOKE_TIME_DELTA": 5,
        "CLOSE_TO_SMOKE_TO_SHOOT": 10,
        "CLOSE_TO_SMOKE_TO_SHOOT_SQRT": 100,
        "DAMAGE_GRENADE_SUPPRESS_DELTA": 8,
        "DELTA_GRENADE_START_TIME": 0.01,
        "DELTA_NEXT_ATTEMPT": 10,
        "DELTA_NEXT_ATTEMPT_FROM_COVER": 5,
        "FLASH_GRENADE_TIME_COEF": 0.25,
        "GrenadePerMeter": 0.15,
        "GrenadePrecision": 0.1,
        "MAX_FLASHED_DIST_TO_SHOOT": 10,
        "MAX_FLASHED_DIST_TO_SHOOT_SQRT": 100,
        "MAX_THROW_POWER": 18.7,
        "MIN_DIST_NOT_TO_THROW": 8,
        "MIN_DIST_NOT_TO_THROW_SQR": 64,
        "MIN_THROW_DIST_PERCENT_0_1": 0.7,
        "MIN_THROW_GRENADE_DIST": 12,
        "MIN_THROW_GRENADE_DIST_SQRT": 144,
        "NEAR_DELTA_THROW_TIME_SEC": 2,
        "NO_RUN_FROM_AI_GRENADES": true,
        "REQUEST_DIST_MUST_THROW": 3,
        "REQUEST_DIST_MUST_THROW_SQRT": 9,
        "RUN_AWAY": 22,
        "RUN_AWAY_SQR": 484,
        "SHOOT_TO_SMOKE_CHANCE_100": 50,
        "SIZE_SPOTTED_COEF": 2,
        "SMOKE_CHECK_DELTA": 1,
        "SMOKE_SUPPRESS_DELTA": 20,
        "STOP_WHEN_THROW_GRENADE": true,
        "STRAIGHT_CONTACT_DELTA_SEC": -1,
        "STUN_SUPPRESS_DELTA": 9,
        "TIME_SHOOT_TO_FLASH": 4,
        "WAIT_TIME_TURN_AWAY": 0.2
      },
      "Hearing": {
        "BOT_CLOSE_PANIC_DIST": 1,
        "CHANCE_TO_HEAR_SIMPLE_SOUND_0_1": 0.99,
        "CLOSE_DIST": 36,
        "DEAD_BODY_SOUND_RAD": 30,
        "DISPERSION_COEF": 10,
        "DIST_PLACE_TO_FIND_POINT": 300,
        "FAR_DIST": 96,
        "HEAR_DELAY_WHEN_HAVE_SMT": 0,
        "HEAR_DELAY_WHEN_PEACE": 0,
        "LOOK_ONLY_DANGER": false,
        "LOOK_ONLY_DANGER_DELTA": 9,
        "RESET_TIMER_DIST": 17,
        "SOUND_DIR_DEEFREE": 30
      },
      "Lay": {
        "ATTACK_LAY_CHANCE": 25,
        "CHECK_SHOOT_WHEN_LAYING": false,
        "CLEAR_POINTS_OF_SCARE_SEC": 20,
        "DAMAGE_TIME_TO_GETUP": 300,
        "DELTA_AFTER_GETUP": 10,
        "DELTA_GETUP": 2.7,
        "DELTA_LAY_CHECK": 2,
        "DELTA_WANT_LAY_CHECL_SEC": 5,
        "DIST_ENEMY_CAN_LAY": 15,
        "DIST_ENEMY_CAN_LAY_SQRT": 225,
        "DIST_ENEMY_GETUP_LAY": 10,
        "DIST_ENEMY_GETUP_LAY_SQRT": 100,
        "DIST_ENEMY_NULL_DANGER_LAY": 15,
        "DIST_ENEMY_NULL_DANGER_LAY_SQRT": 225,
        "DIST_GRASS_TERRAIN_SQRT": 0.160000011,
        "DIST_LAY_CHECK": 11,
        "DIST_TO_COVER_TO_LAY": 3.5,
        "DIST_TO_COVER_TO_LAY_SQRT": 12.25,
        "IF_NO_ENEMY": false,
        "LAY_AIM": 0.6,
        "LAY_CHANCE_DANGER": 40,
        "MAX_CAN_LAY_DIST": 200,
        "MAX_CAN_LAY_DIST_SQRT": 40000,
        "MAX_LAY_TIME": 35,
        "MIN_CAN_LAY_DIST": 11,
        "MIN_CAN_LAY_DIST_SQRT": 121,
        "SHALL_GETUP_ON_ROTATE": false,
        "SHALL_LAY_WITHOUT_CHECK": true
      },
      "Look": {
        "BODY_DELTA_TIME_SEARCH_SEC": 1.7,
        "CAN_LOOK_TO_WALL": true,
        "CAN_USE_LIGHT": false,
        "COME_TO_BODY_DIST": 1.2,
        "CloseDeltaTimeSec": 0.1,
        "DIST_CHECK_WALL": 20,
        "DIST_NOT_TO_IGNORE_WALL": 15,
        "ENEMY_LIGHT_ADD": 88,
        "ENEMY_LIGHT_START_DIST": 90,
        "FAR_DISTANCE": 700,
        "FarDeltaTimeSec": 3,
        "GOAL_TO_FULL_DISSAPEAR": 0.2,
        "GOAL_TO_FULL_DISSAPEAR_SHOOT": 0.03,
        "LOOK_AROUND_DELTA": 1.1,
        "LOOK_LAST_POSENEMY_IF_NO_DANGER_SEC": 25,
        "LightOnVisionDistance": 145,
        "MARKSMAN_VISIBLE_DIST_COEF": 1.15,
        "MAX_VISION_GRASS_METERS": 0.9,
        "MAX_VISION_GRASS_METERS_FLARE": 8,
        "MAX_VISION_GRASS_METERS_FLARE_OPT": 0.125,
        "MAX_VISION_GRASS_METERS_OPT": 0.9090909,
        "MIDDLE_DIST": 500,
        "MIDDLE_DIST_CAN_SHOOT_HEAD": true,
        "MIN_LOOK_AROUD_TIME": 20,
        "MiddleDeltaTimeSec": 1,
        "OLD_TIME_POINT": 11,
        "OPTIMIZE_TO_ONLY_BODY": true,
        "POSIBLE_VISION_SPACE": 1.2,
        "VISIBLE_DISNACE_WITH_LIGHT": 200,
        "WAIT_NEW_SENSOR": 2.1,
        "WAIT_NEW__LOOK_SENSOR": 7.8
      },
      "Mind": {
        "AGGRESSOR_LOYALTY_BONUS": 0,
        "AI_POWER_COEF": 120,
        "AMBUSH_WHEN_UNDER_FIRE": true,
        "AMBUSH_WHEN_UNDER_FIRE_TIME_RESIST": 60,
        "ATTACK_ENEMY_IF_PROTECT_DELTA_LAST_TIME_SEEN": 1.5,
        "ATTACK_IMMEDIATLY_CHANCE_0_100": 40,
        "BOSS_IGNORE_LOYALTY": true,
        "BULLET_FEEL_CLOSE_SDIST": 1,
        "BULLET_FEEL_DIST": 360,
        "CAN_PANIC_IS_PROTECT": false,
        "CAN_RECEIVE_PLAYER_REQUESTS_BEAR": false,
        "CAN_RECEIVE_PLAYER_REQUESTS_SAVAGE": false,
        "CAN_RECEIVE_PLAYER_REQUESTS_USEC": false,
        "CAN_STAND_BY": false,
        "CAN_THROW_REQUESTS": true,
        "CAN_USE_MEDS": true,
        "CHANCE_FUCK_YOU_ON_CONTACT_100": 0.01,
        "CHANCE_SHOOT_WHEN_WARN_PLAYER_100": 25,
        "CHANCE_TO_RUN_CAUSE_DAMAGE_0_100": 35,
        "CHANCE_TO_STAY_WHEN_WARN_PLAYER_100": 80,
        "COVER_DIST_COEF": 1.5,
        "COVER_SECONDS_AFTER_LOSE_VISION": 10,
        "COVER_SELF_ALWAYS_IF_DAMAGED": false,
        "DAMAGE_REDUCTION_TIME_SEC": 20,
        "DANGER_POINT_CHOOSE_COEF": 1,
        "DEFAULT_ENEMY_BEAR": true,
        "DEFAULT_ENEMY_USEC": true,
        "DEFAULT_SAVAGE_BEHAVIOUR": "Attack",
        "DIST_TO_ENEMY_YO_CAN_HEAL": 30,
        "DIST_TO_FOUND_SQRT": 400,
        "DIST_TO_STOP_RUN_ENEMY": 15,
        "DOG_FIGHT_IN": 3,
        "DOG_FIGHT_OUT": 6,
        "ENEMY_LOOK_AT_ME_ANG": 15,
        "FIND_COVER_TO_GET_POSITION_WITH_SHOOT": 2,
        "FRIEND_AGR_KILL": 0.2,
        "FRIEND_DEAD_AGR_LOW": -0.2,
        "GROUP_ANY_PHRASE_DELAY": 5,
        "GROUP_EXACTLY_PHRASE_DELAY": 20,
        "HEAL_DELAY_SEC": 5,
        "HIT_DELAY_WHEN_HAVE_SMT": -1,
        "HIT_DELAY_WHEN_PEACE": -1,
        "HIT_POINT_DETECTION": 4,
        "HOLD_IF_PROTECT_DELTA_LAST_TIME_SEEN": 8.5,
        "LASTSEEN_POINT_CHOOSE_COEF": 0.2,
        "LAST_ENEMY_LOOK_TO": 40,
        "MAX_AGGRO_BOT_DIST": 1000,
        "MAX_AGGRO_BOT_DIST_SQR": 1000000,
        "MAX_AGGRO_BOT_DIST_SQR_UPPER_LIMIT": 1000000,
        "MAX_SHOOTS_TIME": 4,
        "MAX_START_AGGRESION_COEF": 3,
        "MIN_DAMAGE_SCARE": 20,
        "MIN_SHOOTS_TIME": 2,
        "MIN_START_AGGRESION_COEF": 1,
        "NO_RUN_AWAY_FOR_SAFE": true,
        "PART_PERCENT_TO_HEAL": 0.65,
        "PISTOL_SHOTGUN_AMBUSH_DIST": 30,
        "PROTECT_DELTA_HEAL_SEC": 10,
        "PROTECT_TIME_REAL": true,
        "REVENGE_TO_GROUP": true,
        "SEC_TO_MORE_DIST_TO_RUN": 10,
        "SHOOT_INSTEAD_DOG_FIGHT": 9,
        "SIMPLE_POINT_CHOOSE_COEF": 0.4,
        "STANDART_AMBUSH_DIST": 100,
        "SUSPETION_POINT_CHANCE_ADD100": 0,
        "TALK_WITH_QUERY": true,
        "TIME_TO_FIND_ENEMY": 22,
        "TIME_TO_FORGOR_ABOUT_ENEMY_SEC": 52,
        "TIME_TO_RUN_TO_COVER_CAUSE_SHOOT_SEC": 15
      },
      "Move": {
        "BASESTART_SLOW_DIST": 1.1,
        "BASE_ROTATE_SPEED": 270,
        "BASE_SQRT_START_SERACH": 1225,
        "BASE_START_SERACH": 35,
        "CHANCE_TO_RUN_IF_NO_AMMO_0_100": 100,
        "DELTA_LAST_SEEN_ENEMY": 20,
        "DIST_TO_CAN_CHANGE_WAY": 8,
        "DIST_TO_CAN_CHANGE_WAY_SQR": 64,
        "DIST_TO_START_RAYCAST": 15,
        "DIST_TO_START_RAYCAST_SQR": 225,
        "FAR_DIST": 4,
        "FAR_DIST_SQR": 16,
        "REACH_DIST": 0.5,
        "REACH_DIST_COVER": 2,
        "REACH_DIST_RUN": 0.8,
        "RUN_IF_CANT_SHOOT": false,
        "RUN_IF_GAOL_FAR_THEN": 10,
        "RUN_TO_COVER_MIN": 2,
        "SEC_TO_CHANGE_TO_RUN": 3,
        "SLOW_COEF": 7,
        "START_SLOW_DIST": 1.5,
        "UPDATE_TIME_RECAL_WAY": 7,
        "Y_APPROXIMATION": 0.7
      },
      "Patrol": {
        "CAN_CHECK_MAGAZINE": false,
        "CHANCE_TO_CHANGE_WAY_0_100": 30,
        "CHANCE_TO_CUT_WAY_0_100": 75,
        "CHANCE_TO_SHOOT_DEADBODY": 52,
        "CHANGE_WAY_TIME": 325.1,
        "CLOSE_TO_SELECT_RESERV_WAY": 25,
        "CUT_WAY_MAX_0_1": 0.65,
        "CUT_WAY_MIN_0_1": 0.4,
        "FRIEND_SEARCH_SEC": 12,
        "LOOK_TIME_BASE": 12,
        "MAX_YDIST_TO_START_WARN_REQUEST_TO_REQUESTER": 5,
        "MIN_DIST_TO_CLOSE_TALK": 5,
        "MIN_DIST_TO_CLOSE_TALK_SQR": 25,
        "MIN_TALK_DELAY": 35,
        "RESERVE_OUT_TIME": 60,
        "RESERVE_TIME_STAY": 72,
        "SUSPETION_PLACE_LIFETIME": 7,
        "TALK_DELAY": 1.1,
        "TALK_DELAY_BIG": 45.1,
        "VISION_DIST_COEF_PEACE": 0.75
      },
      "Scattering": {
        "AMPLITUDE_FACTOR": 0.25,
        "AMPLITUDE_SPEED": 0.1,
        "BloodFall": 1.45,
        "Caution": 0.3,
        "DIST_FROM_OLD_POINT_TO_NOT_AIM": 15,
        "DIST_FROM_OLD_POINT_TO_NOT_AIM_SQRT": 225,
        "DIST_NOT_TO_SHOOT": 0.3,
        "FromShot": 0.001,
        "HandDamageAccuracySpeed": 1.3,
        "HandDamageScatteringMinMax": 0.7,
        "LayFactor": 0.1,
        "MaxScatter": 0.4,
        "MinScatter": 0.03,
        "MovingSlowCoef": 1.5,
        "PoseChnageCoef": 0.1,
        "RecoilControlCoefShootDone": 0.0003,
        "RecoilControlCoefShootDoneAuto": 0.00015,
        "RecoilYCoef": 0.0005,
        "RecoilYCoefSppedDown": -0.52,
        "RecoilYMax": 1,
        "SpeedDown": -0.3,
        "SpeedUp": 0.3,
        "SpeedUpAim": 1.4,
        "ToCaution": 0.6,
        "ToLowBotAngularSpeed": 80,
        "ToLowBotSpeed": 2.4,
        "ToSlowBotSpeed": 1.5,
        "ToStopBotAngularSpeed": 40,
        "ToUpBotSpeed": 3.6,
        "TracerCoef": 1.3,
        "WorkingScatter": 0.15
      },
      "Shoot": {
        "AUTOMATIC_FIRE_SCATTERING_COEF": 1.5,
        "BASE_AUTOMATIC_TIME": 0.2,
        "CAN_SHOOTS_TIME_TO_AMBUSH": 993,
        "CHANCE_TO_CHANGE_TO_AUTOMATIC_FIRE_100": 94,
        "CHANCE_TO_CHANGE_WEAPON": 0.1,
        "CHANCE_TO_CHANGE_WEAPON_WITH_HELMET": 0.1,
        "FAR_DIST_ENEMY": 20,
        "FAR_DIST_ENEMY_SQR": 400,
        "FAR_DIST_TO_CHANGE_WEAPON": 30,
        "FINGER_HOLD_SINGLE_SHOT": 0.14,
        "FINGER_HOLD_STATIONARY_GRENADE": 0.3,
        "HORIZONT_RECOIL_COEF": 0.02,
        "LOW_DIST_TO_CHANGE_WEAPON": 5,
        "MARKSMAN_DIST_SEK_COEF": 44,
        "MAX_DIST_COEF": 100.35,
        "MAX_RECOIL_PER_METER": 0.02,
        "NOT_TO_SEE_ENEMY_TO_WANT_RELOAD_PERCENT": 0.5,
        "NOT_TO_SEE_ENEMY_TO_WANT_RELOAD_SEC": 2,
        "NO_OFFSET_SHOOTING_FROM_PLAYER": true,
        "RECOIL_DELTA_PRESS": 0.15,
        "RECOIL_PER_METER": 0.01,
        "RECOIL_TIME_NORMALIZE": 1,
        "RELOAD_PECNET_NO_ENEMY": 0.6,
        "REPAIR_MALFUNCTION_IMMEDIATE_CHANCE": 25,
        "RUN_DIST_NO_AMMO": 25,
        "RUN_DIST_NO_AMMO_SQRT": 625,
        "SHOOT_FROM_COVER": 4,
        "SUPPRESS_BY_SHOOT_TIME": 6,
        "SUPPRESS_TRIGGERS_DOWN": 3,
        "VALIDATE_MALFUNCTION_CHANCE": 0,
        "WAIT_NEXT_SINGLE_SHOT": 0.2,
        "WAIT_NEXT_SINGLE_SHOT_LONG_MAX": 3.3,
        "WAIT_NEXT_SINGLE_SHOT_LONG_MIN": 0.4,
        "WAIT_NEXT_STATIONARY_GRENADE": 1
      }
    },
    "normal": {
      "Aiming": {
        "AIMING_TYPE": 6,
        "ANYTIME_LIGHT_WHEN_AIM_100": 10,
        "ANY_PART_SHOOT_TIME": 5,
        "BASE_HIT_AFFECTION_DELAY_SEC": 0.07,
        "BASE_HIT_AFFECTION_MAX_ANG": 2,
        "BASE_HIT_AFFECTION_MIN_ANG": 1,
        "BASE_SHIEF": 0.01,
        "BASE_SHIEF_STATIONARY_GRENADE": 1.1,
        "BETTER_PRECICING_COEF": 0.99,
        "BOTTOM_COEF": 0.01,
        "BOT_MOVE_IF_DELTA": 3.01,
        "COEF_FROM_COVER": 0.25,
        "COEF_IF_MOVE": 1,
        "DAMAGE_PANIC_TIME": 15,
        "DAMAGE_TO_DISCARD_AIM_0_100": 16,
        "DANGER_UP_POINT": 1.3,
        "DIST_TO_SHOOT_NO_OFFSET": 3,
        "DIST_TO_SHOOT_TO_CENTER": 3,
        "FIRST_CONTACT_ADD_CHANCE_100": 80,
        "FIRST_CONTACT_ADD_SEC": 0.05,
        "HARD_AIM": 0.75,
        "MAX_AIMING_UPGRADE_BY_TIME": 0.25,
        "MAX_AIM_PRECICING": 2,
        "MAX_AIM_TIME": 1.5,
        "MAX_TIME_DISCARD_AIM_SEC": 0.1,
        "MIN_DAMAGE_TO_GET_HIT_AFFETS": 1,
        "MIN_TIME_DISCARD_AIM_SEC": 0.1,
        "NEXT_SHOT_MISS_CHANCE_100": 100,
        "NEXT_SHOT_MISS_Y_OFFSET": 1,
        "OFFSET_RECAL_ANYWAY_TIME": 1,
        "PANIC_ACCURATY_COEF": 1.2,
        "PANIC_COEF": 1.2,
        "PANIC_TIME": 2,
        "RECALC_DIST": 0.7,
        "RECALC_MUST_TIME": 3,
        "RECALC_SQR_DIST": 0.48999998,
        "SCATTERING_DIST_MODIF": 0.4,
        "SCATTERING_DIST_MODIF_CLOSE": 0.6,
        "SCATTERING_HAVE_DAMAGE_COEF": 2,
        "SHOOT_TO_CHANGE_PRIORITY": 5525,
        "SHPERE_FRIENDY_FIRE_SIZE": -0.1,
        "TIME_COEF_IF_MOVE": 1.1,
        "WEAPON_ROOT_OFFSET": 0.35,
        "XZ_COEF": 0.01,
        "XZ_COEF_STATIONARY_GRENADE": 0.8
      },
      "Boss": {
        "BOSS_DIST_TO_SHOOT": 10,
        "BOSS_DIST_TO_SHOOT_SQRT": 100,
        "BOSS_DIST_TO_WARNING": 20,
        "BOSS_DIST_TO_WARNING_OUT": 25,
        "BOSS_DIST_TO_WARNING_OUT_SQRT": 625,
        "BOSS_DIST_TO_WARNING_SQRT": 400,
        "CHANCE_TO_SEND_GRENADE_100": 100,
        "CHANCE_USE_RESERVE_PATROL_100": 30,
        "COVER_TO_SEND": true,
        "DELTA_SEARCH_TIME": 18,
        "KILLA_AFTER_GRENADE_SUPPRESS_DELAY": 2,
        "KILLA_BULLET_TO_RELOAD": 15,
        "KILLA_CLOSEATTACK_DELAY": 10,
        "KILLA_CLOSEATTACK_TIMES": 3,
        "KILLA_CLOSE_ATTACK_DIST": 8,
        "KILLA_CONTUTION_TIME": 5,
        "KILLA_DEF_DIST_SQRT": 225,
        "KILLA_DIST_TO_GO_TO_SUPPRESS": 6,
        "KILLA_DITANCE_TO_BE_ENEMY_BOSS": 45,
        "KILLA_ENEMIES_TO_ATTACK": 3,
        "KILLA_HOLD_DELAY": 5,
        "KILLA_LARGE_ATTACK_DIST": 41,
        "KILLA_MIDDLE_ATTACK_DIST": 22,
        "KILLA_ONE_IS_CLOSE": 30,
        "KILLA_SEARCH_METERS": 30,
        "KILLA_SEARCH_SEC_STOP_AFTER_COMING": 25,
        "KILLA_START_SEARCH_SEC": 40,
        "KILLA_TRIGGER_DOWN_DELAY": 1,
        "KILLA_WAIT_IN_COVER_COEF": 1,
        "KILLA_Y_DELTA_TO_BE_ENEMY_BOSS": 5,
        "MAX_DIST_COVER_BOSS": 65,
        "MAX_DIST_COVER_BOSS_SQRT": 4225,
        "MAX_DIST_DECIDER_TO_SEND": 35,
        "MAX_DIST_DECIDER_TO_SEND_SQRT": 1225,
        "PERSONS_SEND": 2,
        "SHALL_WARN": true,
        "TIME_AFTER_LOSE": 15,
        "TIME_AFTER_LOSE_DELTA": 60,
        "WAIT_NO_ATTACK_SAVAGE": 10
      },
      "Change": {
        "FLASH_ACCURATY": 1.6,
        "FLASH_GAIN_SIGHT": 1.8,
        "FLASH_HEARING": 1,
        "FLASH_LAY_CHANCE": 1,
        "FLASH_PRECICING": 1.6,
        "FLASH_SCATTERING": 1.6,
        "FLASH_VISION_DIST": 0.05,
        "SMOKE_ACCURATY": 1.6,
        "SMOKE_GAIN_SIGHT": 1.6,
        "SMOKE_HEARING": 1,
        "SMOKE_LAY_CHANCE": 1.6,
        "SMOKE_PRECICING": 1.6,
        "SMOKE_SCATTERING": 1.6,
        "SMOKE_VISION_DIST": 0.6,
        "STUN_HEARING": 0.01
      },
      "Core": {
        "AccuratySpeed": 0.2,
        "AimingType": "normal",
        "CanGrenade": true,
        "CanRun": true,
        "DamageCoeff": 1,
        "GainSightCoef": 0.1,
        "HearingSense": 4.9,
        "PistolFireDistancePref": 35,
        "RifleFireDistancePref": 100,
        "ScatteringClosePerMeter": 0.12,
        "ScatteringPerMeter": 0.002,
        "ShotgunFireDistancePref": 50,
        "VisibleAngle": 188,
        "VisibleDistance": 392,
        "WaitInCoverBetweenShotsSec": 0.3
      },
      "Cover": {
        "CHANGE_RUN_TO_COVER_SEC": 5,
        "CHANGE_RUN_TO_COVER_SEC_GREANDE": 0.6,
        "CHECK_COVER_ENEMY_LOOK": false,
        "CLOSE_DIST_POINT_SQRT": 4,
        "DELTA_SEEN_FROM_COVE_LAST_POS": 15,
        "DEPENDS_Y_DIST_TO_BOT": false,
        "DIST_CANT_CHANGE_WAY": 5,
        "DIST_CANT_CHANGE_WAY_SQR": 25,
        "DIST_CHECK_SFETY": 9,
        "DOG_FIGHT_AFTER_LEAVE": 4,
        "ENEMY_DIST_TO_GO_OUT": 1,
        "GOOD_DIST_TO_POINT_COEF": 9999,
        "HIDE_TO_COVER_TIME": 1.5,
        "HITS_TO_LEAVE_COVER": 1,
        "HITS_TO_LEAVE_COVER_UNKNOWN": 1,
        "LOOK_LAST_ENEMY_POS_LOOKAROUND": 45,
        "LOOK_LAST_ENEMY_POS_MOVING": 1.5,
        "LOOK_TO_HIT_POINT_IF_LAST_ENEMY": 3,
        "MAX_DIST_OF_COVER": 4,
        "MAX_DIST_OF_COVER_SQR": 16,
        "MAX_SPOTTED_TIME_SEC": 55,
        "MIN_DEFENCE_LEVEL": -1,
        "MIN_DIST_TO_ENEMY": 9,
        "MOVE_TO_COVER_WHEN_TARGET": false,
        "NOT_LOOK_AT_WALL_IS_DANGER": true,
        "OFFSET_LOOK_ALONG_WALL_ANG": 20,
        "RETURN_TO_ATTACK_AFTER_AMBUSH_MAX": 50,
        "RETURN_TO_ATTACK_AFTER_AMBUSH_MIN": 20,
        "RUN_COVER_IF_CAN_AND_NO_ENEMIES": false,
        "RUN_IF_FAR": 15,
        "RUN_IF_FAR_SQRT": 225,
        "SHOOT_NEAR_SEC_PERIOD": 0.5,
        "SHOOT_NEAR_TO_LEAVE": 2,
        "SOUND_TO_GET_SPOTTED": 2,
        "SPOTTED_COVERS_RADIUS": 0.5,
        "SPOTTED_GRENADE_RADIUS": 16,
        "SPOTTED_GRENADE_TIME": 7,
        "STATIONARY_WEAPON_MAX_DIST_TO_USE": 25,
        "STATIONARY_WEAPON_NO_ENEMY_GETUP": 15,
        "STAY_IF_FAR": 25,
        "STAY_IF_FAR_SQRT": 625,
        "TIME_CHECK_SAFE": 2,
        "TIME_TO_MOVE_TO_COVER": 15,
        "WAIT_INT_COVER_FINDING_ENEMY": 2
      },
      "Grenade": {
        "ADD_GRENADE_AS_DANGER": 65,
        "ADD_GRENADE_AS_DANGER_SQR": 4225,
        "AMBUSH_IF_SMOKE_IN_ZONE_100": 40,
        "AMBUSH_IF_SMOKE_RETURN_TO_ATTACK_SEC": 30,
        "ANG_TYPE": 4,
        "BEWARE_TYPE": 2,
        "BE_ATTENTION_COEF": 4,
        "CAN_THROW_STRAIGHT_CONTACT": true,
        "CHANCE_RUN_FLASHED_100": 100,
        "CHANCE_TO_NOTIFY_ENEMY_GR_100": 100,
        "CHEAT_START_GRENADE_PLACE": false,
        "CLOSE_TO_SMOKE_TIME_DELTA": 5,
        "CLOSE_TO_SMOKE_TO_SHOOT": 10,
        "CLOSE_TO_SMOKE_TO_SHOOT_SQRT": 100,
        "DAMAGE_GRENADE_SUPPRESS_DELTA": 8,
        "DELTA_GRENADE_START_TIME": 0.01,
        "DELTA_NEXT_ATTEMPT": 10,
        "DELTA_NEXT_ATTEMPT_FROM_COVER": 5,
        "FLASH_GRENADE_TIME_COEF": 0.25,
        "GrenadePerMeter": 0.15,
        "GrenadePrecision": 0.1,
        "MAX_FLASHED_DIST_TO_SHOOT": 10,
        "MAX_FLASHED_DIST_TO_SHOOT_SQRT": 100,
        "MAX_THROW_POWER": 18.7,
        "MIN_DIST_NOT_TO_THROW": 8,
        "MIN_DIST_NOT_TO_THROW_SQR": 64,
        "MIN_THROW_DIST_PERCENT_0_1": 0.7,
        "MIN_THROW_GRENADE_DIST": 12,
        "MIN_THROW_GRENADE_DIST_SQRT": 144,
        "NEAR_DELTA_THROW_TIME_SEC": 2,
        "NO_RUN_FROM_AI_GRENADES": true,
        "REQUEST_DIST_MUST_THROW": 3,
        "REQUEST_DIST_MUST_THROW_SQRT": 9,
        "RUN_AWAY": 22,
        "RUN_AWAY_SQR": 484,
        "SHOOT_TO_SMOKE_CHANCE_100": 50,
        "SIZE_SPOTTED_COEF": 2,
        "SMOKE_CHECK_DELTA": 1,
        "SMOKE_SUPPRESS_DELTA": 20,
        "STOP_WHEN_THROW_GRENADE": true,
        "STRAIGHT_CONTACT_DELTA_SEC": -1,
        "STUN_SUPPRESS_DELTA": 9,
        "TIME_SHOOT_TO_FLASH": 4,
        "WAIT_TIME_TURN_AWAY": 0.2
      },
      "Hearing": {
        "BOT_CLOSE_PANIC_DIST": 1,
        "CHANCE_TO_HEAR_SIMPLE_SOUND_0_1": 0.99,
        "CLOSE_DIST": 36,
        "DEAD_BODY_SOUND_RAD": 30,
        "DISPERSION_COEF": 10,
        "DIST_PLACE_TO_FIND_POINT": 300,
        "FAR_DIST": 96,
        "HEAR_DELAY_WHEN_HAVE_SMT": 0,
        "HEAR_DELAY_WHEN_PEACE": 0,
        "LOOK_ONLY_DANGER": false,
        "LOOK_ONLY_DANGER_DELTA": 9,
        "RESET_TIMER_DIST": 17,
        "SOUND_DIR_DEEFREE": 30
      },
      "Lay": {
        "ATTACK_LAY_CHANCE": 25,
        "CHECK_SHOOT_WHEN_LAYING": false,
        "CLEAR_POINTS_OF_SCARE_SEC": 20,
        "DAMAGE_TIME_TO_GETUP": 300,
        "DELTA_AFTER_GETUP": 10,
        "DELTA_GETUP": 2.7,
        "DELTA_LAY_CHECK": 2,
        "DELTA_WANT_LAY_CHECL_SEC": 5,
        "DIST_ENEMY_CAN_LAY": 15,
        "DIST_ENEMY_CAN_LAY_SQRT": 225,
        "DIST_ENEMY_GETUP_LAY": 10,
        "DIST_ENEMY_GETUP_LAY_SQRT": 100,
        "DIST_ENEMY_NULL_DANGER_LAY": 15,
        "DIST_ENEMY_NULL_DANGER_LAY_SQRT": 225,
        "DIST_GRASS_TERRAIN_SQRT": 0.160000011,
        "DIST_LAY_CHECK": 11,
        "DIST_TO_COVER_TO_LAY": 3.5,
        "DIST_TO_COVER_TO_LAY_SQRT": 12.25,
        "IF_NO_ENEMY": false,
        "LAY_AIM": 0.6,
        "LAY_CHANCE_DANGER": 40,
        "MAX_CAN_LAY_DIST": 200,
        "MAX_CAN_LAY_DIST_SQRT": 40000,
        "MAX_LAY_TIME": 35,
        "MIN_CAN_LAY_DIST": 11,
        "MIN_CAN_LAY_DIST_SQRT": 121,
        "SHALL_GETUP_ON_ROTATE": false,
        "SHALL_LAY_WITHOUT_CHECK": true
      },
      "Look": {
        "BODY_DELTA_TIME_SEARCH_SEC": 1.7,
        "CAN_LOOK_TO_WALL": true,
        "CAN_USE_LIGHT": false,
        "COME_TO_BODY_DIST": 1.2,
        "CloseDeltaTimeSec": 0.1,
        "DIST_CHECK_WALL": 20,
        "DIST_NOT_TO_IGNORE_WALL": 15,
        "ENEMY_LIGHT_ADD": 88,
        "ENEMY_LIGHT_START_DIST": 90,
        "FAR_DISTANCE": 700,
        "FarDeltaTimeSec": 3,
        "GOAL_TO_FULL_DISSAPEAR": 0.2,
        "GOAL_TO_FULL_DISSAPEAR_SHOOT": 0.03,
        "LOOK_AROUND_DELTA": 1.1,
        "LOOK_LAST_POSENEMY_IF_NO_DANGER_SEC": 25,
        "LightOnVisionDistance": 145,
        "MARKSMAN_VISIBLE_DIST_COEF": 1.15,
        "MAX_VISION_GRASS_METERS": 0.9,
        "MAX_VISION_GRASS_METERS_FLARE": 8,
        "MAX_VISION_GRASS_METERS_FLARE_OPT": 0.125,
        "MAX_VISION_GRASS_METERS_OPT": 0.9090909,
        "MIDDLE_DIST": 500,
        "MIDDLE_DIST_CAN_SHOOT_HEAD": true,
        "MIN_LOOK_AROUD_TIME": 20,
        "MiddleDeltaTimeSec": 1,
        "OLD_TIME_POINT": 11,
        "OPTIMIZE_TO_ONLY_BODY": true,
        "POSIBLE_VISION_SPACE": 1.2,
        "VISIBLE_DISNACE_WITH_LIGHT": 200,
        "WAIT_NEW_SENSOR": 2.1,
        "WAIT_NEW__LOOK_SENSOR": 7.8
      },
      "Mind": {
        "AGGRESSOR_LOYALTY_BONUS": 0,
        "AI_POWER_COEF": 120,
        "AMBUSH_WHEN_UNDER_FIRE": true,
        "AMBUSH_WHEN_UNDER_FIRE_TIME_RESIST": 60,
        "ATTACK_ENEMY_IF_PROTECT_DELTA_LAST_TIME_SEEN": 1.5,
        "ATTACK_IMMEDIATLY_CHANCE_0_100": 40,
        "BOSS_IGNORE_LOYALTY": true,
        "BULLET_FEEL_CLOSE_SDIST": 1,
        "BULLET_FEEL_DIST": 360,
        "CAN_PANIC_IS_PROTECT": false,
        "CAN_RECEIVE_PLAYER_REQUESTS_BEAR": false,
        "CAN_RECEIVE_PLAYER_REQUESTS_SAVAGE": false,
        "CAN_RECEIVE_PLAYER_REQUESTS_USEC": false,
        "CAN_STAND_BY": false,
        "CAN_THROW_REQUESTS": true,
        "CAN_USE_MEDS": true,
        "CHANCE_FUCK_YOU_ON_CONTACT_100": 0.01,
        "CHANCE_SHOOT_WHEN_WARN_PLAYER_100": 25,
        "CHANCE_TO_RUN_CAUSE_DAMAGE_0_100": 35,
        "CHANCE_TO_STAY_WHEN_WARN_PLAYER_100": 80,
        "COVER_DIST_COEF": 1.5,
        "COVER_SECONDS_AFTER_LOSE_VISION": 10,
        "COVER_SELF_ALWAYS_IF_DAMAGED": false,
        "DAMAGE_REDUCTION_TIME_SEC": 20,
        "DANGER_POINT_CHOOSE_COEF": 1,
        "DEFAULT_ENEMY_BEAR": true,
        "DEFAULT_ENEMY_USEC": true,
        "DEFAULT_SAVAGE_BEHAVIOUR": "Attack",
        "DIST_TO_ENEMY_YO_CAN_HEAL": 30,
        "DIST_TO_FOUND_SQRT": 400,
        "DIST_TO_STOP_RUN_ENEMY": 15,
        "DOG_FIGHT_IN": 3,
        "DOG_FIGHT_OUT": 6,
        "ENEMY_LOOK_AT_ME_ANG": 15,
        "FIND_COVER_TO_GET_POSITION_WITH_SHOOT": 2,
        "FRIEND_AGR_KILL": 0.2,
        "FRIEND_DEAD_AGR_LOW": -0.2,
        "GROUP_ANY_PHRASE_DELAY": 5,
        "GROUP_EXACTLY_PHRASE_DELAY": 20,
        "HEAL_DELAY_SEC": 5,
        "HIT_DELAY_WHEN_HAVE_SMT": -1,
        "HIT_DELAY_WHEN_PEACE": -1,
        "HIT_POINT_DETECTION": 4,
        "HOLD_IF_PROTECT_DELTA_LAST_TIME_SEEN": 8.5,
        "LASTSEEN_POINT_CHOOSE_COEF": 0.2,
        "LAST_ENEMY_LOOK_TO": 40,
        "MAX_AGGRO_BOT_DIST": 1000,
        "MAX_AGGRO_BOT_DIST_SQR": 1000000,
        "MAX_AGGRO_BOT_DIST_SQR_UPPER_LIMIT": 1000000,
        "MAX_SHOOTS_TIME": 4,
        "MAX_START_AGGRESION_COEF": 3,
        "MIN_DAMAGE_SCARE": 20,
        "MIN_SHOOTS_TIME": 2,
        "MIN_START_AGGRESION_COEF": 1,
        "NO_RUN_AWAY_FOR_SAFE": true,
        "PART_PERCENT_TO_HEAL": 0.65,
        "PISTOL_SHOTGUN_AMBUSH_DIST": 30,
        "PROTECT_DELTA_HEAL_SEC": 10,
        "PROTECT_TIME_REAL": true,
        "REVENGE_TO_GROUP": true,
        "SEC_TO_MORE_DIST_TO_RUN": 10,
        "SHOOT_INSTEAD_DOG_FIGHT": 9,
        "SIMPLE_POINT_CHOOSE_COEF": 0.4,
        "STANDART_AMBUSH_DIST": 100,
        "SUSPETION_POINT_CHANCE_ADD100": 0,
        "TALK_WITH_QUERY": true,
        "TIME_TO_FIND_ENEMY": 22,
        "TIME_TO_FORGOR_ABOUT_ENEMY_SEC": 52,
        "TIME_TO_RUN_TO_COVER_CAUSE_SHOOT_SEC": 15
      },
      "Move": {
        "BASESTART_SLOW_DIST": 1.1,
        "BASE_ROTATE_SPEED": 270,
        "BASE_SQRT_START_SERACH": 1225,
        "BASE_START_SERACH": 35,
        "CHANCE_TO_RUN_IF_NO_AMMO_0_100": 100,
        "DELTA_LAST_SEEN_ENEMY": 20,
        "DIST_TO_CAN_CHANGE_WAY": 8,
        "DIST_TO_CAN_CHANGE_WAY_SQR": 64,
        "DIST_TO_START_RAYCAST": 15,
        "DIST_TO_START_RAYCAST_SQR": 225,
        "FAR_DIST": 4,
        "FAR_DIST_SQR": 16,
        "REACH_DIST": 0.5,
        "REACH_DIST_COVER": 2,
        "REACH_DIST_RUN": 0.8,
        "RUN_IF_CANT_SHOOT": false,
        "RUN_IF_GAOL_FAR_THEN": 10,
        "RUN_TO_COVER_MIN": 2,
        "SEC_TO_CHANGE_TO_RUN": 3,
        "SLOW_COEF": 7,
        "START_SLOW_DIST": 1.5,
        "UPDATE_TIME_RECAL_WAY": 7,
        "Y_APPROXIMATION": 0.7
      },
      "Patrol": {
        "CAN_CHECK_MAGAZINE": false,
        "CHANCE_TO_CHANGE_WAY_0_100": 30,
        "CHANCE_TO_CUT_WAY_0_100": 75,
        "CHANCE_TO_SHOOT_DEADBODY": 52,
        "CHANGE_WAY_TIME": 325.1,
        "CLOSE_TO_SELECT_RESERV_WAY": 25,
        "CUT_WAY_MAX_0_1": 0.65,
        "CUT_WAY_MIN_0_1": 0.4,
        "FRIEND_SEARCH_SEC": 12,
        "LOOK_TIME_BASE": 12,
        "MAX_YDIST_TO_START_WARN_REQUEST_TO_REQUESTER": 5,
        "MIN_DIST_TO_CLOSE_TALK": 5,
        "MIN_DIST_TO_CLOSE_TALK_SQR": 25,
        "MIN_TALK_DELAY": 35,
        "RESERVE_OUT_TIME": 60,
        "RESERVE_TIME_STAY": 72,
        "SUSPETION_PLACE_LIFETIME": 7,
        "TALK_DELAY": 1.1,
        "TALK_DELAY_BIG": 45.1,
        "VISION_DIST_COEF_PEACE": 0.75
      },
      "Scattering": {
        "AMPLITUDE_FACTOR": 0.25,
        "AMPLITUDE_SPEED": 0.1,
        "BloodFall": 1.45,
        "Caution": 0.3,
        "DIST_FROM_OLD_POINT_TO_NOT_AIM": 15,
        "DIST_FROM_OLD_POINT_TO_NOT_AIM_SQRT": 225,
        "DIST_NOT_TO_SHOOT": 0.3,
        "FromShot": 0.001,
        "HandDamageAccuracySpeed": 1.3,
        "HandDamageScatteringMinMax": 0.7,
        "LayFactor": 0.1,
        "MaxScatter": 0.4,
        "MinScatter": 0.03,
        "MovingSlowCoef": 1.5,
        "PoseChnageCoef": 0.1,
        "RecoilControlCoefShootDone": 0.0003,
        "RecoilControlCoefShootDoneAuto": 0.00015,
        "RecoilYCoef": 0.0005,
        "RecoilYCoefSppedDown": -0.52,
        "RecoilYMax": 1,
        "SpeedDown": -0.3,
        "SpeedUp": 0.3,
        "SpeedUpAim": 1.4,
        "ToCaution": 0.6,
        "ToLowBotAngularSpeed": 80,
        "ToLowBotSpeed": 2.4,
        "ToSlowBotSpeed": 1.5,
        "ToStopBotAngularSpeed": 40,
        "ToUpBotSpeed": 3.6,
        "TracerCoef": 1.3,
        "WorkingScatter": 0.15
      },
      "Shoot": {
        "AUTOMATIC_FIRE_SCATTERING_COEF": 1.5,
        "BASE_AUTOMATIC_TIME": 0.2,
        "CAN_SHOOTS_TIME_TO_AMBUSH": 993,
        "CHANCE_TO_CHANGE_TO_AUTOMATIC_FIRE_100": 94,
        "CHANCE_TO_CHANGE_WEAPON": 0.1,
        "CHANCE_TO_CHANGE_WEAPON_WITH_HELMET": 0.1,
        "FAR_DIST_ENEMY": 20,
        "FAR_DIST_ENEMY_SQR": 400,
        "FAR_DIST_TO_CHANGE_WEAPON": 30,
        "FINGER_HOLD_SINGLE_SHOT": 0.14,
        "FINGER_HOLD_STATIONARY_GRENADE": 0.3,
        "HORIZONT_RECOIL_COEF": 0.02,
        "LOW_DIST_TO_CHANGE_WEAPON": 5,
        "MARKSMAN_DIST_SEK_COEF": 44,
        "MAX_DIST_COEF": 100.35,
        "MAX_RECOIL_PER_METER": 0.02,
        "NOT_TO_SEE_ENEMY_TO_WANT_RELOAD_PERCENT": 0.5,
        "NOT_TO_SEE_ENEMY_TO_WANT_RELOAD_SEC": 2,
        "NO_OFFSET_SHOOTING_FROM_PLAYER": true,
        "RECOIL_DELTA_PRESS": 0.15,
        "RECOIL_PER_METER": 0.01,
        "RECOIL_TIME_NORMALIZE": 1,
        "RELOAD_PECNET_NO_ENEMY": 0.6,
        "REPAIR_MALFUNCTION_IMMEDIATE_CHANCE": 25,
        "RUN_DIST_NO_AMMO": 25,
        "RUN_DIST_NO_AMMO_SQRT": 625,
        "SHOOT_FROM_COVER": 4,
        "SUPPRESS_BY_SHOOT_TIME": 6,
        "SUPPRESS_TRIGGERS_DOWN": 3,
        "VALIDATE_MALFUNCTION_CHANCE": 0,
        "WAIT_NEXT_SINGLE_SHOT": 0.2,
        "WAIT_NEXT_SINGLE_SHOT_LONG_MAX": 3.3,
        "WAIT_NEXT_SINGLE_SHOT_LONG_MIN": 0.4,
        "WAIT_NEXT_STATIONARY_GRENADE": 1
      }
    }
  },
  "experience": {
    "aggressorBonus": 0,
    "level": {
      "max": 1,
      "min": 0
    },
    "reward": {
      "max": 0,
      "min": 0
    },
    "standingForKill": 0
  },
  "firstName": [
    "Зрячий"
  ],
  "generation": {
    "items": {
      "backpackLoot": {
        "weights": {
          "0": 1,
          "1": 1,
          "2": 2,
          "3": 1,
          "4": 1,
          "5": 1,
          "6": 1,
          "7": 0
        },
        "whitelist": []
      },
      "drugs": {
        "weights": {
          "0": 1,
          "1": 2,
          "2": 0
        },
        "whitelist": []
      },
      "grenades": {
        "weights": {
          "0": 1,
          "1": 2,
          "2": 1,
          "3": 1,
          "4": 0,
          "5": 0
        },
        "whitelist": []
      },
      "healing": {
        "weights": {
          "0": 1,
          "1": 2,
          "2": 1
        },
        "whitelist": []
      },
      "magazines": {
        "weights": {
          "0": 0,
          "1": 0,
          "2": 1,
          "3": 3,
          "4": 1
        },
        "whitelist": []
      },
      "pocketLoot": {
        "weights": {
          "0": 1,
          "1": 6,
          "2": 3,
          "3": 1,
          "4": 1
        },
        "whitelist": []
      },
      "specialItems": {
        "weights": {
          "0": 1,
          "1": 0
        },
        "whitelist": []
      },
      "stims": {
        "weights": {
          "0": 2,
          "1": 1,
          "2": 0
        },
        "whitelist": []
      },
      "vestLoot": {
        "weights": {
          "0": 1,
          "1": 1,
          "2": 2,
          "3": 1,
          "4": 0,
          "5": 0,
          "6": 0
        },
        "whitelist": []
      }
    }
  },
  "health": {
    "BodyParts": [
      {
        "Chest": {
          "max": 360,
          "min": 360
        },
        "Head": {
          "max": 125,
          "min": 125
        },
        "LeftArm": {
          "max": 150,
          "min": 150
        },
        "LeftLeg": {
          "max": 150,
          "min": 150
        },
        "RightArm": {
          "max": 150,
          "min": 150
        },
        "RightLeg": {
          "max": 150,
          "min": 150
        },
        "Stomach": {
          "max": 220,
          "min": 220
        }
      },
      {
        "Chest": {
          "max": 450,
          "min": 450
        },
        "Head": {
          "max": 150,
          "min": 150
        },
        "LeftArm": {
          "max": 190,
          "min": 190
        },
        "LeftLeg": {
          "max": 190,
          "min": 190
        },
        "RightArm": {
          "max": 190,
          "min": 190
        },
        "RightLeg": {
          "max": 190,
          "min": 190
        },
        "Stomach": {
          "max": 270,
          "min": 270
        }
      }
    ],
    "Energy": {
      "max": 100,
      "min": 100
    },
    "Hydration": {
      "max": 100,
      "min": 100
    },
    "Temperature": {
      "max": 40,
      "min": 36
    }
  },
  "inventory": {
    "Ammo": {
      "Caliber46x30": {
        "5ba2678ad4351e44f824b344": 1
      },
      "Caliber545x39": {
        "56dff4a2d2720bbd668b456a": 1
      },
      "Caliber762x54R": {
        "5e023d48186a883be655e551": 1
      },
      "Caliber86x70": {
        "5fc382a9d724d907e2077dab": 1
      },
      "Caliber9x21": {
        "5a269f97c4a282000b151807": 13,
        "5a26abfac4a28232980eabff": 968
      }
    },
    "equipment": {
      "ArmBand": {},
      "ArmorVest": {},
      "Backpack": {},
      "Earpiece": {},
      "Eyewear": {},
      "FaceCover": {
        "63626d904aa74b8fe30ab426": 1
      },
      "FirstPrimaryWeapon": {
        "5c46fbd72e2216398b5a8c9c": 968,
        "627e14b21713922ded6f2c15": 13
      },
      "Headwear": {
        "636270263f2495c26f00b007": 1
      },
      "Holster": {
        "59f98b4986f7746f546d2cef": 1
      },
      "Pockets": {
        "60c7272c204bc17802313365": 1
      },
      "Scabbard": {},
      "SecondPrimaryWeapon": {
        "57dc2fa62459775949412633": 968,
        "5ba26383d4351e00334c93d9": 13
      },
      "SecuredContainer": {
        "5c0a794586f77461c458f892": 1
      },
      "TacticalVest": {
        "63611865ba5b90db0c0399d1": 1
      }
    },
    "items": {
      "Backpack": [],
      "Pockets": [
        "59f99a7d86f7745b134aa97b",
        "590c678286f77426c9660122",
        "60098ad7c2240c0fe85c570a",
        "5df8a77486f77412672a1e3f"
      ],
      "SecuredContainer": [
        "5fc382a9d724d907e2077dab",
        "5ba2678ad4351e44f824b344",
        "5a269f97c4a282000b151807",
        "5e023d48186a883be655e551",
        "56dff4a2d2720bbd668b456a",
        "5a26abfac4a28232980eabff"
      ],
      "SpecialLoot": [],
      "TacticalVest": [
        "628120fd5631d45211793c9f",
        "5ba26586d4351e44f824b340",
        "5c88f24b2e22160bc12c69a6",
        "55d482194bdc2d1d4e8b456b"
      ]
    },
    "mods": {
      "57c69dd424597774c03b7bbc": {
        "mod_scope": [
          "57c5ac0824597754771e88a9"
        ]
      },
      "57d17e212459775a1179a0f5": {
        "mod_flashlight": [
          "57d17c5e2459775a5c57d17d"
        ]
      },
      "57dc2fa62459775949412633": {
        "mod_gas_block": [
          "59d36a0086f7747e673f3946"
        ],
        "mod_magazine": [
          "55d482194bdc2d1d4e8b456b"
        ],
        "mod_muzzle": [
          "57dc324a24597759501edc20"
        ],
        "mod_pistol_grip": [
          "5649ad3f4bdc2df8348b4585"
        ],
        "mod_reciever": [
          "57dc334d245977597164366f"
        ],
        "mod_stock": [
          "57dc347d245977596754e7a1"
        ]
      },
      "57dc334d245977597164366f": {
        "mod_mount_000": [
          "57ffb0062459777a045af529"
        ]
      },
      "57ffa9f4245977728561e844": {
        "mod_foregrip": [
          "558032614bdc2de7118b4585"
        ]
      },
      "57ffb0062459777a045af529": {
        "mod_scope": [
          "57ae0171245977343c27bfcf"
        ]
      },
      "58d39b0386f77443380bf13c": {
        "mod_scope": [
          "58d399e486f77442e0016fe7"
        ]
      },
      "58d39d3d86f77445bb794ae7": {
        "mod_scope": [
          "58d39b0386f77443380bf13c"
        ]
      },
      "59d36a0086f7747e673f3946": {
        "mod_handguard": [
          "57ffa9f4245977728561e844"
        ]
      },
      "59f98b4986f7746f546d2cef": {
        "mod_magazine": [
          "59f99a7d86f7745b134aa97b"
        ]
      },
      "5a1ead28fcdbcb001912fa9f": {
        "mod_scope": [
          "5a1eaa87fcdbcb001865f75e"
        ]
      },
      "5a9d6d13a2750c00164f6b03": {
        "mod_foregrip": [
          "5c791e872e2216001219c40a"
        ]
      },
      "5ba26383d4351e00334c93d9": {
        "mod_magazine": [
          "5ba26586d4351e44f824b340"
        ],
        "mod_muzzle": [
          "5ba26acdd4351e003562908e"
        ],
        "mod_scope": [
          "58d39d3d86f77445bb794ae7"
        ],
        "mod_stock": [
          "5bcf0213d4351e0085327c17"
        ],
        "mod_tactical_000": [
          "544909bb4bdc2d6f028b4577"
        ],
        "mod_tactical_002": [
          "57d17e212459775a1179a0f5"
        ]
      },
      "5ba26acdd4351e003562908e": {
        "mod_muzzle": [
          "5ba26ae8d4351e00367f9bdb"
        ]
      },
      "5c46fbd72e2216398b5a8c9c": {
        "mod_barrel": [
          "5c471cb32e221602b177afaa"
        ],
        "mod_magazine": [
          "5c88f24b2e22160bc12c69a6"
        ],
        "mod_mount_001": [
          "5dfcd0e547101c39625f66f9"
        ],
        "mod_pistol_grip": [
          "5b30ac585acfc433000eb79c"
        ],
        "mod_reciever": [
          "5dfce88fe9dc277128008b2e"
        ],
        "mod_stock": [
          "6197b229af1f5202c57a9bea"
        ]
      },
      "5c471bfc2e221602b21d4e17": {
        "mod_muzzle": [
          "5e01e9e273d8eb11426f5bc3"
        ]
      },
      "5c471cb32e221602b177afaa": {
        "mod_gas_block": [
          "5c471c842e221615214259b5"
        ],
        "mod_muzzle": [
          "5c471bfc2e221602b21d4e17"
        ]
      },
      "5dfcd0e547101c39625f66f9": {
        "mod_foregrip": [
          "5a9d6d13a2750c00164f6b03"
        ],
        "mod_scope": [
          "57c69dd424597774c03b7bbc"
        ]
      },
      "5e01e9e273d8eb11426f5bc3": {
        "mod_muzzle": [
          "5e01ea19e9dc277128008c0b"
        ]
      },
      "6197b229af1f5202c57a9bea": {
        "mod_stock": [
          "5947e98b86f774778f1448bc"
        ]
      },
      "627e14b21713922ded6f2c15": {
        "mod_charge": [
          "62811cd7308cb521f87a8f99"
        ],
        "mod_magazine": [
          "628120fd5631d45211793c9f"
        ],
        "mod_pistol_grip": [
          "62811e2510e26c1f344e6554"
        ]
      },
      "62811e2510e26c1f344e6554": {
        "mod_reciever": [
          "6281204f308cb521f87a8f9b"
        ],
        "mod_stock": [
          "62811f828193841aca4a45c3"
        ]
      },
      "62811fbf09427b40ab14e767": {
        "mod_barrel": [
          "628121434fa03b6b6c35dc6a"
        ],
        "mod_scope": [
          "5a1ead28fcdbcb001912fa9f"
        ]
      },
      "6281204f308cb521f87a8f9b": {
        "mod_foregrip": [
          "6281212a09427b40ab14e770"
        ],
        "mod_handguard": [
          "6281209662cba23f6c4d7a19"
        ],
        "mod_reciever": [
          "62811fbf09427b40ab14e767"
        ]
      },
      "6281209662cba23f6c4d7a19": {
        "mod_mount_000": [
          "628120c21d5df4475f46a337"
        ],
        "mod_mount_001": [
          "628120d309427b40ab14e76d"
        ],
        "mod_mount_002": [
          "628120d309427b40ab14e76d"
        ],
        "mod_mount_003": [
          "628120dd308cb521f87a8fa1"
        ]
      },
      "628120c21d5df4475f46a337": {
        "mod_tactical": [
          "61605d88ffa6e502ac5e7eeb"
        ]
      },
      "628120d309427b40ab14e76d": {
        "mod_tactical_000": [
          "6267c6396b642f77f56f5c1c"
        ]
      },
      "628121434fa03b6b6c35dc6a": {
        "mod_muzzle": [
          "5fc23636016cce60e8341b05"
        ]
      }
    }
  },
  "lastName": [],
  "skills": {
    "Common": {
      "BotReload": {
        "max": 3000,
        "min": 3000
      },
      "BotSound": {
        "max": 5000,
        "min": 5000
      },
      "Endurance": {
        "max": 5000,
        "min": 5000
      },
      "RecoilControl": {
        "max": 5000,
        "min": 5000
      },
      "SilentOps": {
        "max": 5000,
        "min": 5000
      },
      "Strength": {
        "max": 5000,
        "min": 5000
      },
      "StressResistance": {
        "max": 5000,
        "min": 5000
      }
    }
  }
}
