{
  "appearance": {
    "body": {
      "5d5e7c9186f774393602d6f9": 1
    },
    "feet": {
      "5d5e7f3c86f7742797262063": 1
    },
    "hands": [
      "5cc2e68f14c02e28b47de290"
    ],
    "head": [
      "5d5f8ba486f77431254e7fd2"
    ],
    "voice": [
      "Scav_2",
      "Scav_4",
      "Scav_1",
      "Scav_5",
      "Scav_3",
      "Scav_6"
    ]
  },
  "chances": {
    "equipment": {
      "ArmBand": 0,
      "ArmorVest": 0,
      "Backpack": 93,
      "Earpiece": 0,
      "Eyewear": 0,
      "FaceCover": 0,
      "FirstPrimaryWeapon": 100,
      "Headwear": 0,
      "Holster": 0,
      "Pockets": 100,
      "Scabbard": 5,
      "SecondPrimaryWeapon": 100,
      "SecuredContainer": 100,
      "TacticalVest": 0
    },
    "mods": {
      "mod_charge": 0,
      "mod_foregrip": 0,
      "mod_launcher": 0,
      "mod_magazine": 100,
      "mod_mount": 0,
      "mod_mount_000": 0,
      "mod_mount_002": 100,
      "mod_muzzle": 66,
      "mod_reciever": 100,
      "mod_scope": 100,
      "mod_scope_000": 100,
      "mod_scope_001": 0,
      "mod_scope_002": 0,
      "mod_sight_front": 100,
      "mod_sight_rear": 100,
      "mod_stock": 100,
      "mod_stock_000": 100,
      "mod_tactical": 100,
      "mod_tactical_000": 98,
      "mod_tactical_001": 0,
      "mod_tactical_002": 0
    }
  },
  "difficulty": {
    "easy": {
      "Aiming": {
        "AIMING_TYPE": 5,
        "ANYTIME_LIGHT_WHEN_AIM_100": -1,
        "ANY_PART_SHOOT_TIME": 15,
        "BAD_SHOOTS_MAIN_COEF": 0.39,
        "BAD_SHOOTS_MAX": 0,
        "BAD_SHOOTS_MIN": 0,
        "BAD_SHOOTS_OFFSET": 1,
        "BASE_HIT_AFFECTION_DELAY_SEC": 0.57,
        "BASE_HIT_AFFECTION_MAX_ANG": 10,
        "BASE_HIT_AFFECTION_MIN_ANG": 4,
        "BASE_SHIEF": 0.05,
        "BETTER_PRECICING_COEF": 0.9,
        "BOTTOM_COEF": 0.1,
        "BOT_MOVE_IF_DELTA": 3.01,
        "COEF_FROM_COVER": 0.45,
        "COEF_IF_MOVE": 1,
        "DAMAGE_PANIC_TIME": 15,
        "DAMAGE_TO_DISCARD_AIM_0_100": 46,
        "DANGER_UP_POINT": 1.3,
        "DIST_TO_SHOOT_NO_OFFSET": 3,
        "DIST_TO_SHOOT_TO_CENTER": 3,
        "FIRST_CONTACT_ADD_CHANCE_100": 80,
        "FIRST_CONTACT_ADD_SEC": 0.1,
        "HARD_AIM": 0.75,
        "MAX_AIMING_UPGRADE_BY_TIME": 0.15,
        "MAX_AIM_PRECICING": 2,
        "MAX_TIME_DISCARD_AIM_SEC": 0.6,
        "MIN_TIME_DISCARD_AIM_SEC": 0.3,
        "NEXT_SHOT_MISS_CHANCE_100": 100,
        "NEXT_SHOT_MISS_Y_OFFSET": 1,
        "PANIC_ACCURATY_COEF": 1.2,
        "PANIC_COEF": 1.2,
        "PANIC_TIME": 2,
        "RECALC_MUST_TIME": 3,
        "RECLC_DIST": 0.7,
        "RECLC_SQR_DIST": 0.48999998,
        "SCATTERING_DIST_MODIF": 0.6,
        "SCATTERING_DIST_MODIF_CLOSE": 0.6,
        "SCATTERING_HAVE_DAMAGE_COEF": 2,
        "SHOOT_TO_CHANGE_PRIORITY": 5525,
        "SHPERE_FRIENDY_FIRE_SIZE": -0.1,
        "TIME_COEF_IF_MOVE": 1.1,
        "XZ_COEF": 0.4,
        "Y_BOTTOM_OFFSET_COEF": 0.15,
        "Y_TOP_OFFSET_COEF": 0.001
      },
      "Boss": {
        "BOSS_DIST_TO_SHOOT": 80,
        "BOSS_DIST_TO_SHOOT_SQRT": 6400,
        "BOSS_DIST_TO_WARNING": 80,
        "BOSS_DIST_TO_WARNING_OUT": 80,
        "BOSS_DIST_TO_WARNING_OUT_SQRT": 6400,
        "BOSS_DIST_TO_WARNING_SQRT": 6400,
        "CHANCE_TO_SEND_GRENADE_100": 100,
        "CHANCE_USE_RESERVE_PATROL_100": 30,
        "COVER_TO_SEND": true,
        "DELTA_SEARCH_TIME": 18,
        "EFFECT_PAINKILLER": true,
        "KILLA_AFTER_GRENADE_SUPPRESS_DELAY": 2,
        "KILLA_BULLET_TO_RELOAD": 15,
        "KILLA_CLOSEATTACK_DELAY": 10,
        "KILLA_CLOSEATTACK_TIMES": 3,
        "KILLA_CLOSE_ATTACK_DIST": 8,
        "KILLA_CONTUTION_TIME": 5,
        "KILLA_DEF_DIST_SQRT": 225,
        "KILLA_DIST_TO_GO_TO_SUPPRESS": 6,
        "KILLA_DITANCE_TO_BE_ENEMY_BOSS": 45,
        "KILLA_ENEMIES_TO_ATTACK": 3,
        "KILLA_HOLD_DELAY": 5,
        "KILLA_LARGE_ATTACK_DIST": 41,
        "KILLA_MIDDLE_ATTACK_DIST": 22,
        "KILLA_ONE_IS_CLOSE": 30,
        "KILLA_SEARCH_METERS": 30,
        "KILLA_SEARCH_SEC_STOP_AFTER_COMING": 25,
        "KILLA_START_SEARCH_SEC": 40,
        "KILLA_TRIGGER_DOWN_DELAY": 1,
        "KILLA_WAIT_IN_COVER_COEF": 1,
        "KILLA_Y_DELTA_TO_BE_ENEMY_BOSS": 5,
        "KOJANIY_DIST_ENEMY_TOO_CLOSE": 37,
        "KOJANIY_DIST_TO_BE_ENEMY": 200,
        "KOJANIY_DIST_WHEN_READY": 50,
        "KOJANIY_FIGHT_CENTER_POS_ME": false,
        "KOJANIY_MANY_ENEMIES_COEF": 1.5,
        "KOJANIY_MIN_DIST_TO_LOOT": 120,
        "KOJANIY_MIN_DIST_TO_LOOT_SQRT": 6400,
        "MAX_DIST_COVER_BOSS": 25,
        "MAX_DIST_COVER_BOSS_SQRT": 625,
        "MAX_DIST_DECIDER_TO_SEND": 35,
        "MAX_DIST_DECIDER_TO_SEND_SQRT": 1225,
        "PERSONS_SEND": 2,
        "SET_CHEAT_VISIBLE_WHEN_ADD_TO_ENEMY": true,
        "SHALL_WARN": false,
        "TIME_AFTER_LOSE": 15,
        "TIME_AFTER_LOSE_DELTA": 60,
        "WAIT_NO_ATTACK_SAVAGE": 4
      },
      "Change": {
        "FLASH_ACCURATY": 1.6,
        "FLASH_GAIN_SIGHT": 1.8,
        "FLASH_HEARING": 1,
        "FLASH_LAY_CHANCE": 1,
        "FLASH_PRECICING": 1.6,
        "FLASH_SCATTERING": 1.6,
        "FLASH_VISION_DIST": 0.05,
        "SMOKE_ACCURATY": 1.6,
        "SMOKE_GAIN_SIGHT": 1.6,
        "SMOKE_HEARING": 1,
        "SMOKE_LAY_CHANCE": 1.6,
        "SMOKE_PRECICING": 1.6,
        "SMOKE_SCATTERING": 1.6,
        "SMOKE_VISION_DIST": 0.6,
        "STUN_HEARING": 0.01
      },
      "Core": {
        "AccuratySpeed": 0.2,
        "AimingType": "normal",
        "CanGrenade": true,
        "CanRun": true,
        "DamageCoeff": 1,
        "GainSightCoef": 0.013,
        "HearingSense": 3.9,
        "PistolFireDistancePref": 35,
        "RifleFireDistancePref": 100,
        "ScatteringClosePerMeter": 0.12,
        "ScatteringPerMeter": 0.045,
        "ShotgunFireDistancePref": 50,
        "VisibleAngle": 160,
        "VisibleDistance": 162,
        "WaitInCoverBetweenShotsSec": 1
      },
      "Cover": {
        "CAN_LOOK_OUT_WHEN_HOLDING": false,
        "CHANGE_RUN_TO_COVER_SEC": 5,
        "CHANGE_RUN_TO_COVER_SEC_GREANDE": 0.6,
        "CHECK_CLOSEST_FRIEND": true,
        "CHECK_COVER_ENEMY_LOOK": false,
        "CLOSE_DIST_POINT_SQRT": 4,
        "DELETE_POINTS_BEHIND_ENEMIES": false,
        "DELTA_SEEN_FROM_COVE_LAST_POS": 15,
        "DEPENDS_Y_DIST_TO_BOT": false,
        "DIST_CANT_CHANGE_WAY": 5,
        "DIST_CANT_CHANGE_WAY_SQR": 25,
        "DIST_CHECK_SFETY": 9,
        "DIST_MAX_REWORK_NOT_TO_SHOOT": 85,
        "DOG_FIGHT_AFTER_LEAVE": 4,
        "HIDE_TO_COVER_TIME": 1.5,
        "HITS_TO_LEAVE_COVER": 1,
        "HITS_TO_LEAVE_COVER_UNKNOWN": 1,
        "LOOK_LAST_ENEMY_POS_LOOKAROUND": 45,
        "LOOK_LAST_ENEMY_POS_MOVING": 3,
        "LOOK_TO_HIT_POINT_IF_LAST_ENEMY": 3,
        "MAX_DIST_OF_COVER": 4,
        "MAX_DIST_OF_COVER_SQR": 16,
        "MAX_SPOTTED_TIME_SEC": 55,
        "MIN_DEFENCE_LEVEL": 15,
        "MIN_DIST_TO_ENEMY": 9,
        "MIN_TO_ENEMY_TO_BE_NOT_SAFE": 15,
        "MOVE_TO_COVER_WHEN_TARGET": false,
        "NOT_LOOK_AT_WALL_IS_DANGER": true,
        "OFFSET_LOOK_ALONG_WALL_ANG": 20,
        "RETURN_TO_ATTACK_AFTER_AMBUSH_MAX": 50,
        "RETURN_TO_ATTACK_AFTER_AMBUSH_MIN": 20,
        "REWORK_NOT_TO_SHOOT": false,
        "RUN_COVER_IF_CAN_AND_NO_ENEMIES": false,
        "RUN_IF_FAR": 15,
        "RUN_IF_FAR_SQRT": 225,
        "SHOOT_NEAR_SEC_PERIOD": 0.5,
        "SHOOT_NEAR_TO_LEAVE": 2,
        "SIT_DOWN_WHEN_HOLDING": true,
        "SOUND_TO_GET_SPOTTED": 2,
        "SPOTTED_COVERS_RADIUS": 2.5,
        "SPOTTED_GRENADE_RADIUS": 16,
        "SPOTTED_GRENADE_TIME": 7,
        "STAY_IF_FAR": 25,
        "STAY_IF_FAR_SQRT": 625,
        "TIME_CHECK_SAFE": 2,
        "TIME_TO_MOVE_TO_COVER": 15,
        "WAIT_INT_COVER_FINDING_ENEMY": 2
      },
      "Grenade": {
        "ADD_GRENADE_AS_DANGER": 65,
        "ADD_GRENADE_AS_DANGER_SQR": 4225,
        "AMBUSH_IF_SMOKE_IN_ZONE_100": 40,
        "AMBUSH_IF_SMOKE_RETURN_TO_ATTACK_SEC": 30,
        "ANG_TYPE": 1,
        "BEWARE_TYPE": 2,
        "BE_ATTENTION_COEF": 4,
        "CAN_THROW_STRAIGHT_CONTACT": true,
        "CHANCE_RUN_FLASHED_100": 100,
        "CHANCE_TO_NOTIFY_ENEMY_GR_100": 100,
        "CHEAT_START_GRENADE_PLACE": false,
        "CLOSE_TO_SMOKE_TIME_DELTA": 5,
        "CLOSE_TO_SMOKE_TO_SHOOT": 10,
        "CLOSE_TO_SMOKE_TO_SHOOT_SQRT": 100,
        "DAMAGE_GRENADE_SUPPRESS_DELTA": 8,
        "DELTA_GRENADE_START_TIME": 0.1,
        "DELTA_NEXT_ATTEMPT": 10,
        "DELTA_NEXT_ATTEMPT_FROM_COVER": 5,
        "FLASH_GRENADE_TIME_COEF": 0.25,
        "GrenadePerMeter": 0.1,
        "GrenadePrecision": 0.05,
        "MAX_FLASHED_DIST_TO_SHOOT": 10,
        "MAX_FLASHED_DIST_TO_SHOOT_SQRT": 100,
        "MAX_THROW_POWER": 25,
        "MIN_DIST_NOT_TO_THROW": 8,
        "MIN_DIST_NOT_TO_THROW_SQR": 64,
        "MIN_THROW_GRENADE_DIST": 12,
        "MIN_THROW_GRENADE_DIST_SQRT": 144,
        "NEAR_DELTA_THROW_TIME_SEC": 2,
        "NO_RUN_FROM_AI_GRENADES": true,
        "REQUEST_DIST_MUST_THROW": 3,
        "REQUEST_DIST_MUST_THROW_SQRT": 9,
        "RUN_AWAY": 22,
        "RUN_AWAY_SQR": 484,
        "SHOOT_TO_SMOKE_CHANCE_100": 50,
        "SIZE_SPOTTED_COEF": 2,
        "SMOKE_CHECK_DELTA": 1,
        "SMOKE_SUPPRESS_DELTA": 20,
        "STOP_WHEN_THROW_GRENADE": true,
        "STRAIGHT_CONTACT_DELTA_SEC": -1,
        "STUN_SUPPRESS_DELTA": 9,
        "TIME_SHOOT_TO_FLASH": 4,
        "WAIT_TIME_TURN_AWAY": 0.2
      },
      "Hearing": {
        "BOT_CLOSE_PANIC_DIST": 1,
        "CHANCE_TO_HEAR_SIMPLE_SOUND_0_1": 1.98,
        "CLOSE_DIST": 36,
        "DEAD_BODY_SOUND_RAD": 30,
        "DISPERSION_COEF": 10,
        "DIST_PLACE_TO_FIND_POINT": 70,
        "FAR_DIST": 66,
        "HEAR_DELAY_WHEN_HAVE_SMT": 0,
        "HEAR_DELAY_WHEN_PEACE": 0,
        "LOOK_ONLY_DANGER": false,
        "LOOK_ONLY_DANGER_DELTA": 15,
        "RESET_TIMER_DIST": 17,
        "SOUND_DIR_DEEFREE": 30
      },
      "Lay": {
        "ATTACK_LAY_CHANCE": 25,
        "CHECK_SHOOT_WHEN_LAYING": false,
        "CLEAR_POINTS_OF_SCARE_SEC": 20,
        "DAMAGE_TIME_TO_GETUP": 3,
        "DELTA_AFTER_GETUP": 10,
        "DELTA_GETUP": 2.7,
        "DELTA_LAY_CHECK": 2,
        "DELTA_WANT_LAY_CHECL_SEC": 5,
        "DIST_ENEMY_CAN_LAY": 15,
        "DIST_ENEMY_CAN_LAY_SQRT": 225,
        "DIST_ENEMY_GETUP_LAY": 5,
        "DIST_ENEMY_GETUP_LAY_SQRT": 100,
        "DIST_ENEMY_NULL_DANGER_LAY": 15,
        "DIST_ENEMY_NULL_DANGER_LAY_SQRT": 225,
        "DIST_GRASS_TERRAIN_SQRT": 0.160000011,
        "DIST_TO_COVER_TO_LAY": 3.5,
        "DIST_TO_COVER_TO_LAY_SQRT": 12.25,
        "LAY_AIM": 0.6,
        "LAY_CHANCE_DANGER": 40,
        "MAX_CAN_LAY_DIST": 200,
        "MAX_CAN_LAY_DIST_SQRT": 40000,
        "MAX_LAY_TIME": 35,
        "MIN_CAN_LAY_DIST": 11,
        "MIN_CAN_LAY_DIST_SQRT": 121
      },
      "Look": {
        "BODY_DELTA_TIME_SEARCH_SEC": 1.7,
        "CAN_LOOK_TO_WALL": false,
        "COME_TO_BODY_DIST": 1.2,
        "CloseDeltaTimeSec": 0.1,
        "DIST_CHECK_WALL": 20,
        "DIST_NOT_TO_IGNORE_WALL": 15,
        "ENEMY_LIGHT_ADD": 48,
        "ENEMY_LIGHT_START_DIST": 90,
        "FAR_DISTANCE": 160,
        "FarDeltaTimeSec": 3,
        "GOAL_TO_FULL_DISSAPEAR": 2,
        "GOAL_TO_FULL_DISSAPEAR_SHOOT": 0.03,
        "LOOK_AROUND_DELTA": 1.1,
        "LOOK_LAST_POSENEMY_IF_NO_DANGER_SEC": 25,
        "LOOK_THROUGH_GRASS": false,
        "LOOK_THROUGH_GRASS_DIST_METERS": 10,
        "LightOnVisionDistance": 30,
        "MARKSMAN_VISIBLE_DIST_COEF": 1.15,
        "MAX_DIST_CLAMP_TO_SEEN_SPEED": 40,
        "MAX_VISION_GRASS_METERS": 2.4,
        "MAX_VISION_GRASS_METERS_FLARE": 8,
        "MAX_VISION_GRASS_METERS_FLARE_OPT": 0.125,
        "MAX_VISION_GRASS_METERS_OPT": 0.9090909,
        "MIDDLE_DIST": 90,
        "MIN_LOOK_AROUD_TIME": 20,
        "MiddleDeltaTimeSec": 1,
        "OLD_TIME_POINT": 11,
        "ONLY_BODY": false,
        "POSIBLE_VISION_SPACE": 1.2,
        "VISIBLE_DISNACE_WITH_LIGHT": 100,
        "WAIT_NEW_SENSOR": 2.1,
        "WAIT_NEW__LOOK_SENSOR": 7.8
      },
      "Mind": {
        "AI_POWER_COEF": 120,
        "AMBUSH_WHEN_UNDER_FIRE": true,
        "AMBUSH_WHEN_UNDER_FIRE_TIME_RESIST": 60,
        "ATTACK_ENEMY_IF_PROTECT_DELTA_LAST_TIME_SEEN": 1.5,
        "ATTACK_IMMEDIATLY_CHANCE_0_100": 40,
        "BULLET_FEEL_CLOSE_SDIST": 3,
        "BULLET_FEEL_DIST": 360,
        "CAN_PANIC_IS_PROTECT": false,
        "CAN_RECEIVE_PLAYER_REQUESTS_BEAR": false,
        "CAN_RECEIVE_PLAYER_REQUESTS_SAVAGE": false,
        "CAN_RECEIVE_PLAYER_REQUESTS_USEC": false,
        "CAN_STAND_BY": false,
        "CAN_TAKE_ITEMS": false,
        "CAN_THROW_REQUESTS": true,
        "CAN_USE_MEDS": true,
        "CHANCE_FUCK_YOU_ON_CONTACT_100": 0.1,
        "CHANCE_SHOOT_WHEN_WARN_PLAYER_100": 25,
        "CHANCE_TO_RUN_CAUSE_DAMAGE_0_100": 35,
        "CHANCE_TO_STAY_WHEN_WARN_PLAYER_100": 80,
        "COVER_DIST_COEF": 1.5,
        "COVER_SECONDS_AFTER_LOSE_VISION": 10,
        "COVER_SELF_ALWAYS_IF_DAMAGED": false,
        "DAMAGE_REDUCTION_TIME_SEC": 20,
        "DANGER_POINT_CHOOSE_COEF": 1,
        "DEFAULT_BEAR_BEHAVIOUR": "Attack",
        "DEFAULT_ENEMY_BEAR": true,
        "DEFAULT_ENEMY_USEC": true,
        "DEFAULT_SAVAGE_BEHAVIOUR": "Attack",
        "DEFAULT_USEC_BEHAVIOUR": "Attack",
        "DIST_TO_ENEMY_YO_CAN_HEAL": 30,
        "DIST_TO_FOUND_SQRT": 400,
        "DIST_TO_STOP_RUN_ENEMY": 15,
        "DOG_FIGHT_IN": 3,
        "DOG_FIGHT_OUT": 6,
        "ENEMY_BOT_TYPES": [],
        "ENEMY_LOOK_AT_ME_ANG": 15,
        "ENEMY_LOOK_MY_SECTOR_ANG": 60,
        "FIND_COVER_TO_GET_POSITION_WITH_SHOOT": 2,
        "FRIENDLY_BOT_TYPES": [],
        "FRIEND_AGR_KILL": 0.2,
        "FRIEND_DEAD_AGR_LOW": -0.2,
        "GROUP_ANY_PHRASE_DELAY": 5,
        "GROUP_EXACTLY_PHRASE_DELAY": 20,
        "HEAL_DELAY_SEC": 5,
        "HIT_DELAY_WHEN_HAVE_SMT": -1,
        "HIT_DELAY_WHEN_PEACE": -1,
        "HIT_POINT_DETECTION": 4,
        "HOLD_IF_PROTECT_DELTA_LAST_TIME_SEEN": 8.5,
        "LASTSEEN_POINT_CHOOSE_COEF": 0.2,
        "LAST_ENEMY_LOOK_TO": 40,
        "MAX_AGGRO_BOT_DIST": 300,
        "MAX_AGGRO_BOT_DIST_SQR": 10000,
        "MAX_SHOOTS_TIME": 4,
        "MAX_START_AGGRESION_COEF": 3,
        "MIN_DAMAGE_SCARE": 20,
        "MIN_SHOOTS_TIME": 2,
        "MIN_START_AGGRESION_COEF": 1,
        "NO_RUN_AWAY_FOR_SAFE": false,
        "PART_PERCENT_TO_HEAL": 0.65,
        "PISTOL_SHOTGUN_AMBUSH_DIST": 30,
        "PROTECT_DELTA_HEAL_SEC": 10,
        "PROTECT_TIME_REAL": true,
        "SEC_TO_MORE_DIST_TO_RUN": 10,
        "SHOOT_INSTEAD_DOG_FIGHT": 9,
        "SIMPLE_POINT_CHOOSE_COEF": 0.4,
        "STANDART_AMBUSH_DIST": 100,
        "SUSPETION_POINT_CHANCE_ADD100": 0,
        "TIME_TO_FIND_ENEMY": 22,
        "TIME_TO_FORGOR_ABOUT_ENEMY_SEC": 102,
        "TIME_TO_RUN_TO_COVER_CAUSE_SHOOT_SEC": 15,
        "WARN_BOT_TYPES": [
          "assault"
        ]
      },
      "Move": {
        "BASESTART_SLOW_DIST": 1.1,
        "BASE_ROTATE_SPEED": 270,
        "BASE_SQRT_START_SERACH": 1225,
        "BASE_START_SERACH": 35,
        "CHANCE_TO_RUN_IF_NO_AMMO_0_100": 100,
        "DELTA_LAST_SEEN_ENEMY": 20,
        "DIST_TO_CAN_CHANGE_WAY": 8,
        "DIST_TO_CAN_CHANGE_WAY_SQR": 64,
        "DIST_TO_START_RAYCAST": 15,
        "DIST_TO_START_RAYCAST_SQR": 225,
        "ETERNITY_STAMINA": true,
        "FAR_DIST": 4,
        "FAR_DIST_SQR": 16,
        "REACH_DIST": 0.5,
        "REACH_DIST_COVER": 2,
        "REACH_DIST_RUN": 0.8,
        "RUN_IF_CANT_SHOOT": false,
        "RUN_IF_GAOL_FAR_THEN": 10,
        "RUN_TO_COVER_MIN": 2,
        "SEC_TO_CHANGE_TO_RUN": 3,
        "SLOW_COEF": 7,
        "START_SLOW_DIST": 1.5,
        "UPDATE_TIME_RECAL_WAY": 7,
        "Y_APPROXIMATION": 0.7
      },
      "Patrol": {
        "CAN_CHECK_MAGAZINE": false,
        "CAN_CHOOSE_RESERV": false,
        "CHANCE_TO_CHANGE_WAY_0_100": 30,
        "CHANCE_TO_CUT_WAY_0_100": 75,
        "CHANCE_TO_SHOOT_DEADBODY": 52,
        "CHANGE_WAY_TIME": 999325.1,
        "CLOSE_TO_SELECT_RESERV_WAY": 25,
        "CUT_WAY_MAX_0_1": 0.65,
        "CUT_WAY_MIN_0_1": 0.4,
        "FRIEND_SEARCH_SEC": 12,
        "LOOK_TIME_BASE": 12,
        "MAX_YDIST_TO_START_WARN_REQUEST_TO_REQUESTER": 5,
        "MIN_DIST_TO_CLOSE_TALK": 5,
        "MIN_DIST_TO_CLOSE_TALK_SQR": 25,
        "MIN_TALK_DELAY": 50,
        "RESERVE_OUT_TIME": 60,
        "RESERVE_TIME_STAY": 72,
        "SUSPETION_PLACE_LIFETIME": 7,
        "TALK_DELAY": 1.1,
        "TALK_DELAY_BIG": 55.1,
        "TRY_CHOOSE_RESERV_WAY_ON_START": false,
        "VISION_DIST_COEF_PEACE": 1
      },
      "Scattering": {
        "AMPLITUDE_FACTOR": 0.25,
        "AMPLITUDE_SPEED": 0.1,
        "BloodFall": 1.45,
        "Caution": 0.3,
        "DIST_FROM_OLD_POINT_TO_NOT_AIM": 15,
        "DIST_FROM_OLD_POINT_TO_NOT_AIM_SQRT": 225,
        "DIST_NOT_TO_SHOOT": 0.3,
        "FromShot": 0.001,
        "HandDamageAccuracySpeed": 1.3,
        "HandDamageScatteringMinMax": 0.7,
        "LayFactor": 0.1,
        "MaxScatter": 0.4,
        "MinScatter": 0.03,
        "MovingSlowCoef": 1.5,
        "PoseChnageCoef": 0.1,
        "RecoilControlCoefShootDone": 0.0003,
        "RecoilControlCoefShootDoneAuto": 0.00015,
        "RecoilYCoef": 0.0005,
        "RecoilYCoefSppedDown": -0.52,
        "RecoilYMax": 1,
        "SpeedDown": -0.3,
        "SpeedUp": 0.3,
        "SpeedUpAim": 1.4,
        "ToCaution": 0.6,
        "ToLowBotAngularSpeed": 80,
        "ToLowBotSpeed": 2.4,
        "ToSlowBotSpeed": 1.5,
        "ToStopBotAngularSpeed": 40,
        "ToUpBotSpeed": 3.6,
        "TracerCoef": 1.3,
        "WorkingScatter": 0.15
      },
      "Shoot": {
        "AUTOMATIC_FIRE_SCATTERING_COEF": 1.5,
        "BASE_AUTOMATIC_TIME": 0.2,
        "CAN_SHOOTS_TIME_TO_AMBUSH": 993,
        "CHANCE_TO_CHANGE_TO_AUTOMATIC_FIRE_100": 0,
        "CHANCE_TO_CHANGE_WEAPON": 100,
        "CHANCE_TO_CHANGE_WEAPON_WITH_HELMET": 100,
        "DELAY_BEFORE_EXAMINE_MALFUNCTION": 0.5,
        "DELAY_BEFORE_FIX_MALFUNCTION": 0.5,
        "FAR_DIST_ENEMY": 20,
        "FAR_DIST_ENEMY_SQR": 400,
        "FAR_DIST_TO_CHANGE_WEAPON": 30,
        "FINGER_HOLD_SINGLE_SHOT": 0.14,
        "HORIZONT_RECOIL_COEF": 0.04,
        "LOW_DIST_TO_CHANGE_WEAPON": 5,
        "MARKSMAN_DIST_SEK_COEF": 44,
        "MAX_DIST_COEF": 1.35,
        "MAX_RECOIL_PER_METER": 0.04,
        "NOT_TO_SEE_ENEMY_TO_WANT_RELOAD_PERCENT": 0.5,
        "NOT_TO_SEE_ENEMY_TO_WANT_RELOAD_SEC": 2,
        "RECOIL_DELTA_PRESS": 0.15,
        "RECOIL_PER_METER": 0.02,
        "RECOIL_TIME_NORMALIZE": 1,
        "RELOAD_PECNET_NO_ENEMY": 0.6,
        "REPAIR_MALFUNCTION_IMMEDIATE_CHANCE": 25,
        "RUN_DIST_NO_AMMO": 25,
        "RUN_DIST_NO_AMMO_SQRT": 625,
        "SHOOT_FROM_COVER": 4,
        "SUPPRESS_BY_SHOOT_TIME": 6,
        "SUPPRESS_TRIGGERS_DOWN": 7,
        "VALIDATE_MALFUNCTION_CHANCE": 100,
        "WAIT_NEXT_SINGLE_SHOT": 0.1,
        "WAIT_NEXT_SINGLE_SHOT_LONG_MAX": 3.3,
        "WAIT_NEXT_SINGLE_SHOT_LONG_MIN": 0.4
      }
    },
    "hard": {
      "Aiming": {
        "AIMING_TYPE": 5,
        "ANYTIME_LIGHT_WHEN_AIM_100": -1,
        "ANY_PART_SHOOT_TIME": 15,
        "BAD_SHOOTS_MAIN_COEF": 0.39,
        "BAD_SHOOTS_MAX": 0,
        "BAD_SHOOTS_MIN": 0,
        "BAD_SHOOTS_OFFSET": 1,
        "BASE_HIT_AFFECTION_DELAY_SEC": 0.57,
        "BASE_HIT_AFFECTION_MAX_ANG": 10,
        "BASE_HIT_AFFECTION_MIN_ANG": 4,
        "BASE_SHIEF": 0.05,
        "BETTER_PRECICING_COEF": 0.9,
        "BOTTOM_COEF": 0.1,
        "BOT_MOVE_IF_DELTA": 3.01,
        "COEF_FROM_COVER": 0.45,
        "COEF_IF_MOVE": 1,
        "DAMAGE_PANIC_TIME": 15,
        "DAMAGE_TO_DISCARD_AIM_0_100": 46,
        "DANGER_UP_POINT": 1.3,
        "DIST_TO_SHOOT_NO_OFFSET": 3,
        "DIST_TO_SHOOT_TO_CENTER": 3,
        "FIRST_CONTACT_ADD_CHANCE_100": 80,
        "FIRST_CONTACT_ADD_SEC": 0.1,
        "HARD_AIM": 0.75,
        "MAX_AIMING_UPGRADE_BY_TIME": 0.15,
        "MAX_AIM_PRECICING": 2,
        "MAX_TIME_DISCARD_AIM_SEC": 0.6,
        "MIN_TIME_DISCARD_AIM_SEC": 0.3,
        "NEXT_SHOT_MISS_CHANCE_100": 100,
        "NEXT_SHOT_MISS_Y_OFFSET": 1,
        "PANIC_ACCURATY_COEF": 1.2,
        "PANIC_COEF": 1.2,
        "PANIC_TIME": 2,
        "RECALC_MUST_TIME": 3,
        "RECLC_DIST": 0.7,
        "RECLC_SQR_DIST": 0.48999998,
        "SCATTERING_DIST_MODIF": 0.6,
        "SCATTERING_DIST_MODIF_CLOSE": 0.6,
        "SCATTERING_HAVE_DAMAGE_COEF": 2,
        "SHOOT_TO_CHANGE_PRIORITY": 5525,
        "SHPERE_FRIENDY_FIRE_SIZE": -0.1,
        "TIME_COEF_IF_MOVE": 1.1,
        "XZ_COEF": 0.4,
        "Y_BOTTOM_OFFSET_COEF": 0.15,
        "Y_TOP_OFFSET_COEF": 0.001
      },
      "Boss": {
        "BOSS_DIST_TO_SHOOT": 80,
        "BOSS_DIST_TO_SHOOT_SQRT": 6400,
        "BOSS_DIST_TO_WARNING": 80,
        "BOSS_DIST_TO_WARNING_OUT": 80,
        "BOSS_DIST_TO_WARNING_OUT_SQRT": 6400,
        "BOSS_DIST_TO_WARNING_SQRT": 6400,
        "CHANCE_TO_SEND_GRENADE_100": 100,
        "CHANCE_USE_RESERVE_PATROL_100": 30,
        "COVER_TO_SEND": true,
        "DELTA_SEARCH_TIME": 18,
        "EFFECT_PAINKILLER": true,
        "KILLA_AFTER_GRENADE_SUPPRESS_DELAY": 2,
        "KILLA_BULLET_TO_RELOAD": 15,
        "KILLA_CLOSEATTACK_DELAY": 10,
        "KILLA_CLOSEATTACK_TIMES": 3,
        "KILLA_CLOSE_ATTACK_DIST": 8,
        "KILLA_CONTUTION_TIME": 5,
        "KILLA_DEF_DIST_SQRT": 225,
        "KILLA_DIST_TO_GO_TO_SUPPRESS": 6,
        "KILLA_DITANCE_TO_BE_ENEMY_BOSS": 45,
        "KILLA_ENEMIES_TO_ATTACK": 3,
        "KILLA_HOLD_DELAY": 5,
        "KILLA_LARGE_ATTACK_DIST": 41,
        "KILLA_MIDDLE_ATTACK_DIST": 22,
        "KILLA_ONE_IS_CLOSE": 30,
        "KILLA_SEARCH_METERS": 30,
        "KILLA_SEARCH_SEC_STOP_AFTER_COMING": 25,
        "KILLA_START_SEARCH_SEC": 40,
        "KILLA_TRIGGER_DOWN_DELAY": 1,
        "KILLA_WAIT_IN_COVER_COEF": 1,
        "KILLA_Y_DELTA_TO_BE_ENEMY_BOSS": 5,
        "KOJANIY_DIST_ENEMY_TOO_CLOSE": 37,
        "KOJANIY_DIST_TO_BE_ENEMY": 200,
        "KOJANIY_DIST_WHEN_READY": 50,
        "KOJANIY_FIGHT_CENTER_POS_ME": false,
        "KOJANIY_MANY_ENEMIES_COEF": 1.5,
        "KOJANIY_MIN_DIST_TO_LOOT": 120,
        "KOJANIY_MIN_DIST_TO_LOOT_SQRT": 6400,
        "MAX_DIST_COVER_BOSS": 25,
        "MAX_DIST_COVER_BOSS_SQRT": 625,
        "MAX_DIST_DECIDER_TO_SEND": 35,
        "MAX_DIST_DECIDER_TO_SEND_SQRT": 1225,
        "PERSONS_SEND": 2,
        "SET_CHEAT_VISIBLE_WHEN_ADD_TO_ENEMY": true,
        "SHALL_WARN": false,
        "TIME_AFTER_LOSE": 15,
        "TIME_AFTER_LOSE_DELTA": 60,
        "WAIT_NO_ATTACK_SAVAGE": 4
      },
      "Change": {
        "FLASH_ACCURATY": 1.6,
        "FLASH_GAIN_SIGHT": 1.8,
        "FLASH_HEARING": 1,
        "FLASH_LAY_CHANCE": 1,
        "FLASH_PRECICING": 1.6,
        "FLASH_SCATTERING": 1.6,
        "FLASH_VISION_DIST": 0.05,
        "SMOKE_ACCURATY": 1.6,
        "SMOKE_GAIN_SIGHT": 1.6,
        "SMOKE_HEARING": 1,
        "SMOKE_LAY_CHANCE": 1.6,
        "SMOKE_PRECICING": 1.6,
        "SMOKE_SCATTERING": 1.6,
        "SMOKE_VISION_DIST": 0.6,
        "STUN_HEARING": 0.01
      },
      "Core": {
        "AccuratySpeed": 0.2,
        "AimingType": "normal",
        "CanGrenade": true,
        "CanRun": true,
        "DamageCoeff": 1,
        "GainSightCoef": 0.013,
        "HearingSense": 3.9,
        "PistolFireDistancePref": 35,
        "RifleFireDistancePref": 100,
        "ScatteringClosePerMeter": 0.12,
        "ScatteringPerMeter": 0.045,
        "ShotgunFireDistancePref": 50,
        "VisibleAngle": 160,
        "VisibleDistance": 162,
        "WaitInCoverBetweenShotsSec": 1
      },
      "Cover": {
        "CAN_LOOK_OUT_WHEN_HOLDING": false,
        "CHANGE_RUN_TO_COVER_SEC": 5,
        "CHANGE_RUN_TO_COVER_SEC_GREANDE": 0.6,
        "CHECK_CLOSEST_FRIEND": true,
        "CHECK_COVER_ENEMY_LOOK": false,
        "CLOSE_DIST_POINT_SQRT": 4,
        "DELETE_POINTS_BEHIND_ENEMIES": false,
        "DELTA_SEEN_FROM_COVE_LAST_POS": 15,
        "DEPENDS_Y_DIST_TO_BOT": false,
        "DIST_CANT_CHANGE_WAY": 5,
        "DIST_CANT_CHANGE_WAY_SQR": 25,
        "DIST_CHECK_SFETY": 9,
        "DIST_MAX_REWORK_NOT_TO_SHOOT": 85,
        "DOG_FIGHT_AFTER_LEAVE": 4,
        "HIDE_TO_COVER_TIME": 1.5,
        "HITS_TO_LEAVE_COVER": 1,
        "HITS_TO_LEAVE_COVER_UNKNOWN": 1,
        "LOOK_LAST_ENEMY_POS_LOOKAROUND": 45,
        "LOOK_LAST_ENEMY_POS_MOVING": 3,
        "LOOK_TO_HIT_POINT_IF_LAST_ENEMY": 3,
        "MAX_DIST_OF_COVER": 4,
        "MAX_DIST_OF_COVER_SQR": 16,
        "MAX_SPOTTED_TIME_SEC": 55,
        "MIN_DEFENCE_LEVEL": 15,
        "MIN_DIST_TO_ENEMY": 9,
        "MIN_TO_ENEMY_TO_BE_NOT_SAFE": 15,
        "MOVE_TO_COVER_WHEN_TARGET": false,
        "NOT_LOOK_AT_WALL_IS_DANGER": true,
        "OFFSET_LOOK_ALONG_WALL_ANG": 20,
        "RETURN_TO_ATTACK_AFTER_AMBUSH_MAX": 50,
        "RETURN_TO_ATTACK_AFTER_AMBUSH_MIN": 20,
        "REWORK_NOT_TO_SHOOT": false,
        "RUN_COVER_IF_CAN_AND_NO_ENEMIES": false,
        "RUN_IF_FAR": 15,
        "RUN_IF_FAR_SQRT": 225,
        "SHOOT_NEAR_SEC_PERIOD": 0.5,
        "SHOOT_NEAR_TO_LEAVE": 2,
        "SIT_DOWN_WHEN_HOLDING": true,
        "SOUND_TO_GET_SPOTTED": 2,
        "SPOTTED_COVERS_RADIUS": 2.5,
        "SPOTTED_GRENADE_RADIUS": 16,
        "SPOTTED_GRENADE_TIME": 7,
        "STAY_IF_FAR": 25,
        "STAY_IF_FAR_SQRT": 625,
        "TIME_CHECK_SAFE": 2,
        "TIME_TO_MOVE_TO_COVER": 15,
        "WAIT_INT_COVER_FINDING_ENEMY": 2
      },
      "Grenade": {
        "ADD_GRENADE_AS_DANGER": 65,
        "ADD_GRENADE_AS_DANGER_SQR": 4225,
        "AMBUSH_IF_SMOKE_IN_ZONE_100": 40,
        "AMBUSH_IF_SMOKE_RETURN_TO_ATTACK_SEC": 30,
        "ANG_TYPE": 1,
        "BEWARE_TYPE": 2,
        "BE_ATTENTION_COEF": 4,
        "CAN_THROW_STRAIGHT_CONTACT": true,
        "CHANCE_RUN_FLASHED_100": 100,
        "CHANCE_TO_NOTIFY_ENEMY_GR_100": 100,
        "CHEAT_START_GRENADE_PLACE": false,
        "CLOSE_TO_SMOKE_TIME_DELTA": 5,
        "CLOSE_TO_SMOKE_TO_SHOOT": 10,
        "CLOSE_TO_SMOKE_TO_SHOOT_SQRT": 100,
        "DAMAGE_GRENADE_SUPPRESS_DELTA": 8,
        "DELTA_GRENADE_START_TIME": 0.1,
        "DELTA_NEXT_ATTEMPT": 10,
        "DELTA_NEXT_ATTEMPT_FROM_COVER": 5,
        "FLASH_GRENADE_TIME_COEF": 0.25,
        "GrenadePerMeter": 0.1,
        "GrenadePrecision": 0.05,
        "MAX_FLASHED_DIST_TO_SHOOT": 10,
        "MAX_FLASHED_DIST_TO_SHOOT_SQRT": 100,
        "MAX_THROW_POWER": 25,
        "MIN_DIST_NOT_TO_THROW": 8,
        "MIN_DIST_NOT_TO_THROW_SQR": 64,
        "MIN_THROW_GRENADE_DIST": 12,
        "MIN_THROW_GRENADE_DIST_SQRT": 144,
        "NEAR_DELTA_THROW_TIME_SEC": 2,
        "NO_RUN_FROM_AI_GRENADES": true,
        "REQUEST_DIST_MUST_THROW": 3,
        "REQUEST_DIST_MUST_THROW_SQRT": 9,
        "RUN_AWAY": 22,
        "RUN_AWAY_SQR": 484,
        "SHOOT_TO_SMOKE_CHANCE_100": 50,
        "SIZE_SPOTTED_COEF": 2,
        "SMOKE_CHECK_DELTA": 1,
        "SMOKE_SUPPRESS_DELTA": 20,
        "STOP_WHEN_THROW_GRENADE": true,
        "STRAIGHT_CONTACT_DELTA_SEC": -1,
        "STUN_SUPPRESS_DELTA": 9,
        "TIME_SHOOT_TO_FLASH": 4,
        "WAIT_TIME_TURN_AWAY": 0.2
      },
      "Hearing": {
        "BOT_CLOSE_PANIC_DIST": 1,
        "CHANCE_TO_HEAR_SIMPLE_SOUND_0_1": 1.98,
        "CLOSE_DIST": 36,
        "DEAD_BODY_SOUND_RAD": 30,
        "DISPERSION_COEF": 10,
        "DIST_PLACE_TO_FIND_POINT": 70,
        "FAR_DIST": 66,
        "HEAR_DELAY_WHEN_HAVE_SMT": 0,
        "HEAR_DELAY_WHEN_PEACE": 0,
        "LOOK_ONLY_DANGER": false,
        "LOOK_ONLY_DANGER_DELTA": 15,
        "RESET_TIMER_DIST": 17,
        "SOUND_DIR_DEEFREE": 30
      },
      "Lay": {
        "ATTACK_LAY_CHANCE": 25,
        "CHECK_SHOOT_WHEN_LAYING": false,
        "CLEAR_POINTS_OF_SCARE_SEC": 20,
        "DAMAGE_TIME_TO_GETUP": 3,
        "DELTA_AFTER_GETUP": 10,
        "DELTA_GETUP": 2.7,
        "DELTA_LAY_CHECK": 2,
        "DELTA_WANT_LAY_CHECL_SEC": 5,
        "DIST_ENEMY_CAN_LAY": 15,
        "DIST_ENEMY_CAN_LAY_SQRT": 225,
        "DIST_ENEMY_GETUP_LAY": 5,
        "DIST_ENEMY_GETUP_LAY_SQRT": 100,
        "DIST_ENEMY_NULL_DANGER_LAY": 15,
        "DIST_ENEMY_NULL_DANGER_LAY_SQRT": 225,
        "DIST_GRASS_TERRAIN_SQRT": 0.160000011,
        "DIST_TO_COVER_TO_LAY": 3.5,
        "DIST_TO_COVER_TO_LAY_SQRT": 12.25,
        "LAY_AIM": 0.6,
        "LAY_CHANCE_DANGER": 40,
        "MAX_CAN_LAY_DIST": 200,
        "MAX_CAN_LAY_DIST_SQRT": 40000,
        "MAX_LAY_TIME": 35,
        "MIN_CAN_LAY_DIST": 11,
        "MIN_CAN_LAY_DIST_SQRT": 121
      },
      "Look": {
        "BODY_DELTA_TIME_SEARCH_SEC": 1.7,
        "CAN_LOOK_TO_WALL": false,
        "COME_TO_BODY_DIST": 1.2,
        "CloseDeltaTimeSec": 0.1,
        "DIST_CHECK_WALL": 20,
        "DIST_NOT_TO_IGNORE_WALL": 15,
        "ENEMY_LIGHT_ADD": 48,
        "ENEMY_LIGHT_START_DIST": 90,
        "FAR_DISTANCE": 160,
        "FarDeltaTimeSec": 3,
        "GOAL_TO_FULL_DISSAPEAR": 2,
        "GOAL_TO_FULL_DISSAPEAR_SHOOT": 0.03,
        "LOOK_AROUND_DELTA": 1.1,
        "LOOK_LAST_POSENEMY_IF_NO_DANGER_SEC": 25,
        "LOOK_THROUGH_GRASS": false,
        "LOOK_THROUGH_GRASS_DIST_METERS": 10,
        "LightOnVisionDistance": 30,
        "MARKSMAN_VISIBLE_DIST_COEF": 1.15,
        "MAX_DIST_CLAMP_TO_SEEN_SPEED": 40,
        "MAX_VISION_GRASS_METERS": 2.4,
        "MAX_VISION_GRASS_METERS_FLARE": 8,
        "MAX_VISION_GRASS_METERS_FLARE_OPT": 0.125,
        "MAX_VISION_GRASS_METERS_OPT": 0.9090909,
        "MIDDLE_DIST": 90,
        "MIN_LOOK_AROUD_TIME": 20,
        "MiddleDeltaTimeSec": 1,
        "OLD_TIME_POINT": 11,
        "ONLY_BODY": false,
        "POSIBLE_VISION_SPACE": 1.2,
        "VISIBLE_DISNACE_WITH_LIGHT": 100,
        "WAIT_NEW_SENSOR": 2.1,
        "WAIT_NEW__LOOK_SENSOR": 7.8
      },
      "Mind": {
        "AI_POWER_COEF": 120,
        "AMBUSH_WHEN_UNDER_FIRE": true,
        "AMBUSH_WHEN_UNDER_FIRE_TIME_RESIST": 60,
        "ATTACK_ENEMY_IF_PROTECT_DELTA_LAST_TIME_SEEN": 1.5,
        "ATTACK_IMMEDIATLY_CHANCE_0_100": 40,
        "BULLET_FEEL_CLOSE_SDIST": 3,
        "BULLET_FEEL_DIST": 360,
        "CAN_PANIC_IS_PROTECT": false,
        "CAN_RECEIVE_PLAYER_REQUESTS_BEAR": false,
        "CAN_RECEIVE_PLAYER_REQUESTS_SAVAGE": false,
        "CAN_RECEIVE_PLAYER_REQUESTS_USEC": false,
        "CAN_STAND_BY": false,
        "CAN_TAKE_ITEMS": false,
        "CAN_THROW_REQUESTS": true,
        "CAN_USE_MEDS": true,
        "CHANCE_FUCK_YOU_ON_CONTACT_100": 0.1,
        "CHANCE_SHOOT_WHEN_WARN_PLAYER_100": 25,
        "CHANCE_TO_RUN_CAUSE_DAMAGE_0_100": 35,
        "CHANCE_TO_STAY_WHEN_WARN_PLAYER_100": 80,
        "COVER_DIST_COEF": 1.5,
        "COVER_SECONDS_AFTER_LOSE_VISION": 10,
        "COVER_SELF_ALWAYS_IF_DAMAGED": false,
        "DAMAGE_REDUCTION_TIME_SEC": 20,
        "DANGER_POINT_CHOOSE_COEF": 1,
        "DEFAULT_BEAR_BEHAVIOUR": "Attack",
        "DEFAULT_ENEMY_BEAR": true,
        "DEFAULT_ENEMY_USEC": true,
        "DEFAULT_SAVAGE_BEHAVIOUR": "Attack",
        "DEFAULT_USEC_BEHAVIOUR": "Attack",
        "DIST_TO_ENEMY_YO_CAN_HEAL": 30,
        "DIST_TO_FOUND_SQRT": 400,
        "DIST_TO_STOP_RUN_ENEMY": 15,
        "DOG_FIGHT_IN": 3,
        "DOG_FIGHT_OUT": 6,
        "ENEMY_BOT_TYPES": [],
        "ENEMY_LOOK_AT_ME_ANG": 15,
        "ENEMY_LOOK_MY_SECTOR_ANG": 60,
        "FIND_COVER_TO_GET_POSITION_WITH_SHOOT": 2,
        "FRIENDLY_BOT_TYPES": [],
        "FRIEND_AGR_KILL": 0.2,
        "FRIEND_DEAD_AGR_LOW": -0.2,
        "GROUP_ANY_PHRASE_DELAY": 5,
        "GROUP_EXACTLY_PHRASE_DELAY": 20,
        "HEAL_DELAY_SEC": 5,
        "HIT_DELAY_WHEN_HAVE_SMT": -1,
        "HIT_DELAY_WHEN_PEACE": -1,
        "HIT_POINT_DETECTION": 4,
        "HOLD_IF_PROTECT_DELTA_LAST_TIME_SEEN": 8.5,
        "LASTSEEN_POINT_CHOOSE_COEF": 0.2,
        "LAST_ENEMY_LOOK_TO": 40,
        "MAX_AGGRO_BOT_DIST": 300,
        "MAX_AGGRO_BOT_DIST_SQR": 10000,
        "MAX_SHOOTS_TIME": 4,
        "MAX_START_AGGRESION_COEF": 3,
        "MIN_DAMAGE_SCARE": 20,
        "MIN_SHOOTS_TIME": 2,
        "MIN_START_AGGRESION_COEF": 1,
        "NO_RUN_AWAY_FOR_SAFE": false,
        "PART_PERCENT_TO_HEAL": 0.65,
        "PISTOL_SHOTGUN_AMBUSH_DIST": 30,
        "PROTECT_DELTA_HEAL_SEC": 10,
        "PROTECT_TIME_REAL": true,
        "SEC_TO_MORE_DIST_TO_RUN": 10,
        "SHOOT_INSTEAD_DOG_FIGHT": 9,
        "SIMPLE_POINT_CHOOSE_COEF": 0.4,
        "STANDART_AMBUSH_DIST": 100,
        "SUSPETION_POINT_CHANCE_ADD100": 0,
        "TIME_TO_FIND_ENEMY": 22,
        "TIME_TO_FORGOR_ABOUT_ENEMY_SEC": 102,
        "TIME_TO_RUN_TO_COVER_CAUSE_SHOOT_SEC": 15,
        "WARN_BOT_TYPES": [
          "assault"
        ]
      },
      "Move": {
        "BASESTART_SLOW_DIST": 1.1,
        "BASE_ROTATE_SPEED": 270,
        "BASE_SQRT_START_SERACH": 1225,
        "BASE_START_SERACH": 35,
        "CHANCE_TO_RUN_IF_NO_AMMO_0_100": 100,
        "DELTA_LAST_SEEN_ENEMY": 20,
        "DIST_TO_CAN_CHANGE_WAY": 8,
        "DIST_TO_CAN_CHANGE_WAY_SQR": 64,
        "DIST_TO_START_RAYCAST": 15,
        "DIST_TO_START_RAYCAST_SQR": 225,
        "ETERNITY_STAMINA": true,
        "FAR_DIST": 4,
        "FAR_DIST_SQR": 16,
        "REACH_DIST": 0.5,
        "REACH_DIST_COVER": 2,
        "REACH_DIST_RUN": 0.8,
        "RUN_IF_CANT_SHOOT": false,
        "RUN_IF_GAOL_FAR_THEN": 10,
        "RUN_TO_COVER_MIN": 2,
        "SEC_TO_CHANGE_TO_RUN": 3,
        "SLOW_COEF": 7,
        "START_SLOW_DIST": 1.5,
        "UPDATE_TIME_RECAL_WAY": 7,
        "Y_APPROXIMATION": 0.7
      },
      "Patrol": {
        "CAN_CHECK_MAGAZINE": false,
        "CAN_CHOOSE_RESERV": false,
        "CHANCE_TO_CHANGE_WAY_0_100": 30,
        "CHANCE_TO_CUT_WAY_0_100": 75,
        "CHANCE_TO_SHOOT_DEADBODY": 52,
        "CHANGE_WAY_TIME": 999325.1,
        "CLOSE_TO_SELECT_RESERV_WAY": 25,
        "CUT_WAY_MAX_0_1": 0.65,
        "CUT_WAY_MIN_0_1": 0.4,
        "FRIEND_SEARCH_SEC": 12,
        "LOOK_TIME_BASE": 12,
        "MAX_YDIST_TO_START_WARN_REQUEST_TO_REQUESTER": 5,
        "MIN_DIST_TO_CLOSE_TALK": 5,
        "MIN_DIST_TO_CLOSE_TALK_SQR": 25,
        "MIN_TALK_DELAY": 50,
        "RESERVE_OUT_TIME": 60,
        "RESERVE_TIME_STAY": 72,
        "SUSPETION_PLACE_LIFETIME": 7,
        "TALK_DELAY": 1.1,
        "TALK_DELAY_BIG": 55.1,
        "TRY_CHOOSE_RESERV_WAY_ON_START": false,
        "VISION_DIST_COEF_PEACE": 1
      },
      "Scattering": {
        "AMPLITUDE_FACTOR": 0.25,
        "AMPLITUDE_SPEED": 0.1,
        "BloodFall": 1.45,
        "Caution": 0.3,
        "DIST_FROM_OLD_POINT_TO_NOT_AIM": 15,
        "DIST_FROM_OLD_POINT_TO_NOT_AIM_SQRT": 225,
        "DIST_NOT_TO_SHOOT": 0.3,
        "FromShot": 0.001,
        "HandDamageAccuracySpeed": 1.3,
        "HandDamageScatteringMinMax": 0.7,
        "LayFactor": 0.1,
        "MaxScatter": 0.4,
        "MinScatter": 0.03,
        "MovingSlowCoef": 1.5,
        "PoseChnageCoef": 0.1,
        "RecoilControlCoefShootDone": 0.0003,
        "RecoilControlCoefShootDoneAuto": 0.00015,
        "RecoilYCoef": 0.0005,
        "RecoilYCoefSppedDown": -0.52,
        "RecoilYMax": 1,
        "SpeedDown": -0.3,
        "SpeedUp": 0.3,
        "SpeedUpAim": 1.4,
        "ToCaution": 0.6,
        "ToLowBotAngularSpeed": 80,
        "ToLowBotSpeed": 2.4,
        "ToSlowBotSpeed": 1.5,
        "ToStopBotAngularSpeed": 40,
        "ToUpBotSpeed": 3.6,
        "TracerCoef": 1.3,
        "WorkingScatter": 0.15
      },
      "Shoot": {
        "AUTOMATIC_FIRE_SCATTERING_COEF": 1.5,
        "BASE_AUTOMATIC_TIME": 0.2,
        "CAN_SHOOTS_TIME_TO_AMBUSH": 993,
        "CHANCE_TO_CHANGE_TO_AUTOMATIC_FIRE_100": 0,
        "CHANCE_TO_CHANGE_WEAPON": 100,
        "CHANCE_TO_CHANGE_WEAPON_WITH_HELMET": 100,
        "DELAY_BEFORE_EXAMINE_MALFUNCTION": 0.5,
        "DELAY_BEFORE_FIX_MALFUNCTION": 0.5,
        "FAR_DIST_ENEMY": 20,
        "FAR_DIST_ENEMY_SQR": 400,
        "FAR_DIST_TO_CHANGE_WEAPON": 30,
        "FINGER_HOLD_SINGLE_SHOT": 0.14,
        "HORIZONT_RECOIL_COEF": 0.04,
        "LOW_DIST_TO_CHANGE_WEAPON": 5,
        "MARKSMAN_DIST_SEK_COEF": 44,
        "MAX_DIST_COEF": 1.35,
        "MAX_RECOIL_PER_METER": 0.04,
        "NOT_TO_SEE_ENEMY_TO_WANT_RELOAD_PERCENT": 0.5,
        "NOT_TO_SEE_ENEMY_TO_WANT_RELOAD_SEC": 2,
        "RECOIL_DELTA_PRESS": 0.15,
        "RECOIL_PER_METER": 0.02,
        "RECOIL_TIME_NORMALIZE": 1,
        "RELOAD_PECNET_NO_ENEMY": 0.6,
        "REPAIR_MALFUNCTION_IMMEDIATE_CHANCE": 25,
        "RUN_DIST_NO_AMMO": 25,
        "RUN_DIST_NO_AMMO_SQRT": 625,
        "SHOOT_FROM_COVER": 4,
        "SUPPRESS_BY_SHOOT_TIME": 6,
        "SUPPRESS_TRIGGERS_DOWN": 7,
        "VALIDATE_MALFUNCTION_CHANCE": 100,
        "WAIT_NEXT_SINGLE_SHOT": 0.1,
        "WAIT_NEXT_SINGLE_SHOT_LONG_MAX": 3.3,
        "WAIT_NEXT_SINGLE_SHOT_LONG_MIN": 0.4
      }
    },
    "impossible": {
      "Aiming": {
        "AIMING_TYPE": 5,
        "ANYTIME_LIGHT_WHEN_AIM_100": -1,
        "ANY_PART_SHOOT_TIME": 15,
        "BAD_SHOOTS_MAIN_COEF": 0.39,
        "BAD_SHOOTS_MAX": 0,
        "BAD_SHOOTS_MIN": 0,
        "BAD_SHOOTS_OFFSET": 1,
        "BASE_HIT_AFFECTION_DELAY_SEC": 0.57,
        "BASE_HIT_AFFECTION_MAX_ANG": 10,
        "BASE_HIT_AFFECTION_MIN_ANG": 4,
        "BASE_SHIEF": 0.05,
        "BETTER_PRECICING_COEF": 0.9,
        "BOTTOM_COEF": 0.1,
        "BOT_MOVE_IF_DELTA": 3.01,
        "COEF_FROM_COVER": 0.45,
        "COEF_IF_MOVE": 1,
        "DAMAGE_PANIC_TIME": 15,
        "DAMAGE_TO_DISCARD_AIM_0_100": 46,
        "DANGER_UP_POINT": 1.3,
        "DIST_TO_SHOOT_NO_OFFSET": 3,
        "DIST_TO_SHOOT_TO_CENTER": 3,
        "FIRST_CONTACT_ADD_CHANCE_100": 80,
        "FIRST_CONTACT_ADD_SEC": 0.1,
        "HARD_AIM": 0.75,
        "MAX_AIMING_UPGRADE_BY_TIME": 0.15,
        "MAX_AIM_PRECICING": 2,
        "MAX_TIME_DISCARD_AIM_SEC": 0.6,
        "MIN_TIME_DISCARD_AIM_SEC": 0.3,
        "NEXT_SHOT_MISS_CHANCE_100": 100,
        "NEXT_SHOT_MISS_Y_OFFSET": 1,
        "PANIC_ACCURATY_COEF": 1.2,
        "PANIC_COEF": 1.2,
        "PANIC_TIME": 2,
        "RECALC_MUST_TIME": 3,
        "RECLC_DIST": 0.7,
        "RECLC_SQR_DIST": 0.48999998,
        "SCATTERING_DIST_MODIF": 0.6,
        "SCATTERING_DIST_MODIF_CLOSE": 0.6,
        "SCATTERING_HAVE_DAMAGE_COEF": 2,
        "SHOOT_TO_CHANGE_PRIORITY": 5525,
        "SHPERE_FRIENDY_FIRE_SIZE": -0.1,
        "TIME_COEF_IF_MOVE": 1.1,
        "XZ_COEF": 0.4,
        "Y_BOTTOM_OFFSET_COEF": 0.15,
        "Y_TOP_OFFSET_COEF": 0.001
      },
      "Boss": {
        "BOSS_DIST_TO_SHOOT": 80,
        "BOSS_DIST_TO_SHOOT_SQRT": 6400,
        "BOSS_DIST_TO_WARNING": 80,
        "BOSS_DIST_TO_WARNING_OUT": 80,
        "BOSS_DIST_TO_WARNING_OUT_SQRT": 6400,
        "BOSS_DIST_TO_WARNING_SQRT": 6400,
        "CHANCE_TO_SEND_GRENADE_100": 100,
        "CHANCE_USE_RESERVE_PATROL_100": 30,
        "COVER_TO_SEND": true,
        "DELTA_SEARCH_TIME": 18,
        "EFFECT_PAINKILLER": true,
        "KILLA_AFTER_GRENADE_SUPPRESS_DELAY": 2,
        "KILLA_BULLET_TO_RELOAD": 15,
        "KILLA_CLOSEATTACK_DELAY": 10,
        "KILLA_CLOSEATTACK_TIMES": 3,
        "KILLA_CLOSE_ATTACK_DIST": 8,
        "KILLA_CONTUTION_TIME": 5,
        "KILLA_DEF_DIST_SQRT": 225,
        "KILLA_DIST_TO_GO_TO_SUPPRESS": 6,
        "KILLA_DITANCE_TO_BE_ENEMY_BOSS": 45,
        "KILLA_ENEMIES_TO_ATTACK": 3,
        "KILLA_HOLD_DELAY": 5,
        "KILLA_LARGE_ATTACK_DIST": 41,
        "KILLA_MIDDLE_ATTACK_DIST": 22,
        "KILLA_ONE_IS_CLOSE": 30,
        "KILLA_SEARCH_METERS": 30,
        "KILLA_SEARCH_SEC_STOP_AFTER_COMING": 25,
        "KILLA_START_SEARCH_SEC": 40,
        "KILLA_TRIGGER_DOWN_DELAY": 1,
        "KILLA_WAIT_IN_COVER_COEF": 1,
        "KILLA_Y_DELTA_TO_BE_ENEMY_BOSS": 5,
        "KOJANIY_DIST_ENEMY_TOO_CLOSE": 37,
        "KOJANIY_DIST_TO_BE_ENEMY": 200,
        "KOJANIY_DIST_WHEN_READY": 50,
        "KOJANIY_FIGHT_CENTER_POS_ME": false,
        "KOJANIY_MANY_ENEMIES_COEF": 1.5,
        "KOJANIY_MIN_DIST_TO_LOOT": 120,
        "KOJANIY_MIN_DIST_TO_LOOT_SQRT": 6400,
        "MAX_DIST_COVER_BOSS": 25,
        "MAX_DIST_COVER_BOSS_SQRT": 625,
        "MAX_DIST_DECIDER_TO_SEND": 35,
        "MAX_DIST_DECIDER_TO_SEND_SQRT": 1225,
        "PERSONS_SEND": 2,
        "SET_CHEAT_VISIBLE_WHEN_ADD_TO_ENEMY": true,
        "SHALL_WARN": false,
        "TIME_AFTER_LOSE": 15,
        "TIME_AFTER_LOSE_DELTA": 60,
        "WAIT_NO_ATTACK_SAVAGE": 4
      },
      "Change": {
        "FLASH_ACCURATY": 1.6,
        "FLASH_GAIN_SIGHT": 1.8,
        "FLASH_HEARING": 1,
        "FLASH_LAY_CHANCE": 1,
        "FLASH_PRECICING": 1.6,
        "FLASH_SCATTERING": 1.6,
        "FLASH_VISION_DIST": 0.05,
        "SMOKE_ACCURATY": 1.6,
        "SMOKE_GAIN_SIGHT": 1.6,
        "SMOKE_HEARING": 1,
        "SMOKE_LAY_CHANCE": 1.6,
        "SMOKE_PRECICING": 1.6,
        "SMOKE_SCATTERING": 1.6,
        "SMOKE_VISION_DIST": 0.6,
        "STUN_HEARING": 0.01
      },
      "Core": {
        "AccuratySpeed": 0.2,
        "AimingType": "normal",
        "CanGrenade": true,
        "CanRun": true,
        "DamageCoeff": 1,
        "GainSightCoef": 0.013,
        "HearingSense": 3.9,
        "PistolFireDistancePref": 35,
        "RifleFireDistancePref": 100,
        "ScatteringClosePerMeter": 0.12,
        "ScatteringPerMeter": 0.045,
        "ShotgunFireDistancePref": 50,
        "VisibleAngle": 160,
        "VisibleDistance": 162,
        "WaitInCoverBetweenShotsSec": 1
      },
      "Cover": {
        "CAN_LOOK_OUT_WHEN_HOLDING": false,
        "CHANGE_RUN_TO_COVER_SEC": 5,
        "CHANGE_RUN_TO_COVER_SEC_GREANDE": 0.6,
        "CHECK_CLOSEST_FRIEND": true,
        "CHECK_COVER_ENEMY_LOOK": false,
        "CLOSE_DIST_POINT_SQRT": 4,
        "DELETE_POINTS_BEHIND_ENEMIES": false,
        "DELTA_SEEN_FROM_COVE_LAST_POS": 15,
        "DEPENDS_Y_DIST_TO_BOT": false,
        "DIST_CANT_CHANGE_WAY": 5,
        "DIST_CANT_CHANGE_WAY_SQR": 25,
        "DIST_CHECK_SFETY": 9,
        "DIST_MAX_REWORK_NOT_TO_SHOOT": 85,
        "DOG_FIGHT_AFTER_LEAVE": 4,
        "HIDE_TO_COVER_TIME": 1.5,
        "HITS_TO_LEAVE_COVER": 1,
        "HITS_TO_LEAVE_COVER_UNKNOWN": 1,
        "LOOK_LAST_ENEMY_POS_LOOKAROUND": 45,
        "LOOK_LAST_ENEMY_POS_MOVING": 3,
        "LOOK_TO_HIT_POINT_IF_LAST_ENEMY": 3,
        "MAX_DIST_OF_COVER": 4,
        "MAX_DIST_OF_COVER_SQR": 16,
        "MAX_SPOTTED_TIME_SEC": 55,
        "MIN_DEFENCE_LEVEL": 15,
        "MIN_DIST_TO_ENEMY": 9,
        "MIN_TO_ENEMY_TO_BE_NOT_SAFE": 15,
        "MOVE_TO_COVER_WHEN_TARGET": false,
        "NOT_LOOK_AT_WALL_IS_DANGER": true,
        "OFFSET_LOOK_ALONG_WALL_ANG": 20,
        "RETURN_TO_ATTACK_AFTER_AMBUSH_MAX": 50,
        "RETURN_TO_ATTACK_AFTER_AMBUSH_MIN": 20,
        "REWORK_NOT_TO_SHOOT": false,
        "RUN_COVER_IF_CAN_AND_NO_ENEMIES": false,
        "RUN_IF_FAR": 15,
        "RUN_IF_FAR_SQRT": 225,
        "SHOOT_NEAR_SEC_PERIOD": 0.5,
        "SHOOT_NEAR_TO_LEAVE": 2,
        "SIT_DOWN_WHEN_HOLDING": true,
        "SOUND_TO_GET_SPOTTED": 2,
        "SPOTTED_COVERS_RADIUS": 2.5,
        "SPOTTED_GRENADE_RADIUS": 16,
        "SPOTTED_GRENADE_TIME": 7,
        "STAY_IF_FAR": 25,
        "STAY_IF_FAR_SQRT": 625,
        "TIME_CHECK_SAFE": 2,
        "TIME_TO_MOVE_TO_COVER": 15,
        "WAIT_INT_COVER_FINDING_ENEMY": 2
      },
      "Grenade": {
        "ADD_GRENADE_AS_DANGER": 65,
        "ADD_GRENADE_AS_DANGER_SQR": 4225,
        "AMBUSH_IF_SMOKE_IN_ZONE_100": 40,
        "AMBUSH_IF_SMOKE_RETURN_TO_ATTACK_SEC": 30,
        "ANG_TYPE": 1,
        "BEWARE_TYPE": 2,
        "BE_ATTENTION_COEF": 4,
        "CAN_THROW_STRAIGHT_CONTACT": true,
        "CHANCE_RUN_FLASHED_100": 100,
        "CHANCE_TO_NOTIFY_ENEMY_GR_100": 100,
        "CHEAT_START_GRENADE_PLACE": false,
        "CLOSE_TO_SMOKE_TIME_DELTA": 5,
        "CLOSE_TO_SMOKE_TO_SHOOT": 10,
        "CLOSE_TO_SMOKE_TO_SHOOT_SQRT": 100,
        "DAMAGE_GRENADE_SUPPRESS_DELTA": 8,
        "DELTA_GRENADE_START_TIME": 0.1,
        "DELTA_NEXT_ATTEMPT": 10,
        "DELTA_NEXT_ATTEMPT_FROM_COVER": 5,
        "FLASH_GRENADE_TIME_COEF": 0.25,
        "GrenadePerMeter": 0.1,
        "GrenadePrecision": 0.05,
        "MAX_FLASHED_DIST_TO_SHOOT": 10,
        "MAX_FLASHED_DIST_TO_SHOOT_SQRT": 100,
        "MAX_THROW_POWER": 25,
        "MIN_DIST_NOT_TO_THROW": 8,
        "MIN_DIST_NOT_TO_THROW_SQR": 64,
        "MIN_THROW_GRENADE_DIST": 12,
        "MIN_THROW_GRENADE_DIST_SQRT": 144,
        "NEAR_DELTA_THROW_TIME_SEC": 2,
        "NO_RUN_FROM_AI_GRENADES": true,
        "REQUEST_DIST_MUST_THROW": 3,
        "REQUEST_DIST_MUST_THROW_SQRT": 9,
        "RUN_AWAY": 22,
        "RUN_AWAY_SQR": 484,
        "SHOOT_TO_SMOKE_CHANCE_100": 50,
        "SIZE_SPOTTED_COEF": 2,
        "SMOKE_CHECK_DELTA": 1,
        "SMOKE_SUPPRESS_DELTA": 20,
        "STOP_WHEN_THROW_GRENADE": true,
        "STRAIGHT_CONTACT_DELTA_SEC": -1,
        "STUN_SUPPRESS_DELTA": 9,
        "TIME_SHOOT_TO_FLASH": 4,
        "WAIT_TIME_TURN_AWAY": 0.2
      },
      "Hearing": {
        "BOT_CLOSE_PANIC_DIST": 1,
        "CHANCE_TO_HEAR_SIMPLE_SOUND_0_1": 1.98,
        "CLOSE_DIST": 36,
        "DEAD_BODY_SOUND_RAD": 30,
        "DISPERSION_COEF": 10,
        "DIST_PLACE_TO_FIND_POINT": 70,
        "FAR_DIST": 66,
        "HEAR_DELAY_WHEN_HAVE_SMT": 0,
        "HEAR_DELAY_WHEN_PEACE": 0,
        "LOOK_ONLY_DANGER": false,
        "LOOK_ONLY_DANGER_DELTA": 15,
        "RESET_TIMER_DIST": 17,
        "SOUND_DIR_DEEFREE": 30
      },
      "Lay": {
        "ATTACK_LAY_CHANCE": 25,
        "CHECK_SHOOT_WHEN_LAYING": false,
        "CLEAR_POINTS_OF_SCARE_SEC": 20,
        "DAMAGE_TIME_TO_GETUP": 3,
        "DELTA_AFTER_GETUP": 10,
        "DELTA_GETUP": 2.7,
        "DELTA_LAY_CHECK": 2,
        "DELTA_WANT_LAY_CHECL_SEC": 5,
        "DIST_ENEMY_CAN_LAY": 15,
        "DIST_ENEMY_CAN_LAY_SQRT": 225,
        "DIST_ENEMY_GETUP_LAY": 5,
        "DIST_ENEMY_GETUP_LAY_SQRT": 100,
        "DIST_ENEMY_NULL_DANGER_LAY": 15,
        "DIST_ENEMY_NULL_DANGER_LAY_SQRT": 225,
        "DIST_GRASS_TERRAIN_SQRT": 0.160000011,
        "DIST_TO_COVER_TO_LAY": 3.5,
        "DIST_TO_COVER_TO_LAY_SQRT": 12.25,
        "LAY_AIM": 0.6,
        "LAY_CHANCE_DANGER": 40,
        "MAX_CAN_LAY_DIST": 200,
        "MAX_CAN_LAY_DIST_SQRT": 40000,
        "MAX_LAY_TIME": 35,
        "MIN_CAN_LAY_DIST": 11,
        "MIN_CAN_LAY_DIST_SQRT": 121
      },
      "Look": {
        "BODY_DELTA_TIME_SEARCH_SEC": 1.7,
        "CAN_LOOK_TO_WALL": false,
        "COME_TO_BODY_DIST": 1.2,
        "CloseDeltaTimeSec": 0.1,
        "DIST_CHECK_WALL": 20,
        "DIST_NOT_TO_IGNORE_WALL": 15,
        "ENEMY_LIGHT_ADD": 48,
        "ENEMY_LIGHT_START_DIST": 90,
        "FAR_DISTANCE": 160,
        "FarDeltaTimeSec": 3,
        "GOAL_TO_FULL_DISSAPEAR": 2,
        "GOAL_TO_FULL_DISSAPEAR_SHOOT": 0.03,
        "LOOK_AROUND_DELTA": 1.1,
        "LOOK_LAST_POSENEMY_IF_NO_DANGER_SEC": 25,
        "LOOK_THROUGH_GRASS": false,
        "LOOK_THROUGH_GRASS_DIST_METERS": 10,
        "LightOnVisionDistance": 30,
        "MARKSMAN_VISIBLE_DIST_COEF": 1.15,
        "MAX_DIST_CLAMP_TO_SEEN_SPEED": 40,
        "MAX_VISION_GRASS_METERS": 2.4,
        "MAX_VISION_GRASS_METERS_FLARE": 8,
        "MAX_VISION_GRASS_METERS_FLARE_OPT": 0.125,
        "MAX_VISION_GRASS_METERS_OPT": 0.9090909,
        "MIDDLE_DIST": 90,
        "MIN_LOOK_AROUD_TIME": 20,
        "MiddleDeltaTimeSec": 1,
        "OLD_TIME_POINT": 11,
        "ONLY_BODY": false,
        "POSIBLE_VISION_SPACE": 1.2,
        "VISIBLE_DISNACE_WITH_LIGHT": 100,
        "WAIT_NEW_SENSOR": 2.1,
        "WAIT_NEW__LOOK_SENSOR": 7.8
      },
      "Mind": {
        "AI_POWER_COEF": 120,
        "AMBUSH_WHEN_UNDER_FIRE": true,
        "AMBUSH_WHEN_UNDER_FIRE_TIME_RESIST": 60,
        "ATTACK_ENEMY_IF_PROTECT_DELTA_LAST_TIME_SEEN": 1.5,
        "ATTACK_IMMEDIATLY_CHANCE_0_100": 40,
        "BULLET_FEEL_CLOSE_SDIST": 3,
        "BULLET_FEEL_DIST": 360,
        "CAN_PANIC_IS_PROTECT": false,
        "CAN_RECEIVE_PLAYER_REQUESTS_BEAR": false,
        "CAN_RECEIVE_PLAYER_REQUESTS_SAVAGE": false,
        "CAN_RECEIVE_PLAYER_REQUESTS_USEC": false,
        "CAN_STAND_BY": false,
        "CAN_TAKE_ITEMS": false,
        "CAN_THROW_REQUESTS": true,
        "CAN_USE_MEDS": true,
        "CHANCE_FUCK_YOU_ON_CONTACT_100": 0.1,
        "CHANCE_SHOOT_WHEN_WARN_PLAYER_100": 25,
        "CHANCE_TO_RUN_CAUSE_DAMAGE_0_100": 35,
        "CHANCE_TO_STAY_WHEN_WARN_PLAYER_100": 80,
        "COVER_DIST_COEF": 1.5,
        "COVER_SECONDS_AFTER_LOSE_VISION": 10,
        "COVER_SELF_ALWAYS_IF_DAMAGED": false,
        "DAMAGE_REDUCTION_TIME_SEC": 20,
        "DANGER_POINT_CHOOSE_COEF": 1,
        "DEFAULT_BEAR_BEHAVIOUR": "Attack",
        "DEFAULT_ENEMY_BEAR": true,
        "DEFAULT_ENEMY_USEC": true,
        "DEFAULT_SAVAGE_BEHAVIOUR": "Attack",
        "DEFAULT_USEC_BEHAVIOUR": "Attack",
        "DIST_TO_ENEMY_YO_CAN_HEAL": 30,
        "DIST_TO_FOUND_SQRT": 400,
        "DIST_TO_STOP_RUN_ENEMY": 15,
        "DOG_FIGHT_IN": 3,
        "DOG_FIGHT_OUT": 6,
        "ENEMY_BOT_TYPES": [],
        "ENEMY_LOOK_AT_ME_ANG": 15,
        "ENEMY_LOOK_MY_SECTOR_ANG": 60,
        "FIND_COVER_TO_GET_POSITION_WITH_SHOOT": 2,
        "FRIENDLY_BOT_TYPES": [],
        "FRIEND_AGR_KILL": 0.2,
        "FRIEND_DEAD_AGR_LOW": -0.2,
        "GROUP_ANY_PHRASE_DELAY": 5,
        "GROUP_EXACTLY_PHRASE_DELAY": 20,
        "HEAL_DELAY_SEC": 5,
        "HIT_DELAY_WHEN_HAVE_SMT": -1,
        "HIT_DELAY_WHEN_PEACE": -1,
        "HIT_POINT_DETECTION": 4,
        "HOLD_IF_PROTECT_DELTA_LAST_TIME_SEEN": 8.5,
        "LASTSEEN_POINT_CHOOSE_COEF": 0.2,
        "LAST_ENEMY_LOOK_TO": 40,
        "MAX_AGGRO_BOT_DIST": 300,
        "MAX_AGGRO_BOT_DIST_SQR": 10000,
        "MAX_SHOOTS_TIME": 4,
        "MAX_START_AGGRESION_COEF": 3,
        "MIN_DAMAGE_SCARE": 20,
        "MIN_SHOOTS_TIME": 2,
        "MIN_START_AGGRESION_COEF": 1,
        "NO_RUN_AWAY_FOR_SAFE": false,
        "PART_PERCENT_TO_HEAL": 0.65,
        "PISTOL_SHOTGUN_AMBUSH_DIST": 30,
        "PROTECT_DELTA_HEAL_SEC": 10,
        "PROTECT_TIME_REAL": true,
        "SEC_TO_MORE_DIST_TO_RUN": 10,
        "SHOOT_INSTEAD_DOG_FIGHT": 9,
        "SIMPLE_POINT_CHOOSE_COEF": 0.4,
        "STANDART_AMBUSH_DIST": 100,
        "SUSPETION_POINT_CHANCE_ADD100": 0,
        "TIME_TO_FIND_ENEMY": 22,
        "TIME_TO_FORGOR_ABOUT_ENEMY_SEC": 102,
        "TIME_TO_RUN_TO_COVER_CAUSE_SHOOT_SEC": 15,
        "WARN_BOT_TYPES": [
          "assault"
        ]
      },
      "Move": {
        "BASESTART_SLOW_DIST": 1.1,
        "BASE_ROTATE_SPEED": 270,
        "BASE_SQRT_START_SERACH": 1225,
        "BASE_START_SERACH": 35,
        "CHANCE_TO_RUN_IF_NO_AMMO_0_100": 100,
        "DELTA_LAST_SEEN_ENEMY": 20,
        "DIST_TO_CAN_CHANGE_WAY": 8,
        "DIST_TO_CAN_CHANGE_WAY_SQR": 64,
        "DIST_TO_START_RAYCAST": 15,
        "DIST_TO_START_RAYCAST_SQR": 225,
        "ETERNITY_STAMINA": true,
        "FAR_DIST": 4,
        "FAR_DIST_SQR": 16,
        "REACH_DIST": 0.5,
        "REACH_DIST_COVER": 2,
        "REACH_DIST_RUN": 0.8,
        "RUN_IF_CANT_SHOOT": false,
        "RUN_IF_GAOL_FAR_THEN": 10,
        "RUN_TO_COVER_MIN": 2,
        "SEC_TO_CHANGE_TO_RUN": 3,
        "SLOW_COEF": 7,
        "START_SLOW_DIST": 1.5,
        "UPDATE_TIME_RECAL_WAY": 7,
        "Y_APPROXIMATION": 0.7
      },
      "Patrol": {
        "CAN_CHECK_MAGAZINE": false,
        "CAN_CHOOSE_RESERV": false,
        "CHANCE_TO_CHANGE_WAY_0_100": 30,
        "CHANCE_TO_CUT_WAY_0_100": 75,
        "CHANCE_TO_SHOOT_DEADBODY": 52,
        "CHANGE_WAY_TIME": 999325.1,
        "CLOSE_TO_SELECT_RESERV_WAY": 25,
        "CUT_WAY_MAX_0_1": 0.65,
        "CUT_WAY_MIN_0_1": 0.4,
        "FRIEND_SEARCH_SEC": 12,
        "LOOK_TIME_BASE": 12,
        "MAX_YDIST_TO_START_WARN_REQUEST_TO_REQUESTER": 5,
        "MIN_DIST_TO_CLOSE_TALK": 5,
        "MIN_DIST_TO_CLOSE_TALK_SQR": 25,
        "MIN_TALK_DELAY": 50,
        "RESERVE_OUT_TIME": 60,
        "RESERVE_TIME_STAY": 72,
        "SUSPETION_PLACE_LIFETIME": 7,
        "TALK_DELAY": 1.1,
        "TALK_DELAY_BIG": 55.1,
        "TRY_CHOOSE_RESERV_WAY_ON_START": false,
        "VISION_DIST_COEF_PEACE": 1
      },
      "Scattering": {
        "AMPLITUDE_FACTOR": 0.25,
        "AMPLITUDE_SPEED": 0.1,
        "BloodFall": 1.45,
        "Caution": 0.3,
        "DIST_FROM_OLD_POINT_TO_NOT_AIM": 15,
        "DIST_FROM_OLD_POINT_TO_NOT_AIM_SQRT": 225,
        "DIST_NOT_TO_SHOOT": 0.3,
        "FromShot": 0.001,
        "HandDamageAccuracySpeed": 1.3,
        "HandDamageScatteringMinMax": 0.7,
        "LayFactor": 0.1,
        "MaxScatter": 0.4,
        "MinScatter": 0.03,
        "MovingSlowCoef": 1.5,
        "PoseChnageCoef": 0.1,
        "RecoilControlCoefShootDone": 0.0003,
        "RecoilControlCoefShootDoneAuto": 0.00015,
        "RecoilYCoef": 0.0005,
        "RecoilYCoefSppedDown": -0.52,
        "RecoilYMax": 1,
        "SpeedDown": -0.3,
        "SpeedUp": 0.3,
        "SpeedUpAim": 1.4,
        "ToCaution": 0.6,
        "ToLowBotAngularSpeed": 80,
        "ToLowBotSpeed": 2.4,
        "ToSlowBotSpeed": 1.5,
        "ToStopBotAngularSpeed": 40,
        "ToUpBotSpeed": 3.6,
        "TracerCoef": 1.3,
        "WorkingScatter": 0.15
      },
      "Shoot": {
        "AUTOMATIC_FIRE_SCATTERING_COEF": 1.5,
        "BASE_AUTOMATIC_TIME": 0.2,
        "CAN_SHOOTS_TIME_TO_AMBUSH": 993,
        "CHANCE_TO_CHANGE_TO_AUTOMATIC_FIRE_100": 0,
        "CHANCE_TO_CHANGE_WEAPON": 100,
        "CHANCE_TO_CHANGE_WEAPON_WITH_HELMET": 100,
        "DELAY_BEFORE_EXAMINE_MALFUNCTION": 0.5,
        "DELAY_BEFORE_FIX_MALFUNCTION": 0.5,
        "FAR_DIST_ENEMY": 20,
        "FAR_DIST_ENEMY_SQR": 400,
        "FAR_DIST_TO_CHANGE_WEAPON": 30,
        "FINGER_HOLD_SINGLE_SHOT": 0.14,
        "HORIZONT_RECOIL_COEF": 0.04,
        "LOW_DIST_TO_CHANGE_WEAPON": 5,
        "MARKSMAN_DIST_SEK_COEF": 44,
        "MAX_DIST_COEF": 1.35,
        "MAX_RECOIL_PER_METER": 0.04,
        "NOT_TO_SEE_ENEMY_TO_WANT_RELOAD_PERCENT": 0.5,
        "NOT_TO_SEE_ENEMY_TO_WANT_RELOAD_SEC": 2,
        "RECOIL_DELTA_PRESS": 0.15,
        "RECOIL_PER_METER": 0.02,
        "RECOIL_TIME_NORMALIZE": 1,
        "RELOAD_PECNET_NO_ENEMY": 0.6,
        "REPAIR_MALFUNCTION_IMMEDIATE_CHANCE": 25,
        "RUN_DIST_NO_AMMO": 25,
        "RUN_DIST_NO_AMMO_SQRT": 625,
        "SHOOT_FROM_COVER": 4,
        "SUPPRESS_BY_SHOOT_TIME": 6,
        "SUPPRESS_TRIGGERS_DOWN": 7,
        "VALIDATE_MALFUNCTION_CHANCE": 100,
        "WAIT_NEXT_SINGLE_SHOT": 0.1,
        "WAIT_NEXT_SINGLE_SHOT_LONG_MAX": 3.3,
        "WAIT_NEXT_SINGLE_SHOT_LONG_MIN": 0.4
      }
    },
    "normal": {
      "Aiming": {
        "AIMING_TYPE": 5,
        "ANYTIME_LIGHT_WHEN_AIM_100": -1,
        "ANY_PART_SHOOT_TIME": 15,
        "BAD_SHOOTS_MAIN_COEF": 0.39,
        "BAD_SHOOTS_MAX": 0,
        "BAD_SHOOTS_MIN": 0,
        "BAD_SHOOTS_OFFSET": 1,
        "BASE_HIT_AFFECTION_DELAY_SEC": 0.57,
        "BASE_HIT_AFFECTION_MAX_ANG": 10,
        "BASE_HIT_AFFECTION_MIN_ANG": 4,
        "BASE_SHIEF": 0.05,
        "BETTER_PRECICING_COEF": 0.9,
        "BOTTOM_COEF": 0.1,
        "BOT_MOVE_IF_DELTA": 3.01,
        "COEF_FROM_COVER": 0.45,
        "COEF_IF_MOVE": 1,
        "DAMAGE_PANIC_TIME": 15,
        "DAMAGE_TO_DISCARD_AIM_0_100": 46,
        "DANGER_UP_POINT": 1.3,
        "DIST_TO_SHOOT_NO_OFFSET": 3,
        "DIST_TO_SHOOT_TO_CENTER": 3,
        "FIRST_CONTACT_ADD_CHANCE_100": 80,
        "FIRST_CONTACT_ADD_SEC": 0.1,
        "HARD_AIM": 0.75,
        "MAX_AIMING_UPGRADE_BY_TIME": 0.15,
        "MAX_AIM_PRECICING": 2,
        "MAX_TIME_DISCARD_AIM_SEC": 0.6,
        "MIN_TIME_DISCARD_AIM_SEC": 0.3,
        "NEXT_SHOT_MISS_CHANCE_100": 100,
        "NEXT_SHOT_MISS_Y_OFFSET": 1,
        "PANIC_ACCURATY_COEF": 1.2,
        "PANIC_COEF": 1.2,
        "PANIC_TIME": 2,
        "RECALC_MUST_TIME": 3,
        "RECLC_DIST": 0.7,
        "RECLC_SQR_DIST": 0.48999998,
        "SCATTERING_DIST_MODIF": 0.6,
        "SCATTERING_DIST_MODIF_CLOSE": 0.6,
        "SCATTERING_HAVE_DAMAGE_COEF": 2,
        "SHOOT_TO_CHANGE_PRIORITY": 5525,
        "SHPERE_FRIENDY_FIRE_SIZE": -0.1,
        "TIME_COEF_IF_MOVE": 1.1,
        "XZ_COEF": 0.4,
        "Y_BOTTOM_OFFSET_COEF": 0.15,
        "Y_TOP_OFFSET_COEF": 0.001
      },
      "Boss": {
        "BOSS_DIST_TO_SHOOT": 80,
        "BOSS_DIST_TO_SHOOT_SQRT": 6400,
        "BOSS_DIST_TO_WARNING": 80,
        "BOSS_DIST_TO_WARNING_OUT": 80,
        "BOSS_DIST_TO_WARNING_OUT_SQRT": 6400,
        "BOSS_DIST_TO_WARNING_SQRT": 6400,
        "CHANCE_TO_SEND_GRENADE_100": 100,
        "CHANCE_USE_RESERVE_PATROL_100": 30,
        "COVER_TO_SEND": true,
        "DELTA_SEARCH_TIME": 18,
        "EFFECT_PAINKILLER": true,
        "KILLA_AFTER_GRENADE_SUPPRESS_DELAY": 2,
        "KILLA_BULLET_TO_RELOAD": 15,
        "KILLA_CLOSEATTACK_DELAY": 10,
        "KILLA_CLOSEATTACK_TIMES": 3,
        "KILLA_CLOSE_ATTACK_DIST": 8,
        "KILLA_CONTUTION_TIME": 5,
        "KILLA_DEF_DIST_SQRT": 225,
        "KILLA_DIST_TO_GO_TO_SUPPRESS": 6,
        "KILLA_DITANCE_TO_BE_ENEMY_BOSS": 45,
        "KILLA_ENEMIES_TO_ATTACK": 3,
        "KILLA_HOLD_DELAY": 5,
        "KILLA_LARGE_ATTACK_DIST": 41,
        "KILLA_MIDDLE_ATTACK_DIST": 22,
        "KILLA_ONE_IS_CLOSE": 30,
        "KILLA_SEARCH_METERS": 30,
        "KILLA_SEARCH_SEC_STOP_AFTER_COMING": 25,
        "KILLA_START_SEARCH_SEC": 40,
        "KILLA_TRIGGER_DOWN_DELAY": 1,
        "KILLA_WAIT_IN_COVER_COEF": 1,
        "KILLA_Y_DELTA_TO_BE_ENEMY_BOSS": 5,
        "KOJANIY_DIST_ENEMY_TOO_CLOSE": 37,
        "KOJANIY_DIST_TO_BE_ENEMY": 200,
        "KOJANIY_DIST_WHEN_READY": 50,
        "KOJANIY_FIGHT_CENTER_POS_ME": false,
        "KOJANIY_MANY_ENEMIES_COEF": 1.5,
        "KOJANIY_MIN_DIST_TO_LOOT": 120,
        "KOJANIY_MIN_DIST_TO_LOOT_SQRT": 6400,
        "MAX_DIST_COVER_BOSS": 25,
        "MAX_DIST_COVER_BOSS_SQRT": 625,
        "MAX_DIST_DECIDER_TO_SEND": 35,
        "MAX_DIST_DECIDER_TO_SEND_SQRT": 1225,
        "PERSONS_SEND": 2,
        "SET_CHEAT_VISIBLE_WHEN_ADD_TO_ENEMY": true,
        "SHALL_WARN": false,
        "TIME_AFTER_LOSE": 15,
        "TIME_AFTER_LOSE_DELTA": 60,
        "WAIT_NO_ATTACK_SAVAGE": 4
      },
      "Change": {
        "FLASH_ACCURATY": 1.6,
        "FLASH_GAIN_SIGHT": 1.8,
        "FLASH_HEARING": 1,
        "FLASH_LAY_CHANCE": 1,
        "FLASH_PRECICING": 1.6,
        "FLASH_SCATTERING": 1.6,
        "FLASH_VISION_DIST": 0.05,
        "SMOKE_ACCURATY": 1.6,
        "SMOKE_GAIN_SIGHT": 1.6,
        "SMOKE_HEARING": 1,
        "SMOKE_LAY_CHANCE": 1.6,
        "SMOKE_PRECICING": 1.6,
        "SMOKE_SCATTERING": 1.6,
        "SMOKE_VISION_DIST": 0.6,
        "STUN_HEARING": 0.01
      },
      "Core": {
        "AccuratySpeed": 0.2,
        "AimingType": "normal",
        "CanGrenade": true,
        "CanRun": true,
        "DamageCoeff": 1,
        "GainSightCoef": 0.013,
        "HearingSense": 3.9,
        "PistolFireDistancePref": 35,
        "RifleFireDistancePref": 100,
        "ScatteringClosePerMeter": 0.12,
        "ScatteringPerMeter": 0.045,
        "ShotgunFireDistancePref": 50,
        "VisibleAngle": 160,
        "VisibleDistance": 162,
        "WaitInCoverBetweenShotsSec": 1
      },
      "Cover": {
        "CAN_LOOK_OUT_WHEN_HOLDING": false,
        "CHANGE_RUN_TO_COVER_SEC": 5,
        "CHANGE_RUN_TO_COVER_SEC_GREANDE": 0.6,
        "CHECK_CLOSEST_FRIEND": true,
        "CHECK_COVER_ENEMY_LOOK": false,
        "CLOSE_DIST_POINT_SQRT": 4,
        "DELETE_POINTS_BEHIND_ENEMIES": false,
        "DELTA_SEEN_FROM_COVE_LAST_POS": 15,
        "DEPENDS_Y_DIST_TO_BOT": false,
        "DIST_CANT_CHANGE_WAY": 5,
        "DIST_CANT_CHANGE_WAY_SQR": 25,
        "DIST_CHECK_SFETY": 9,
        "DIST_MAX_REWORK_NOT_TO_SHOOT": 85,
        "DOG_FIGHT_AFTER_LEAVE": 4,
        "HIDE_TO_COVER_TIME": 1.5,
        "HITS_TO_LEAVE_COVER": 1,
        "HITS_TO_LEAVE_COVER_UNKNOWN": 1,
        "LOOK_LAST_ENEMY_POS_LOOKAROUND": 45,
        "LOOK_LAST_ENEMY_POS_MOVING": 3,
        "LOOK_TO_HIT_POINT_IF_LAST_ENEMY": 3,
        "MAX_DIST_OF_COVER": 4,
        "MAX_DIST_OF_COVER_SQR": 16,
        "MAX_SPOTTED_TIME_SEC": 55,
        "MIN_DEFENCE_LEVEL": 15,
        "MIN_DIST_TO_ENEMY": 9,
        "MIN_TO_ENEMY_TO_BE_NOT_SAFE": 15,
        "MOVE_TO_COVER_WHEN_TARGET": false,
        "NOT_LOOK_AT_WALL_IS_DANGER": true,
        "OFFSET_LOOK_ALONG_WALL_ANG": 20,
        "RETURN_TO_ATTACK_AFTER_AMBUSH_MAX": 50,
        "RETURN_TO_ATTACK_AFTER_AMBUSH_MIN": 20,
        "REWORK_NOT_TO_SHOOT": false,
        "RUN_COVER_IF_CAN_AND_NO_ENEMIES": false,
        "RUN_IF_FAR": 15,
        "RUN_IF_FAR_SQRT": 225,
        "SHOOT_NEAR_SEC_PERIOD": 0.5,
        "SHOOT_NEAR_TO_LEAVE": 2,
        "SIT_DOWN_WHEN_HOLDING": true,
        "SOUND_TO_GET_SPOTTED": 2,
        "SPOTTED_COVERS_RADIUS": 2.5,
        "SPOTTED_GRENADE_RADIUS": 16,
        "SPOTTED_GRENADE_TIME": 7,
        "STAY_IF_FAR": 25,
        "STAY_IF_FAR_SQRT": 625,
        "TIME_CHECK_SAFE": 2,
        "TIME_TO_MOVE_TO_COVER": 15,
        "WAIT_INT_COVER_FINDING_ENEMY": 2
      },
      "Grenade": {
        "ADD_GRENADE_AS_DANGER": 65,
        "ADD_GRENADE_AS_DANGER_SQR": 4225,
        "AMBUSH_IF_SMOKE_IN_ZONE_100": 40,
        "AMBUSH_IF_SMOKE_RETURN_TO_ATTACK_SEC": 30,
        "ANG_TYPE": 1,
        "BEWARE_TYPE": 2,
        "BE_ATTENTION_COEF": 4,
        "CAN_THROW_STRAIGHT_CONTACT": true,
        "CHANCE_RUN_FLASHED_100": 100,
        "CHANCE_TO_NOTIFY_ENEMY_GR_100": 100,
        "CHEAT_START_GRENADE_PLACE": false,
        "CLOSE_TO_SMOKE_TIME_DELTA": 5,
        "CLOSE_TO_SMOKE_TO_SHOOT": 10,
        "CLOSE_TO_SMOKE_TO_SHOOT_SQRT": 100,
        "DAMAGE_GRENADE_SUPPRESS_DELTA": 8,
        "DELTA_GRENADE_START_TIME": 0.1,
        "DELTA_NEXT_ATTEMPT": 10,
        "DELTA_NEXT_ATTEMPT_FROM_COVER": 5,
        "FLASH_GRENADE_TIME_COEF": 0.25,
        "GrenadePerMeter": 0.1,
        "GrenadePrecision": 0.05,
        "MAX_FLASHED_DIST_TO_SHOOT": 10,
        "MAX_FLASHED_DIST_TO_SHOOT_SQRT": 100,
        "MAX_THROW_POWER": 25,
        "MIN_DIST_NOT_TO_THROW": 8,
        "MIN_DIST_NOT_TO_THROW_SQR": 64,
        "MIN_THROW_GRENADE_DIST": 12,
        "MIN_THROW_GRENADE_DIST_SQRT": 144,
        "NEAR_DELTA_THROW_TIME_SEC": 2,
        "NO_RUN_FROM_AI_GRENADES": true,
        "REQUEST_DIST_MUST_THROW": 3,
        "REQUEST_DIST_MUST_THROW_SQRT": 9,
        "RUN_AWAY": 22,
        "RUN_AWAY_SQR": 484,
        "SHOOT_TO_SMOKE_CHANCE_100": 50,
        "SIZE_SPOTTED_COEF": 2,
        "SMOKE_CHECK_DELTA": 1,
        "SMOKE_SUPPRESS_DELTA": 20,
        "STOP_WHEN_THROW_GRENADE": true,
        "STRAIGHT_CONTACT_DELTA_SEC": -1,
        "STUN_SUPPRESS_DELTA": 9,
        "TIME_SHOOT_TO_FLASH": 4,
        "WAIT_TIME_TURN_AWAY": 0.2
      },
      "Hearing": {
        "BOT_CLOSE_PANIC_DIST": 1,
        "CHANCE_TO_HEAR_SIMPLE_SOUND_0_1": 1.98,
        "CLOSE_DIST": 36,
        "DEAD_BODY_SOUND_RAD": 30,
        "DISPERSION_COEF": 10,
        "DIST_PLACE_TO_FIND_POINT": 70,
        "FAR_DIST": 66,
        "HEAR_DELAY_WHEN_HAVE_SMT": 0,
        "HEAR_DELAY_WHEN_PEACE": 0,
        "LOOK_ONLY_DANGER": false,
        "LOOK_ONLY_DANGER_DELTA": 15,
        "RESET_TIMER_DIST": 17,
        "SOUND_DIR_DEEFREE": 30
      },
      "Lay": {
        "ATTACK_LAY_CHANCE": 25,
        "CHECK_SHOOT_WHEN_LAYING": false,
        "CLEAR_POINTS_OF_SCARE_SEC": 20,
        "DAMAGE_TIME_TO_GETUP": 3,
        "DELTA_AFTER_GETUP": 10,
        "DELTA_GETUP": 2.7,
        "DELTA_LAY_CHECK": 2,
        "DELTA_WANT_LAY_CHECL_SEC": 5,
        "DIST_ENEMY_CAN_LAY": 15,
        "DIST_ENEMY_CAN_LAY_SQRT": 225,
        "DIST_ENEMY_GETUP_LAY": 5,
        "DIST_ENEMY_GETUP_LAY_SQRT": 100,
        "DIST_ENEMY_NULL_DANGER_LAY": 15,
        "DIST_ENEMY_NULL_DANGER_LAY_SQRT": 225,
        "DIST_GRASS_TERRAIN_SQRT": 0.160000011,
        "DIST_TO_COVER_TO_LAY": 3.5,
        "DIST_TO_COVER_TO_LAY_SQRT": 12.25,
        "LAY_AIM": 0.6,
        "LAY_CHANCE_DANGER": 40,
        "MAX_CAN_LAY_DIST": 200,
        "MAX_CAN_LAY_DIST_SQRT": 40000,
        "MAX_LAY_TIME": 35,
        "MIN_CAN_LAY_DIST": 11,
        "MIN_CAN_LAY_DIST_SQRT": 121
      },
      "Look": {
        "BODY_DELTA_TIME_SEARCH_SEC": 1.7,
        "CAN_LOOK_TO_WALL": false,
        "COME_TO_BODY_DIST": 1.2,
        "CloseDeltaTimeSec": 0.1,
        "DIST_CHECK_WALL": 20,
        "DIST_NOT_TO_IGNORE_WALL": 15,
        "ENEMY_LIGHT_ADD": 48,
        "ENEMY_LIGHT_START_DIST": 90,
        "FAR_DISTANCE": 160,
        "FarDeltaTimeSec": 3,
        "GOAL_TO_FULL_DISSAPEAR": 2,
        "GOAL_TO_FULL_DISSAPEAR_SHOOT": 0.03,
        "LOOK_AROUND_DELTA": 1.1,
        "LOOK_LAST_POSENEMY_IF_NO_DANGER_SEC": 25,
        "LOOK_THROUGH_GRASS": false,
        "LOOK_THROUGH_GRASS_DIST_METERS": 10,
        "LightOnVisionDistance": 30,
        "MARKSMAN_VISIBLE_DIST_COEF": 1.15,
        "MAX_DIST_CLAMP_TO_SEEN_SPEED": 40,
        "MAX_VISION_GRASS_METERS": 2.4,
        "MAX_VISION_GRASS_METERS_FLARE": 8,
        "MAX_VISION_GRASS_METERS_FLARE_OPT": 0.125,
        "MAX_VISION_GRASS_METERS_OPT": 0.9090909,
        "MIDDLE_DIST": 90,
        "MIN_LOOK_AROUD_TIME": 20,
        "MiddleDeltaTimeSec": 1,
        "OLD_TIME_POINT": 11,
        "ONLY_BODY": false,
        "POSIBLE_VISION_SPACE": 1.2,
        "VISIBLE_DISNACE_WITH_LIGHT": 100,
        "WAIT_NEW_SENSOR": 2.1,
        "WAIT_NEW__LOOK_SENSOR": 7.8
      },
      "Mind": {
        "AI_POWER_COEF": 120,
        "AMBUSH_WHEN_UNDER_FIRE": true,
        "AMBUSH_WHEN_UNDER_FIRE_TIME_RESIST": 60,
        "ATTACK_ENEMY_IF_PROTECT_DELTA_LAST_TIME_SEEN": 1.5,
        "ATTACK_IMMEDIATLY_CHANCE_0_100": 40,
        "BULLET_FEEL_CLOSE_SDIST": 3,
        "BULLET_FEEL_DIST": 360,
        "CAN_PANIC_IS_PROTECT": false,
        "CAN_RECEIVE_PLAYER_REQUESTS_BEAR": false,
        "CAN_RECEIVE_PLAYER_REQUESTS_SAVAGE": false,
        "CAN_RECEIVE_PLAYER_REQUESTS_USEC": false,
        "CAN_STAND_BY": false,
        "CAN_TAKE_ITEMS": false,
        "CAN_THROW_REQUESTS": true,
        "CAN_USE_MEDS": true,
        "CHANCE_FUCK_YOU_ON_CONTACT_100": 0.1,
        "CHANCE_SHOOT_WHEN_WARN_PLAYER_100": 25,
        "CHANCE_TO_RUN_CAUSE_DAMAGE_0_100": 35,
        "CHANCE_TO_STAY_WHEN_WARN_PLAYER_100": 80,
        "COVER_DIST_COEF": 1.5,
        "COVER_SECONDS_AFTER_LOSE_VISION": 10,
        "COVER_SELF_ALWAYS_IF_DAMAGED": false,
        "DAMAGE_REDUCTION_TIME_SEC": 20,
        "DANGER_POINT_CHOOSE_COEF": 1,
        "DEFAULT_BEAR_BEHAVIOUR": "Attack",
        "DEFAULT_ENEMY_BEAR": true,
        "DEFAULT_ENEMY_USEC": true,
        "DEFAULT_SAVAGE_BEHAVIOUR": "Attack",
        "DEFAULT_USEC_BEHAVIOUR": "Attack",
        "DIST_TO_ENEMY_YO_CAN_HEAL": 30,
        "DIST_TO_FOUND_SQRT": 400,
        "DIST_TO_STOP_RUN_ENEMY": 15,
        "DOG_FIGHT_IN": 3,
        "DOG_FIGHT_OUT": 6,
        "ENEMY_BOT_TYPES": [],
        "ENEMY_LOOK_AT_ME_ANG": 15,
        "ENEMY_LOOK_MY_SECTOR_ANG": 60,
        "FIND_COVER_TO_GET_POSITION_WITH_SHOOT": 2,
        "FRIENDLY_BOT_TYPES": [],
        "FRIEND_AGR_KILL": 0.2,
        "FRIEND_DEAD_AGR_LOW": -0.2,
        "GROUP_ANY_PHRASE_DELAY": 5,
        "GROUP_EXACTLY_PHRASE_DELAY": 20,
        "HEAL_DELAY_SEC": 5,
        "HIT_DELAY_WHEN_HAVE_SMT": -1,
        "HIT_DELAY_WHEN_PEACE": -1,
        "HIT_POINT_DETECTION": 4,
        "HOLD_IF_PROTECT_DELTA_LAST_TIME_SEEN": 8.5,
        "LASTSEEN_POINT_CHOOSE_COEF": 0.2,
        "LAST_ENEMY_LOOK_TO": 40,
        "MAX_AGGRO_BOT_DIST": 300,
        "MAX_AGGRO_BOT_DIST_SQR": 10000,
        "MAX_SHOOTS_TIME": 4,
        "MAX_START_AGGRESION_COEF": 3,
        "MIN_DAMAGE_SCARE": 20,
        "MIN_SHOOTS_TIME": 2,
        "MIN_START_AGGRESION_COEF": 1,
        "NO_RUN_AWAY_FOR_SAFE": false,
        "PART_PERCENT_TO_HEAL": 0.65,
        "PISTOL_SHOTGUN_AMBUSH_DIST": 30,
        "PROTECT_DELTA_HEAL_SEC": 10,
        "PROTECT_TIME_REAL": true,
        "SEC_TO_MORE_DIST_TO_RUN": 10,
        "SHOOT_INSTEAD_DOG_FIGHT": 9,
        "SIMPLE_POINT_CHOOSE_COEF": 0.4,
        "STANDART_AMBUSH_DIST": 100,
        "SUSPETION_POINT_CHANCE_ADD100": 0,
        "TIME_TO_FIND_ENEMY": 22,
        "TIME_TO_FORGOR_ABOUT_ENEMY_SEC": 102,
        "TIME_TO_RUN_TO_COVER_CAUSE_SHOOT_SEC": 15,
        "WARN_BOT_TYPES": [
          "assault"
        ]
      },
      "Move": {
        "BASESTART_SLOW_DIST": 1.1,
        "BASE_ROTATE_SPEED": 270,
        "BASE_SQRT_START_SERACH": 1225,
        "BASE_START_SERACH": 35,
        "CHANCE_TO_RUN_IF_NO_AMMO_0_100": 100,
        "DELTA_LAST_SEEN_ENEMY": 20,
        "DIST_TO_CAN_CHANGE_WAY": 8,
        "DIST_TO_CAN_CHANGE_WAY_SQR": 64,
        "DIST_TO_START_RAYCAST": 15,
        "DIST_TO_START_RAYCAST_SQR": 225,
        "ETERNITY_STAMINA": true,
        "FAR_DIST": 4,
        "FAR_DIST_SQR": 16,
        "REACH_DIST": 0.5,
        "REACH_DIST_COVER": 2,
        "REACH_DIST_RUN": 0.8,
        "RUN_IF_CANT_SHOOT": false,
        "RUN_IF_GAOL_FAR_THEN": 10,
        "RUN_TO_COVER_MIN": 2,
        "SEC_TO_CHANGE_TO_RUN": 3,
        "SLOW_COEF": 7,
        "START_SLOW_DIST": 1.5,
        "UPDATE_TIME_RECAL_WAY": 7,
        "Y_APPROXIMATION": 0.7
      },
      "Patrol": {
        "CAN_CHECK_MAGAZINE": false,
        "CAN_CHOOSE_RESERV": false,
        "CHANCE_TO_CHANGE_WAY_0_100": 30,
        "CHANCE_TO_CUT_WAY_0_100": 75,
        "CHANCE_TO_SHOOT_DEADBODY": 52,
        "CHANGE_WAY_TIME": 999325.1,
        "CLOSE_TO_SELECT_RESERV_WAY": 25,
        "CUT_WAY_MAX_0_1": 0.65,
        "CUT_WAY_MIN_0_1": 0.4,
        "FRIEND_SEARCH_SEC": 12,
        "LOOK_TIME_BASE": 12,
        "MAX_YDIST_TO_START_WARN_REQUEST_TO_REQUESTER": 5,
        "MIN_DIST_TO_CLOSE_TALK": 5,
        "MIN_DIST_TO_CLOSE_TALK_SQR": 25,
        "MIN_TALK_DELAY": 50,
        "RESERVE_OUT_TIME": 60,
        "RESERVE_TIME_STAY": 72,
        "SUSPETION_PLACE_LIFETIME": 7,
        "TALK_DELAY": 1.1,
        "TALK_DELAY_BIG": 55.1,
        "TRY_CHOOSE_RESERV_WAY_ON_START": false,
        "VISION_DIST_COEF_PEACE": 1
      },
      "Scattering": {
        "AMPLITUDE_FACTOR": 0.25,
        "AMPLITUDE_SPEED": 0.1,
        "BloodFall": 1.45,
        "Caution": 0.3,
        "DIST_FROM_OLD_POINT_TO_NOT_AIM": 15,
        "DIST_FROM_OLD_POINT_TO_NOT_AIM_SQRT": 225,
        "DIST_NOT_TO_SHOOT": 0.3,
        "FromShot": 0.001,
        "HandDamageAccuracySpeed": 1.3,
        "HandDamageScatteringMinMax": 0.7,
        "LayFactor": 0.1,
        "MaxScatter": 0.4,
        "MinScatter": 0.03,
        "MovingSlowCoef": 1.5,
        "PoseChnageCoef": 0.1,
        "RecoilControlCoefShootDone": 0.0003,
        "RecoilControlCoefShootDoneAuto": 0.00015,
        "RecoilYCoef": 0.0005,
        "RecoilYCoefSppedDown": -0.52,
        "RecoilYMax": 1,
        "SpeedDown": -0.3,
        "SpeedUp": 0.3,
        "SpeedUpAim": 1.4,
        "ToCaution": 0.6,
        "ToLowBotAngularSpeed": 80,
        "ToLowBotSpeed": 2.4,
        "ToSlowBotSpeed": 1.5,
        "ToStopBotAngularSpeed": 40,
        "ToUpBotSpeed": 3.6,
        "TracerCoef": 1.3,
        "WorkingScatter": 0.15
      },
      "Shoot": {
        "AUTOMATIC_FIRE_SCATTERING_COEF": 1.5,
        "BASE_AUTOMATIC_TIME": 0.2,
        "CAN_SHOOTS_TIME_TO_AMBUSH": 993,
        "CHANCE_TO_CHANGE_TO_AUTOMATIC_FIRE_100": 0,
        "CHANCE_TO_CHANGE_WEAPON": 100,
        "CHANCE_TO_CHANGE_WEAPON_WITH_HELMET": 100,
        "DELAY_BEFORE_EXAMINE_MALFUNCTION": 0.5,
        "DELAY_BEFORE_FIX_MALFUNCTION": 0.5,
        "FAR_DIST_ENEMY": 20,
        "FAR_DIST_ENEMY_SQR": 400,
        "FAR_DIST_TO_CHANGE_WEAPON": 30,
        "FINGER_HOLD_SINGLE_SHOT": 0.14,
        "HORIZONT_RECOIL_COEF": 0.04,
        "LOW_DIST_TO_CHANGE_WEAPON": 5,
        "MARKSMAN_DIST_SEK_COEF": 44,
        "MAX_DIST_COEF": 1.35,
        "MAX_RECOIL_PER_METER": 0.04,
        "NOT_TO_SEE_ENEMY_TO_WANT_RELOAD_PERCENT": 0.5,
        "NOT_TO_SEE_ENEMY_TO_WANT_RELOAD_SEC": 2,
        "RECOIL_DELTA_PRESS": 0.15,
        "RECOIL_PER_METER": 0.02,
        "RECOIL_TIME_NORMALIZE": 1,
        "RELOAD_PECNET_NO_ENEMY": 0.6,
        "REPAIR_MALFUNCTION_IMMEDIATE_CHANCE": 25,
        "RUN_DIST_NO_AMMO": 25,
        "RUN_DIST_NO_AMMO_SQRT": 625,
        "SHOOT_FROM_COVER": 4,
        "SUPPRESS_BY_SHOOT_TIME": 6,
        "SUPPRESS_TRIGGERS_DOWN": 7,
        "VALIDATE_MALFUNCTION_CHANCE": 100,
        "WAIT_NEXT_SINGLE_SHOT": 0.1,
        "WAIT_NEXT_SINGLE_SHOT_LONG_MAX": 3.3,
        "WAIT_NEXT_SINGLE_SHOT_LONG_MIN": 0.4
      }
    }
  },
  "experience": {
    "aggressorBonus": 0.05,
    "level": {
      "max": 1,
      "min": 0
    },
    "reward": {
      "max": 2100,
      "min": 2100
    },
    "standingForKill": -0.2
  },
  "firstName": [
    "Штурман"
  ],
  "generation": {
    "items": {
      "backpackLoot": {
        "weights": {
          "0": 1,
          "1": 1,
          "2": 2,
          "3": 1,
          "4": 1,
          "5": 1,
          "6": 1,
          "7": 0
        },
        "whitelist": []
      },
      "drugs": {
        "weights": {
          "0": 1,
          "1": 2,
          "2": 0
        },
        "whitelist": []
      },
      "grenades": {
        "weights": {
          "0": 1,
          "1": 1,
          "2": 5,
          "3": 2,
          "4": 1,
          "5": 1
        },
        "whitelist": []
      },
      "healing": {
        "weights": {
          "0": 1,
          "1": 2,
          "2": 1
        },
        "whitelist": []
      },
      "magazines": {
        "weights": {
          "0": 0,
          "1": 0,
          "2": 1,
          "3": 3,
          "4": 2
        },
        "whitelist": []
      },
      "pocketLoot": {
        "weights": {
          "0": 1,
          "1": 6,
          "2": 3,
          "3": 1,
          "4": 1
        },
        "whitelist": []
      },
      "specialItems": {
        "weights": {
          "0": 0,
          "1": 0,
          "2": 1
        },
        "whitelist": []
      },
      "stims": {
        "weights": {
          "0": 2,
          "1": 1,
          "2": 0
        },
        "whitelist": []
      },
      "vestLoot": {
        "weights": {
          "0": 1,
          "1": 3,
          "2": 5,
          "3": 1,
          "4": 1,
          "5": 1,
          "6": 1
        },
        "whitelist": []
      }
    }
  },
  "health": {
    "BodyParts": [
      {
        "Chest": {
          "max": 180,
          "min": 180
        },
        "Head": {
          "max": 62,
          "min": 62
        },
        "LeftArm": {
          "max": 100,
          "min": 100
        },
        "LeftLeg": {
          "max": 110,
          "min": 110
        },
        "RightArm": {
          "max": 100,
          "min": 100
        },
        "RightLeg": {
          "max": 110,
          "min": 110
        },
        "Stomach": {
          "max": 150,
          "min": 150
        }
      }
    ],
    "Energy": {
      "max": 100,
      "min": 100
    },
    "Hydration": {
      "max": 100,
      "min": 100
    },
    "Temperature": {
      "max": 40,
      "min": 36
    }
  },
  "inventory": {
    "Ammo": {
      "Caliber545x39": {
        "56dff3afd2720bba668b4567": 1571,
        "5c0d5e4486f77478390952fe": 296,
        "61962b617c6c7b169525f168": 44
      },
      "Caliber762x51": {
        "5a608bf24f39f98ffc77720e": 9,
        "5e023e53d4353e3302577c4c": 28
      },
      "Caliber762x54R": {
        "560d61e84bdc2da74d8b4571": 192,
        "59e77a2386f7742ee578960a": 745
      }
    },
    "equipment": {
      "ArmBand": {},
      "ArmorVest": {},
      "Backpack": {
        "56e335e4d2720b6c058b456d": 420,
        "5c0e805e86f774683f3dd637": 29,
        "5ca20d5986f774331e7c9602": 462,
        "5d5d940f86f7742797262046": 26,
        "6034d103ca006d2dca39b3f0": 306,
        "6038d614d10cbf667352dd44": 183,
        "618cfae774bb2d036a049e7c": 362
      },
      "Earpiece": {},
      "Eyewear": {},
      "FaceCover": {},
      "FirstPrimaryWeapon": {
        "5c46fbd72e2216398b5a8c9c": 1874,
        "6176aca650224f204c1da3fb": 37
      },
      "Headwear": {},
      "Holster": {},
      "Pockets": {
        "5af99e9186f7747c447120b8": 1184,
        "60c7272c204bc17802313365": 727
      },
      "Scabbard": {
        "5c0126f40db834002a125382": 1
      },
      "SecondPrimaryWeapon": {
        "5ac66d9b5acfc4001633997a": 1
      },
      "SecuredContainer": {
        "5c0a794586f77461c458f892": 1
      },
      "TacticalVest": {}
    },
    "items": {
      "Backpack": [
        "5c94bbff86f7747ee735c08f",
        "5649ed104bdc2d3d1c8b458b",
        "5d235b4d86f7742e017bc88a",
        "57372fc52459776998772ca1",
        "6389c70ca33d8c4cdf4932c6",
        "5d0379a886f77420407aa271",
        "57347c1124597737fb1379e3",
        "57347c77245977448d35f6e2",
        "57372ebf2459776862260582",
        "5a0ee62286f774369454a7ac",
        "5780cf942459777df90dcb72",
        "590c31c586f774245e3141b2",
        "5e2af4a786f7746d3f3c3400",
        "5d1b39a386f774252339976f",
        "5d0375ff86f774186372f685",
        "5734781f24597737e04bf32a",
        "56742c284bdc2d98058b456d",
        "573476f124597737e04bf328",
        "5c1e2d1f86f77431e9280bee",
        "5938994586f774523a425196",
        "573728f324597765e5728561",
        "5780d0532459777a5108b9a2",
        "5ad5d49886f77455f9731921",
        "5737260b24597761224311f2",
        "5737339e2459776af261abeb",
        "5938504186f7740991483f30",
        "5c06782b86f77426df5407d2",
        "5e2af22086f7746d3f3c33fa",
        "5c1d0d6d86f7744bb2683e1f",
        "5a0ee34586f774023b6ee092",
        "57372c89245977685d4159b1",
        "57372e4a24597768553071c2",
        "5c13cd2486f774072c757944",
        "590a3c0a86f774385a33c450",
        "5e2af47786f7746d404f3aaa",
        "5a145d7b86f7744cbb6f4a13",
        "59136f6f86f774447a1ed173",
        "57a349b2245977762b199ec7",
        "63a39fdf1e21260da44a0256",
        "5b4335ba86f7744d2837a264",
        "573475fb24597737fb1379e1",
        "5739d41224597779c3645501",
        "59136a4486f774447a1ed172",
        "5c1262a286f7743f8a69aab2",
        "5c1127d0d174af29be75cf68",
        "56742c324bdc2d150f8b456d",
        "59e366c186f7741778269d85",
        "5bc9bc53d4351e00367fbcee",
        "60b0f561c4449e4cb624c1d7",
        "5d0376a486f7747d8050965c",
        "57347c5b245977448d35f6e1",
        "62a09ee4cf4a99369e262453",
        "590a386e86f77429692b27ab",
        "57372db0245977685d4159b2",
        "573728cc24597765cc785b5d",
        "5d235a5986f77443f6329bc6",
        "573722e82459776104581c21",
        "5d80cb3886f77440556dbf09",
        "590c2e1186f77425357b6124",
        "619cc01e0a7c3a1a2731940c",
        "61bf7b6302b3924be92fa8c3",
        "57347baf24597738002c6178",
        "590a391c86f774385a33c404",
        "5af0534a86f7743b6f354284",
        "5d80c88d86f77440556dbf07",
        "5780d0652459777df90dcb74",
        "573727c624597765cc785b5b",
        "5447ac644bdc2d6c208b4567",
        "5e2af51086f7746d3f3c3402",
        "57372ee1245977685d4159b5",
        "57372d4c245977685a3da2a1",
        "63a39ce4cd6db0635c1975fa",
        "5734779624597737e04bf329",
        "5e2af02c86f7746d420957d4",
        "57347cd0245977445a2d6ff1",
        "5c1267ee86f77416ec610f72",
        "5d1c774f86f7746d6620f8db",
        "59faf7ca86f7740dbe19f6c2",
        "5d4042a986f7743185265463",
        "5734770f24597738025ee254",
        "5b43575a86f77424f443fe62",
        "5672cb124bdc2d1a0f8b4568",
        "59e35ef086f7741777737012",
        "590c311186f77424d1667482",
        "62a09cfe4f842e1bd12da3e4",
        "573725b0245977612125bae2",
        "5914578086f774123569ffa4",
        "593858c486f774253a24cb52",
        "63a39c7964283b5e9c56b280",
        "59e3556c86f7741776641ac2",
        "5af0484c86f7740f02001f7f",
        "590c5c9f86f77477c91c36e7",
        "57347c93245977448d35f6e3",
        "5938603e86f77435642354f4",
        "63a39e1d234195315d4020bd",
        "5780d07a2459777de4559324",
        "5d6fc87386f77449db3db94e",
        "590c595c86f7747884343ad7",
        "5737256c2459776125652acd",
        "573726d824597765d96be361",
        "5c1e2a1e86f77431ea0ea84c",
        "5eff09cd30a7dc22fd1ddfed",
        "5d1b3f2d86f774253763b735",
        "5bc9c377d4351e3bac12251b",
        "590de71386f774347051a052",
        "590a358486f77429692b2790",
        "5e2aef7986f7746d3f3c33f5",
        "5a0eec9686f77402ac5c39f2",
        "590a373286f774287540368b",
        "61a6444b8c141d68246e2d2f",
        "5d0378d486f77420421a5ff4",
        "5d80c78786f774403a401e3e",
        "5672c92d4bdc2d180f8b4567",
        "5c12619186f7743f871c8a32",
        "5d1c819a86f774771b0acd6c",
        "5d63d33b86f7746ea9275524",
        "5a0f006986f7741ffd2fe484",
        "62a09ec84f842e1bd12da3f2",
        "59e35abd86f7741778269d82",
        "59e3606886f77417674759a5",
        "5d4041f086f7743cac3f22a7",
        "62987c658081af308d7558c6",
        "5e54f6af86f7742199090bf3",
        "590a3efd86f77437d351a25b",
        "5a0eebed86f77461230ddb3d",
        "62a0a0bb621468534a797ad5",
        "590c2d8786f774245b1f03f3",
        "5913877a86f774432f15d444",
        "5c06779c86f77426e00dd782",
        "5bc9bdb8d4351e003562b8a1",
        "573476d324597737da2adc13",
        "5d1b313086f77425227d1678",
        "5c12688486f77426843c7d32",
        "5909e99886f7740c983b9984",
        "5d1b304286f774253763a528",
        "63a397d3af870e651d58e65b",
        "591ae8f986f77406f854be45",
        "5a13f46386f7741dd7384b04",
        "619cbfeb6b8a1b37a54eebfa",
        "590a3cd386f77436f20848cb",
        "57372deb245977685d4159b3",
        "5d9f1fa686f774726974a992",
        "57347b8b24597737dd42e192",
        "5d40412b86f7743cb332ac3a",
        "590c2c9c86f774245b1f03f2",
        "5d1b392c86f77425243e98fe",
        "590c346786f77423e50ed342",
        "60391b0fb847c71012789415",
        "5c11279ad174af029d64592b",
        "57372f5c24597769917c0131",
        "5af0561e86f7745f5f3ad6ac",
        "61aa81fcb225ac1ead7957c3",
        "5937ee6486f77408994ba448",
        "5737250c2459776125652acc",
        "59148c8a86f774197930e983",
        "5ad7217186f7746744498875",
        "62a0a098de7ac8199358053b",
        "590c35a486f774273531c822",
        "59e36c6f86f774176c10a2a7",
        "590c5a7286f7747884343aea",
        "5d1b2fa286f77425227d1674",
        "590c5bbd86f774785762df04",
        "5e2af37686f774755a234b65",
        "5e2af4d286f7746d4159f07a",
        "5d80c95986f77440351beef3",
        "63a39fc0af870e651d58e6ae",
        "5d80cb8786f774405611c7d9",
        "5d1b32c186f774252167a530",
        "619cbf476b8a1b37a54eebf8",
        "62a09cb7a04c0c5c6e0a84f8",
        "5d0377ce86f774186372f689",
        "5c13cef886f774072e618e82",
        "5d1b309586f77425227d1676",
        "560d75f54bdc2da74d8b4573",
        "62987cb98081af308d7558c8",
        "5780cda02459777b272ede61",
        "57347c2e24597744902c94a1",
        "59e358a886f7741776641ac3",
        "5672cb724bdc2dc2088b456b",
        "590de7e986f7741b096e5f32",
        "5a0ec70e86f7742c0b518fba",
        "5d80ca9086f774403a401e40",
        "5c1d0efb86f7744baf2e7b7b",
        "5d80c66d86f774405611c7d6",
        "5d80c60f86f77440373c4ece",
        "5c1265fc86f7743f896a21c2",
        "5a0eee1486f77402aa773226",
        "59387a4986f77401cc236e62",
        "5a0ee4b586f7743698200d22",
        "5a0eb6ac86f7743124037a28",
        "5e2af2bc86f7746d3f3c33fc",
        "5913915886f774123603c392",
        "5d1b3a5d86f774252167ba22",
        "573478bc24597738002c6175",
        "59fafb5d86f774067a6f2084",
        "63a39df18a56922e82001f25",
        "591afe0186f77431bd616a11",
        "63a39667c9b3aa4b61683e98",
        "5734795124597738002c6176",
        "590c2b4386f77425357b6123",
        "5d1b31ce86f7742523398394",
        "62a091170b9d3c46de5b6cf2",
        "5d95d6be86f77424444eb3a7",
        "59e35de086f7741778269d84",
        "5e2af41e86f774755a234b67",
        "590a3b0486f7743954552bdb",
        "63a39f08cd6db0635c197600",
        "593aa4be86f77457f56379f8",
        "5a13ef0686f7746e5a411744",
        "5bc9be8fd4351e00334cae6e",
        "5d1b2f3f86f774252167a52c",
        "5e2aee0a86f774755a234b62",
        "59e3596386f774176c10a2a2",
        "5780cfa52459777dfb276eb1",
        "573477e124597737dd42e191",
        "5780cf9e2459777df90dcb73",
        "5780cf692459777de4559321",
        "5bc9b355d4351e6d1509862a",
        "5c1d0c5f86f7744bb2683cf0",
        "5d80cd1a86f77402aa362f42",
        "5a0ea64786f7741707720468",
        "56742c2e4bdc2d95058b456d",
        "5e2aedd986f7746d404f3aa4",
        "5e42c81886f7742a01529f57",
        "5737273924597765dd374461",
        "59e3658a86f7741776641ac4",
        "5ad5d20586f77449be26d877",
        "5ede7b0c6d23e5473e6e8c66",
        "59faf98186f774067b6be103",
        "5e42c83786f7742a021fdf3c",
        "590a3d9c86f774385926e510",
        "5d1b371186f774253763a656",
        "5c052e6986f7746b207bc3c9",
        "5733279d245977289b77ec24",
        "5e2af00086f7746d3f3c33f7",
        "5d1b2ffd86f77425243e8d17",
        "60b0f7057897d47c5b04ab94",
        "63a71eb5b7f4570d3a29316b",
        "5d8e0db586f7744450412a42",
        "57372bd3245977670b7cd243",
        "61bf83814088ec1a363d7097",
        "61a64492ba05ef10d62adcc1",
        "5a0eb38b86f774153b320eb0",
        "59e35cbb86f7741778269d83",
        "5bc9c049d4351e44f824d360",
        "5d80cbd886f77470855c26c2",
        "5f745ee30acaeb0d490d8c5b",
        "573474f924597738002c6174",
        "577e1c9d2459773cd707c525",
        "5913611c86f77479e0084092",
        "5737292724597765e5728562",
        "5d03794386f77420415576f5",
        "5a0ec6d286f7742c0b518fb5",
        "5a144dfd86f77445cb5a0982",
        "57372ac324597767001bc261",
        "62a0a043cf4a99369e2624a5",
        "5da5cdcd86f774529238fb9b",
        "5a0ee30786f774023b6ee08f",
        "5c1260dc86f7746b106e8748",
        "5da743f586f7744014504f72",
        "5672cb304bdc2dc2088b456a",
        "61aa5aed32a4743c3453d319",
        "5d6fc78386f77449d825f9dc",
        "5af04b6486f774195a3ebb49",
        "5a0eed4386f77405112912aa",
        "5c1127bdd174af44217ab8b9",
        "5c1e495a86f7743109743dfb",
        "5734758f24597738025ee253",
        "5d1b317c86f7742523398392",
        "5ad5ccd186f774446d5706e9",
        "5d80cb5686f77440545d1286",
        "5d8e3ecc86f774414c78d05e",
        "5a0eff2986f7741fd654e684",
        "63a0b208f444d32d6f03ea1e",
        "5a0ea79b86f7741d4a35298e",
        "5d40425986f7743185265461",
        "59e361e886f774176c10a2a5",
        "5a0dc95c86f77452440fc675",
        "5ad5cfbd86f7742c825d6104",
        "5e42c71586f7747f245e1343",
        "5c12620d86f7743f8b198b72",
        "62a9cb937377a65d7b070cef",
        "5d03784a86f774203e7e0c4d",
        "62a08f4c4f842e1bd12d9d62",
        "591382d986f774465a6413a7",
        "5d03775b86f774203e7e0c4b",
        "59148f8286f7741b951ea113",
        "6389c6463485cf0eeb260715",
        "62987e26a77ec735f90a2995",
        "61a64428a8c6aa1b795f0ba1",
        "64ace9f9c4eda9354b0226aa",
        "64aceac0c4eda9354b0226b3",
        "5a0f045e86f7745b0f0d0e42",
        "57347ca924597744596b4e71",
        "5c05308086f7746b2101e90b",
        "5a13f35286f77413ef1436b0",
        "573733c72459776b0b7b51b0",
        "64ccc1d4a0f13c24561edf27",
        "64acea09c4eda9354b0226ad",
        "5737330a2459776af32363a1",
        "64acea2c03378853630da53e",
        "61aa5b7db225ac1ead7957c1",
        "5a0eecf686f7740350630097",
        "5780cf722459777a5108b9a1",
        "6489854673c462723909a14e",
        "64ace9ff03378853630da538",
        "59e3639286f7741777737013",
        "5a0ee76686f7743698200d5c",
        "6489879db5a2df1c815a04ef",
        "5d1b36a186f7742523398433",
        "5a13ee1986f774794d4c14cd",
        "5d8e15b686f774445103b190",
        "64aceafcb5bf5e95f50a4c20",
        "5a1452ee86f7746f33111763",
        "59e3647686f774176a362507",
        "5d1b327086f7742525194449",
        "6389c6c7dbfd5e4b95197e68",
        "63a39fd1c9b3aa4b61683efb",
        "5737300424597769942d5a01",
        "5913651986f774432f15d132",
        "5a0dc45586f7742f6b0b73e3",
        "64aceaecc4eda9354b0226b6",
        "59136e1e86f774432f15d133",
        "591383f186f7744a4c5edcf3",
        "5a0f0f5886f7741c4e32a472",
        "57372c21245977670937c6c2",
        "64acee6903378853630da544",
        "64ace9d9b5bf5e95f50a4c1d",
        "5d80c93086f7744036212b41",
        "63a71ed21031ac76fe773c7f",
        "64acea0d03378853630da53b",
        "648983d6b5a2df1c815a04ec",
        "5a0eedb386f77403506300be",
        "5addaffe86f77470b455f900",
        "64acea16c4eda9354b0226b0",
        "61aa5b518f5e7a39b41416e2",
        "64898838d5b4df6140000a20",
        "63a39f6e64283b5e9c56b289",
        "5c1f79a086f7746ed066fb8f",
        "61aa5ba8018e9821b7368da9",
        "648984b8d5b4df6140000a1a",
        "5a0ee72c86f77436955d3435",
        "63a39f18c2d53c2c6839c1d3",
        "5d947d4e86f774447b415895",
        "5ad7242b86f7740a6a3abd43",
        "5a145ebb86f77458f1796f05",
        "5ad5d64486f774079b080af8",
        "63a399193901f439517cafb6",
        "64ccc1fe088064307e14a6f7",
        "5448ba0b4bdc2d02308b456c",
        "5c1d0f4986f7744bb01837fa",
        "5e2af29386f7746d4159f077",
        "63a39cb1c9b3aa4b61683ee2",
        "5d1b385e86f774252167b98a",
        "5d95d6fa86f77424484aa5e9",
        "5c1d0dc586f7744baf2e7b79",
        "5a0eeb1a86f774688b70aa5c",
        "5d947d3886f774447b415893",
        "64ccc2111779ad6ba200a139",
        "5a0ea69f86f7741cd5406619",
        "6489870774a806211e4fb685",
        "60391afc25aff57af81f7085",
        "5d80ccac86f77470841ff452",
        "63a71e922b25f7513905ca20",
        "62987da96188c076bc0d8c51",
        "6489875745f9ca4ba51c4808",
        "63a71e781031ac76fe773c7d",
        "5e54f62086f774219b0f1937",
        "5780cf7f2459777de4559322",
        "5d80c62a86f7744036212b3f",
        "5ede7a8229445733cb4c18e2",
        "5a13f24186f77410e57c5626",
        "5a13ef7e86f7741290491063",
        "5d8e0e0e86f774321140eb56",
        "5d80c6fc86f774403a401e3c",
        "5ad5d7d286f77450166e0a89",
        "5a144bdb86f7741d374bbde0",
        "5a145d4786f7744cbb6f4a12"
      ],
      "Pockets": [
        "5c88f24b2e22160bc12c69a6",
        "55d480c04bdc2d1d4e8b456a",
        "590c678286f77426c9660122",
        "5d08d21286f774736e7c94c3",
        "617131a4568c120fdd29482d"
      ],
      "SecuredContainer": [
        "59e77a2386f7742ee578960a",
        "5c0d5e4486f77478390952fe",
        "56dff3afd2720bba668b4567",
        "560d61e84bdc2da74d8b4571",
        "61962b617c6c7b169525f168",
        "5e023e53d4353e3302577c4c",
        "5a608bf24f39f98ffc77720e"
      ],
      "SpecialLoot": [
        "5d08d21286f774736e7c94c3",
        "5c94bbff86f7747ee735c08f"
      ],
      "TacticalVest": []
    },
    "mods": {
      "5649d9a14bdc2d79388b4580": {
        "mod_scope": [
          "584924ec24597768f12ae244"
        ]
      },
      "576fd4ec2459777f0b518431": {
        "mod_tactical": [
          "57f3a5ae2459772b0e0bf19e"
        ]
      },
      "59c6633186f7740cf0493bb9": {
        "mod_handguard": [
          "5cbda392ae92155f3c17c39f"
        ]
      },
      "5ac66d9b5acfc4001633997a": {
        "mod_gas_block": [
          "59c6633186f7740cf0493bb9"
        ],
        "mod_magazine": [
          "55d480c04bdc2d1d4e8b456a"
        ],
        "mod_muzzle": [
          "5ac72e945acfc43f3b691116"
        ],
        "mod_pistol_grip": [
          "5649ade84bdc2d1b2b8b4587"
        ],
        "mod_reciever": [
          "5ac50da15acfc4001718d287"
        ],
        "mod_sight_rear": [
          "5649d9a14bdc2d79388b4580"
        ],
        "mod_stock": [
          "5ac50c185acfc400163398d4"
        ]
      },
      "5c46fbd72e2216398b5a8c9c": {
        "mod_barrel": [
          "5c471cb32e221602b177afaa"
        ],
        "mod_magazine": [
          "5c88f24b2e22160bc12c69a6"
        ],
        "mod_mount_001": [
          "5c471c2d2e22164bef5d077f"
        ],
        "mod_mount_002": [
          "576fd4ec2459777f0b518431"
        ],
        "mod_pistol_grip": [
          "5c471be12e221602b66cd9ac"
        ],
        "mod_reciever": [
          "5c471bd12e221602b4129c3a"
        ],
        "mod_stock": [
          "5c471b5d2e221602b21d4e14"
        ]
      },
      "5c471bfc2e221602b21d4e17": {
        "mod_sight_front": [
          "5c471ba12e221602b3137d76"
        ]
      },
      "5c471c2d2e22164bef5d077f": {
        "mod_handguard": [
          "5c471c6c2e221602b66cd9ae"
        ],
        "mod_sight_rear": [
          "5c471b7e2e2216152006e46c"
        ]
      },
      "5c471cb32e221602b177afaa": {
        "mod_gas_block": [
          "5c471c842e221615214259b5"
        ],
        "mod_muzzle": [
          "5c471bfc2e221602b21d4e17"
        ]
      },
      "5cbda392ae92155f3c17c39f": {
        "mod_tactical_000": [
          "560d657b4bdc2da74d8b4572"
        ]
      },
      "61702be9faa1272e431522c3": {
        "mod_gas_block": [
          "61702f1b67085e45ef140b26"
        ],
        "mod_muzzle": [
          "61713308d92c473c770214a0"
        ]
      },
      "61713a8fd92c473c770214a4": {
        "mod_barrel": [
          "61702be9faa1272e431522c3"
        ],
        "mod_handguard": [
          "61712eae6c780c1e710c9a1d"
        ],
        "mod_scope": [
          "6171407e50224f204c1da3c5"
        ],
        "mod_sight_rear": [
          "5bb20e49d4351e3bac1212de"
        ]
      },
      "6171407e50224f204c1da3c5": {
        "mod_scope_000": [
          "617151c1d92c473c770214ab"
        ]
      },
      "617153016c780c1e710c9a2f": {
        "mod_stock_000": [
          "617154aa1cb55961fa0fdb3b"
        ]
      },
      "6176aca650224f204c1da3fb": {
        "mod_charge": [
          "61702d8a67085e45ef140b24"
        ],
        "mod_magazine": [
          "617131a4568c120fdd29482d"
        ],
        "mod_pistol_grip": [
          "6193dcd0f8ee7e52e4210a28"
        ],
        "mod_reciever": [
          "61713a8fd92c473c770214a4"
        ],
        "mod_stock": [
          "617153016c780c1e710c9a2f"
        ]
      }
    }
  },
  "lastName": [],
  "skills": {
    "Common": {
      "BotSound": {
        "max": 1000,
        "min": 1000
      },
      "CovertMovement": {
        "max": 5100,
        "min": 5100
      },
      "ProneMovement": {
        "max": 5100,
        "min": 5100
      },
      "SilentOps": {
        "max": 5100,
        "min": 5100
      },
      "Sniping": {
        "max": 5100,
        "min": 5100
      }
    }
  }
}
