{
  "appearance": {
    "body": {
      "6287b16b05846043f15a790d": 1
    },
    "feet": {
      "6287b14b66bb7d4a3c32bc94": 1
    },
    "hands": [
      "5cc2e68f14c02e28b47de290"
    ],
    "head": [
      "6287b0d239d8207cb27d66c7"
    ],
    "voice": [
      "BossBigPipe"
    ]
  },
  "chances": {
    "equipment": {
      "ArmBand": 0,
      "ArmorVest": 0,
      "Backpack": 0,
      "Earpiece": 100,
      "Eyewear": 100,
      "FaceCover": 51,
      "FirstPrimaryWeapon": 100,
      "Headwear": 100,
      "Holster": 100,
      "Pockets": 100,
      "Scabbard": 100,
      "SecondPrimaryWeapon": 80,
      "SecuredContainer": 100,
      "TacticalVest": 100
    },
    "mods": {
      "mod_flashlight": 100,
      "mod_foregrip": 91,
      "mod_magazine": 100,
      "mod_mount": 36,
      "mod_mount_000": 0,
      "mod_mount_001": 100,
      "mod_muzzle": 50,
      "mod_muzzle_000": 100,
      "mod_muzzle_001": 100,
      "mod_scope": 84,
      "mod_sight_front": 94,
      "mod_sight_rear": 94,
      "mod_stock": 100,
      "mod_tactical": 100,
      "mod_tactical_000": 0,
      "mod_tactical_001": 0,
      "mod_tactical_002": 0
    }
  },
  "difficulty": {
    "easy": {
      "Aiming": {
        "AIMING_TYPE": 1,
        "ANYTIME_LIGHT_WHEN_AIM_100": -1,
        "ANY_PART_SHOOT_TIME": 15,
        "BASE_HIT_AFFECTION_DELAY_SEC": 0.27,
        "BASE_HIT_AFFECTION_MAX_ANG": 8,
        "BASE_HIT_AFFECTION_MIN_ANG": 4,
        "BASE_SHIEF": 0.05,
        "BETTER_PRECICING_COEF": 0.9,
        "BOTTOM_COEF": 0.1,
        "BOT_MOVE_IF_DELTA": 3.01,
        "COEF_FROM_COVER": 0.85,
        "COEF_IF_MOVE": 1,
        "DAMAGE_PANIC_TIME": 5,
        "DAMAGE_TO_DISCARD_AIM_0_100": 1,
        "DANGER_UP_POINT": 1.3,
        "DIST_TO_SHOOT_NO_OFFSET": 3,
        "DIST_TO_SHOOT_TO_CENTER": 3,
        "FIRST_CONTACT_ADD_CHANCE_100": 80,
        "FIRST_CONTACT_ADD_SEC": 0.1,
        "HARD_AIM": 0.75,
        "MAX_AIMING_UPGRADE_BY_TIME": 0.25,
        "MAX_AIM_PRECICING": 2,
        "MAX_AIM_TIME": 0.3,
        "MAX_TIME_DISCARD_AIM_SEC": 0,
        "MIN_DAMAGE_TO_GET_HIT_AFFETS": 1,
        "MIN_TIME_DISCARD_AIM_SEC": 0,
        "NEXT_SHOT_MISS_CHANCE_100": 100,
        "NEXT_SHOT_MISS_Y_OFFSET": 1,
        "OFFSET_RECAL_ANYWAY_TIME": 1,
        "PANIC_ACCURATY_COEF": 1.2,
        "PANIC_COEF": 1.2,
        "PANIC_TIME": 6,
        "RECALC_DIST": 0.7,
        "RECALC_MUST_TIME": 3,
        "RECALC_SQR_DIST": 0.48999998,
        "SCATTERING_DIST_MODIF": 0.45,
        "SCATTERING_DIST_MODIF_CLOSE": 0.6,
        "SCATTERING_HAVE_DAMAGE_COEF": 2,
        "SHOOT_TO_CHANGE_PRIORITY": 5525,
        "SHPERE_FRIENDY_FIRE_SIZE": -1,
        "TIME_COEF_IF_MOVE": 1.1,
        "WEAPON_ROOT_OFFSET": 0.35,
        "XZ_COEF": 0.2
      },
      "Boss": {
        "BOSS_DIST_TO_SHOOT": 40,
        "BOSS_DIST_TO_SHOOT_SQRT": 1600,
        "BOSS_DIST_TO_WARNING": 40,
        "BOSS_DIST_TO_WARNING_OUT": 40,
        "BOSS_DIST_TO_WARNING_OUT_SQRT": 1600,
        "BOSS_DIST_TO_WARNING_SQRT": 1600,
        "CHANCE_TO_SEND_GRENADE_100": 100,
        "CHANCE_USE_RESERVE_PATROL_100": 30,
        "COVER_TO_SEND": true,
        "DELTA_SEARCH_TIME": 18,
        "EFFECT_PAINKILLER": true,
        "KILLA_AFTER_GRENADE_SUPPRESS_DELAY": 2,
        "KILLA_BULLET_TO_RELOAD": 15,
        "KILLA_CLOSEATTACK_DELAY": -1,
        "KILLA_CLOSEATTACK_TIMES": 9000,
        "KILLA_CLOSE_ATTACK_DIST": 12,
        "KILLA_CONTUTION_TIME": 5,
        "KILLA_DEF_DIST_SQRT": 225,
        "KILLA_DIST_TO_GO_TO_SUPPRESS": 6,
        "KILLA_DITANCE_TO_BE_ENEMY_BOSS": 45,
        "KILLA_ENEMIES_TO_ATTACK": 30,
        "KILLA_HOLD_DELAY": -1,
        "KILLA_LARGE_ATTACK_DIST": 250,
        "KILLA_MIDDLE_ATTACK_DIST": 200,
        "KILLA_ONE_IS_CLOSE": 30,
        "KILLA_SEARCH_METERS": 20,
        "KILLA_SEARCH_SEC_STOP_AFTER_COMING": 25,
        "KILLA_START_SEARCH_SEC": 40,
        "KILLA_TRIGGER_DOWN_DELAY": 1,
        "KILLA_WAIT_IN_COVER_COEF": 1,
        "KILLA_Y_DELTA_TO_BE_ENEMY_BOSS": 5,
        "KOJANIY_DIST_ENEMY_TOO_CLOSE": 17,
        "KOJANIY_DIST_TO_BE_ENEMY": 200,
        "KOJANIY_DIST_WHEN_READY": 40,
        "KOJANIY_MANY_ENEMIES_COEF": 1.5,
        "KOJANIY_MIN_DIST_TO_LOOT": 20,
        "KOJANIY_MIN_DIST_TO_LOOT_SQRT": 400,
        "MAX_DIST_COVER_BOSS": 25,
        "MAX_DIST_COVER_BOSS_SQRT": 625,
        "MAX_DIST_DECIDER_TO_SEND": 35,
        "MAX_DIST_DECIDER_TO_SEND_SQRT": 1225,
        "PERSONS_SEND": 2,
        "SHALL_WARN": false,
        "TIME_AFTER_LOSE": 15,
        "TIME_AFTER_LOSE_DELTA": 60,
        "WAIT_NO_ATTACK_SAVAGE": 1
      },
      "Change": {
        "FLASH_ACCURATY": 1.6,
        "FLASH_GAIN_SIGHT": 1.8,
        "FLASH_HEARING": 1,
        "FLASH_LAY_CHANCE": 1,
        "FLASH_PRECICING": 1.6,
        "FLASH_SCATTERING": 1.6,
        "FLASH_VISION_DIST": 0.05,
        "SMOKE_ACCURATY": 1.6,
        "SMOKE_GAIN_SIGHT": 1.6,
        "SMOKE_HEARING": 1,
        "SMOKE_LAY_CHANCE": 1.6,
        "SMOKE_PRECICING": 1.6,
        "SMOKE_SCATTERING": 1.6,
        "SMOKE_VISION_DIST": 0.6,
        "STUN_HEARING": 0.01
      },
      "Core": {
        "AccuratySpeed": 0.1,
        "AimingType": "normal",
        "CanGrenade": true,
        "CanRun": true,
        "DamageCoeff": 1,
        "GainSightCoef": 0.1,
        "HearingSense": 3.95,
        "PistolFireDistancePref": 35,
        "RifleFireDistancePref": 100,
        "ScatteringClosePerMeter": 0.1,
        "ScatteringPerMeter": 0.1,
        "ShotgunFireDistancePref": 50,
        "VisibleAngle": 180,
        "VisibleDistance": 170,
        "WaitInCoverBetweenShotsSec": 1
      },
      "Cover": {
        "CHANGE_RUN_TO_COVER_SEC": 5,
        "CHANGE_RUN_TO_COVER_SEC_GREANDE": 0.6,
        "CHECK_COVER_ENEMY_LOOK": false,
        "CLOSE_DIST_POINT_SQRT": 4,
        "DELTA_SEEN_FROM_COVE_LAST_POS": 5,
        "DEPENDS_Y_DIST_TO_BOT": true,
        "DIST_CANT_CHANGE_WAY": 5,
        "DIST_CANT_CHANGE_WAY_SQR": 25,
        "DIST_CHECK_SFETY": 9,
        "DOG_FIGHT_AFTER_LEAVE": 4,
        "ENEMY_DIST_TO_GO_OUT": 1,
        "GOOD_DIST_TO_POINT_COEF": 1.8,
        "HIDE_TO_COVER_TIME": 1.5,
        "HITS_TO_LEAVE_COVER": 2,
        "HITS_TO_LEAVE_COVER_UNKNOWN": 2,
        "LOOK_LAST_ENEMY_POS_LOOKAROUND": 45,
        "LOOK_LAST_ENEMY_POS_MOVING": 1.5,
        "LOOK_TO_HIT_POINT_IF_LAST_ENEMY": 3,
        "MAX_DIST_OF_COVER": 4,
        "MAX_DIST_OF_COVER_SQR": 16,
        "MAX_SPOTTED_TIME_SEC": 20,
        "MIN_DEFENCE_LEVEL": 0,
        "MIN_DIST_TO_ENEMY": 9,
        "MOVE_TO_COVER_WHEN_TARGET": false,
        "NOT_LOOK_AT_WALL_IS_DANGER": true,
        "OFFSET_LOOK_ALONG_WALL_ANG": 20,
        "RETURN_TO_ATTACK_AFTER_AMBUSH_MAX": 50,
        "RETURN_TO_ATTACK_AFTER_AMBUSH_MIN": 20,
        "RUN_COVER_IF_CAN_AND_NO_ENEMIES": true,
        "RUN_IF_FAR": 15,
        "RUN_IF_FAR_SQRT": 225,
        "SHALL_CHANGE_COVER_IF_CAN_SHOOT": true,
        "SHOOT_NEAR_SEC_PERIOD": 1,
        "SHOOT_NEAR_TO_LEAVE": 3,
        "SOUND_TO_GET_SPOTTED": 2,
        "SPOTTED_COVERS_RADIUS": 2.5,
        "SPOTTED_GRENADE_RADIUS": 16,
        "SPOTTED_GRENADE_TIME": 7,
        "STAY_IF_FAR": 25,
        "STAY_IF_FAR_SQRT": 625,
        "TIME_CHECK_SAFE": 2,
        "TIME_TO_MOVE_TO_COVER": 15,
        "WAIT_INT_COVER_FINDING_ENEMY": 2
      },
      "Grenade": {
        "ADD_GRENADE_AS_DANGER": 65,
        "ADD_GRENADE_AS_DANGER_SQR": 4225,
        "AMBUSH_IF_SMOKE_IN_ZONE_100": 40,
        "AMBUSH_IF_SMOKE_RETURN_TO_ATTACK_SEC": 30,
        "ANG_TYPE": 1,
        "BEWARE_TYPE": 2,
        "BE_ATTENTION_COEF": 4,
        "CAN_THROW_STRAIGHT_CONTACT": true,
        "CHANCE_RUN_FLASHED_100": 100,
        "CHANCE_TO_NOTIFY_ENEMY_GR_100": 100,
        "CHEAT_START_GRENADE_PLACE": true,
        "CLOSE_TO_SMOKE_TIME_DELTA": 5,
        "CLOSE_TO_SMOKE_TO_SHOOT": 10,
        "CLOSE_TO_SMOKE_TO_SHOOT_SQRT": 100,
        "DAMAGE_GRENADE_SUPPRESS_DELTA": 8,
        "DELTA_GRENADE_START_TIME": 0.01,
        "DELTA_NEXT_ATTEMPT": 10,
        "DELTA_NEXT_ATTEMPT_FROM_COVER": 5,
        "FLASH_GRENADE_TIME_COEF": 0.1,
        "GrenadePerMeter": 0.1,
        "GrenadePrecision": 0.05,
        "MAX_FLASHED_DIST_TO_SHOOT": 10,
        "MAX_FLASHED_DIST_TO_SHOOT_SQRT": 100,
        "MAX_THROW_POWER": 25,
        "MIN_DIST_NOT_TO_THROW": 8,
        "MIN_DIST_NOT_TO_THROW_SQR": 64,
        "MIN_THROW_DIST_PERCENT_0_1": 0.7,
        "MIN_THROW_GRENADE_DIST": 12,
        "MIN_THROW_GRENADE_DIST_SQRT": 144,
        "NEAR_DELTA_THROW_TIME_SEC": 2,
        "NO_RUN_FROM_AI_GRENADES": true,
        "REQUEST_DIST_MUST_THROW": 2,
        "REQUEST_DIST_MUST_THROW_SQRT": 4,
        "RUN_AWAY": 22,
        "RUN_AWAY_SQR": 484,
        "SHOOT_TO_SMOKE_CHANCE_100": 50,
        "SIZE_SPOTTED_COEF": 2,
        "SMOKE_CHECK_DELTA": 1,
        "SMOKE_SUPPRESS_DELTA": 20,
        "STOP_WHEN_THROW_GRENADE": true,
        "STRAIGHT_CONTACT_DELTA_SEC": 3,
        "STUN_SUPPRESS_DELTA": 9,
        "TIME_SHOOT_TO_FLASH": 4,
        "WAIT_TIME_TURN_AWAY": 1.2
      },
      "Hearing": {
        "BOT_CLOSE_PANIC_DIST": 1,
        "CHANCE_TO_HEAR_SIMPLE_SOUND_0_1": 0.98,
        "CLOSE_DIST": 36,
        "DEAD_BODY_SOUND_RAD": 30,
        "DISPERSION_COEF": 10,
        "DIST_PLACE_TO_FIND_POINT": 70,
        "FAR_DIST": 66,
        "HEAR_DELAY_WHEN_HAVE_SMT": 0,
        "HEAR_DELAY_WHEN_PEACE": 0,
        "LOOK_ONLY_DANGER": false,
        "LOOK_ONLY_DANGER_DELTA": 9,
        "RESET_TIMER_DIST": 17,
        "SOUND_DIR_DEEFREE": 30
      },
      "Lay": {
        "ATTACK_LAY_CHANCE": 25,
        "CHECK_SHOOT_WHEN_LAYING": false,
        "CLEAR_POINTS_OF_SCARE_SEC": 20,
        "DAMAGE_TIME_TO_GETUP": 3,
        "DELTA_AFTER_GETUP": 10,
        "DELTA_GETUP": 2.7,
        "DELTA_LAY_CHECK": 2,
        "DELTA_WANT_LAY_CHECL_SEC": 5,
        "DIST_ENEMY_CAN_LAY": 15,
        "DIST_ENEMY_CAN_LAY_SQRT": 225,
        "DIST_ENEMY_GETUP_LAY": 10,
        "DIST_ENEMY_GETUP_LAY_SQRT": 100,
        "DIST_ENEMY_NULL_DANGER_LAY": 15,
        "DIST_ENEMY_NULL_DANGER_LAY_SQRT": 225,
        "DIST_GRASS_TERRAIN_SQRT": 0.160000011,
        "DIST_TO_COVER_TO_LAY": 3.5,
        "DIST_TO_COVER_TO_LAY_SQRT": 12.25,
        "LAY_AIM": 0.6,
        "LAY_CHANCE_DANGER": 40,
        "MAX_CAN_LAY_DIST": 200,
        "MAX_CAN_LAY_DIST_SQRT": 40000,
        "MAX_LAY_TIME": 35,
        "MIN_CAN_LAY_DIST": 11,
        "MIN_CAN_LAY_DIST_SQRT": 121
      },
      "Look": {
        "BODY_DELTA_TIME_SEARCH_SEC": 1.7,
        "CAN_LOOK_TO_WALL": false,
        "COME_TO_BODY_DIST": 1.2,
        "CloseDeltaTimeSec": 0.1,
        "DIST_CHECK_WALL": 20,
        "DIST_NOT_TO_IGNORE_WALL": 15,
        "ENEMY_LIGHT_ADD": 43,
        "ENEMY_LIGHT_START_DIST": 90,
        "FAR_DISTANCE": 160,
        "FarDeltaTimeSec": 3,
        "GOAL_TO_FULL_DISSAPEAR": 1.1,
        "GOAL_TO_FULL_DISSAPEAR_SHOOT": 0.03,
        "LOOK_AROUND_DELTA": 1.1,
        "LOOK_LAST_POSENEMY_IF_NO_DANGER_SEC": 25,
        "LOOK_THROUGH_GRASS": false,
        "LightOnVisionDistance": 40,
        "MARKSMAN_VISIBLE_DIST_COEF": 1.15,
        "MAX_VISION_GRASS_METERS": 0.8,
        "MAX_VISION_GRASS_METERS_FLARE": 8,
        "MAX_VISION_GRASS_METERS_FLARE_OPT": 0.125,
        "MAX_VISION_GRASS_METERS_OPT": 0.9090909,
        "MIDDLE_DIST": 90,
        "MIN_LOOK_AROUD_TIME": 20,
        "MiddleDeltaTimeSec": 1,
        "OLD_TIME_POINT": 11,
        "OPTIMIZE_TO_ONLY_BODY": true,
        "POSIBLE_VISION_SPACE": 1.2,
        "VISIBLE_DISNACE_WITH_LIGHT": 95,
        "WAIT_NEW_SENSOR": 2.1,
        "WAIT_NEW__LOOK_SENSOR": 7.8
      },
      "Mind": {
        "AI_POWER_COEF": 120,
        "AMBUSH_WHEN_UNDER_FIRE": true,
        "AMBUSH_WHEN_UNDER_FIRE_TIME_RESIST": 60,
        "ATTACK_ENEMY_IF_PROTECT_DELTA_LAST_TIME_SEEN": 1.5,
        "ATTACK_IMMEDIATLY_CHANCE_0_100": 40,
        "BOSS_IGNORE_LOYALTY": true,
        "BULLET_FEEL_CLOSE_SDIST": 1,
        "BULLET_FEEL_DIST": 160,
        "CAN_PANIC_IS_PROTECT": false,
        "CAN_RECEIVE_PLAYER_REQUESTS_BEAR": false,
        "CAN_RECEIVE_PLAYER_REQUESTS_SAVAGE": false,
        "CAN_RECEIVE_PLAYER_REQUESTS_USEC": false,
        "CAN_STAND_BY": true,
        "CAN_TAKE_ITEMS": false,
        "CAN_THROW_REQUESTS": true,
        "CAN_USE_MEDS": true,
        "CHANCE_FUCK_YOU_ON_CONTACT_100": 0.01,
        "CHANCE_SHOOT_WHEN_WARN_PLAYER_100": 25,
        "CHANCE_TO_RUN_CAUSE_DAMAGE_0_100": 35,
        "CHANCE_TO_STAY_WHEN_WARN_PLAYER_100": 80,
        "COVER_DIST_COEF": 1.5,
        "COVER_SECONDS_AFTER_LOSE_VISION": 10,
        "COVER_SELF_ALWAYS_IF_DAMAGED": false,
        "DAMAGE_REDUCTION_TIME_SEC": 30,
        "DANGER_POINT_CHOOSE_COEF": 1,
        "DEFAULT_BEAR_BEHAVIOUR": "Attack",
        "DEFAULT_SAVAGE_BEHAVIOUR": "Attack",
        "DEFAULT_USEC_BEHAVIOUR": "Attack",
        "DIST_TO_ENEMY_YO_CAN_HEAL": 30,
        "DIST_TO_FOUND_SQRT": 400,
        "DIST_TO_STOP_RUN_ENEMY": 15,
        "DOG_FIGHT_IN": 3,
        "DOG_FIGHT_OUT": 6,
        "ENEMY_LOOK_AT_ME_ANG": 15,
        "FIND_COVER_TO_GET_POSITION_WITH_SHOOT": 2,
        "FRIENDLY_BOT_TYPES": [
          "exUsec"
        ],
        "FRIEND_AGR_KILL": 0.2,
        "FRIEND_DEAD_AGR_LOW": -0.2,
        "GROUP_ANY_PHRASE_DELAY": 5,
        "GROUP_EXACTLY_PHRASE_DELAY": 30,
        "HEAL_DELAY_SEC": 5,
        "HIT_DELAY_WHEN_HAVE_SMT": -1,
        "HIT_DELAY_WHEN_PEACE": -1,
        "HIT_POINT_DETECTION": 4,
        "HOLD_IF_PROTECT_DELTA_LAST_TIME_SEEN": 8.5,
        "LASTSEEN_POINT_CHOOSE_COEF": 0.2,
        "LAST_ENEMY_LOOK_TO": 40,
        "MAX_AGGRO_BOT_DIST": 100,
        "MAX_AGGRO_BOT_DIST_SQR": 10000,
        "MAX_SHOOTS_TIME": 4,
        "MAX_START_AGGRESION_COEF": 3,
        "MIN_DAMAGE_SCARE": 20,
        "MIN_SHOOTS_TIME": 2,
        "MIN_START_AGGRESION_COEF": 1,
        "NO_RUN_AWAY_FOR_SAFE": false,
        "PART_PERCENT_TO_HEAL": 0.65,
        "PISTOL_SHOTGUN_AMBUSH_DIST": 30,
        "PROTECT_DELTA_HEAL_SEC": 10,
        "PROTECT_TIME_REAL": true,
        "SEC_TO_MORE_DIST_TO_RUN": 10,
        "SHOOT_INSTEAD_DOG_FIGHT": 9,
        "SIMPLE_POINT_CHOOSE_COEF": 0.4,
        "STANDART_AMBUSH_DIST": 100,
        "SUSPETION_POINT_CHANCE_ADD100": 0,
        "TALK_WITH_QUERY": true,
        "TIME_TO_FIND_ENEMY": 22,
        "TIME_TO_FORGOR_ABOUT_ENEMY_SEC": 52,
        "TIME_TO_RUN_TO_COVER_CAUSE_SHOOT_SEC": 15,
        "WARN_BOT_TYPES": []
      },
      "Move": {
        "BASESTART_SLOW_DIST": 1.1,
        "BASE_ROTATE_SPEED": 270,
        "BASE_SQRT_START_SERACH": 1225,
        "BASE_START_SERACH": 35,
        "CHANCE_TO_RUN_IF_NO_AMMO_0_100": 100,
        "DELTA_LAST_SEEN_ENEMY": 20,
        "DIST_TO_CAN_CHANGE_WAY": 8,
        "DIST_TO_CAN_CHANGE_WAY_SQR": 64,
        "DIST_TO_START_RAYCAST": 15,
        "DIST_TO_START_RAYCAST_SQR": 225,
        "FAR_DIST": 4,
        "FAR_DIST_SQR": 16,
        "REACH_DIST": 0.5,
        "REACH_DIST_COVER": 2,
        "REACH_DIST_RUN": 0.8,
        "RUN_IF_CANT_SHOOT": true,
        "RUN_IF_GAOL_FAR_THEN": 10,
        "RUN_TO_COVER_MIN": 2,
        "SEC_TO_CHANGE_TO_RUN": 3,
        "SLOW_COEF": 7,
        "START_SLOW_DIST": 1.5,
        "UPDATE_TIME_RECAL_WAY": 7,
        "Y_APPROXIMATION": 0.7
      },
      "Patrol": {
        "CAN_CHECK_MAGAZINE": false,
        "CHANCE_TO_CHANGE_WAY_0_100": 30,
        "CHANCE_TO_CUT_WAY_0_100": 75,
        "CHANCE_TO_SHOOT_DEADBODY": 52,
        "CHANGE_WAY_TIME": 325.1,
        "CLOSE_TO_SELECT_RESERV_WAY": 25,
        "CUT_WAY_MAX_0_1": 0.65,
        "CUT_WAY_MIN_0_1": 0.4,
        "FRIEND_SEARCH_SEC": 12,
        "LOOK_TIME_BASE": 12,
        "MAX_YDIST_TO_START_WARN_REQUEST_TO_REQUESTER": 5,
        "MIN_DIST_TO_CLOSE_TALK": 5,
        "MIN_DIST_TO_CLOSE_TALK_SQR": 25,
        "MIN_TALK_DELAY": 35,
        "RESERVE_OUT_TIME": 60,
        "RESERVE_TIME_STAY": 72,
        "SUSPETION_PLACE_LIFETIME": 7,
        "TALK_DELAY": 1.1,
        "TALK_DELAY_BIG": 45.1,
        "VISION_DIST_COEF_PEACE": 0.95
      },
      "Scattering": {
        "AMPLITUDE_FACTOR": 0.25,
        "AMPLITUDE_SPEED": 0.1,
        "BloodFall": 1.45,
        "Caution": 0.3,
        "DIST_FROM_OLD_POINT_TO_NOT_AIM": 15,
        "DIST_FROM_OLD_POINT_TO_NOT_AIM_SQRT": 225,
        "DIST_NOT_TO_SHOOT": 0.3,
        "FromShot": 0.001,
        "HandDamageAccuracySpeed": 1.3,
        "HandDamageScatteringMinMax": 0.7,
        "LayFactor": 0.1,
        "MaxScatter": 0.4,
        "MinScatter": 0.03,
        "MovingSlowCoef": 1.5,
        "PoseChnageCoef": 0.1,
        "RecoilControlCoefShootDone": 0.0003,
        "RecoilControlCoefShootDoneAuto": 0.00015,
        "RecoilYCoef": 0.0005,
        "RecoilYCoefSppedDown": -0.52,
        "RecoilYMax": 1,
        "SpeedDown": -0.3,
        "SpeedUp": 0.3,
        "SpeedUpAim": 1.4,
        "ToCaution": 0.6,
        "ToLowBotAngularSpeed": 80,
        "ToLowBotSpeed": 2.4,
        "ToSlowBotSpeed": 1.5,
        "ToStopBotAngularSpeed": 40,
        "ToUpBotSpeed": 3.6,
        "TracerCoef": 1.3,
        "WorkingScatter": 0.15
      },
      "Shoot": {
        "AUTOMATIC_FIRE_SCATTERING_COEF": 1.1,
        "BASE_AUTOMATIC_TIME": 0.4,
        "CAN_SHOOTS_TIME_TO_AMBUSH": 600,
        "CHANCE_TO_CHANGE_TO_AUTOMATIC_FIRE_100": 100,
        "CHANCE_TO_CHANGE_WEAPON": -1,
        "CHANCE_TO_CHANGE_WEAPON_WITH_HELMET": -1,
        "CHANGE_TO_MAIN_WHEN_SUPPORT_NO_AMMO": false,
        "DELAY_BEFORE_EXAMINE_MALFUNCTION": 0.5,
        "DELAY_BEFORE_FIX_MALFUNCTION": 0.5,
        "DIST_TO_CHANGE_TO_MAIN": 0,
        "FAR_DIST_ENEMY": 20,
        "FAR_DIST_ENEMY_SQR": 400,
        "FAR_DIST_TO_CHANGE_WEAPON": 30,
        "FINGER_HOLD_SINGLE_SHOT": 0.14,
        "HORIZONT_RECOIL_COEF": 0.04,
        "LOW_DIST_TO_CHANGE_WEAPON": 6,
        "MARKSMAN_DIST_SEK_COEF": 44,
        "MAX_DIST_COEF": 1.35,
        "MAX_RECOIL_PER_METER": 0.04,
        "NOT_TO_SEE_ENEMY_TO_WANT_RELOAD_PERCENT": 0.5,
        "NOT_TO_SEE_ENEMY_TO_WANT_RELOAD_SEC": 2,
        "RECOIL_DELTA_PRESS": 0.15,
        "RECOIL_PER_METER": 0.02,
        "RECOIL_TIME_NORMALIZE": 1,
        "RELOAD_PECNET_NO_ENEMY": 0.6,
        "REPAIR_MALFUNCTION_IMMEDIATE_CHANCE": 25,
        "RUN_DIST_NO_AMMO": 25,
        "RUN_DIST_NO_AMMO_SQRT": 625,
        "SHOOT_FROM_COVER": 6,
        "SUPPRESS_BY_SHOOT_TIME": 6,
        "SUPPRESS_TRIGGERS_DOWN": 3,
        "TRY_CHANGE_WEAPON_WHEN_RELOAD": false,
        "VALIDATE_MALFUNCTION_CHANCE": 100,
        "WAIT_NEXT_SINGLE_SHOT": 0.2,
        "WAIT_NEXT_SINGLE_SHOT_LONG_MAX": 3.3,
        "WAIT_NEXT_SINGLE_SHOT_LONG_MIN": 0.4
      }
    },
    "hard": {
      "Aiming": {
        "AIMING_TYPE": 1,
        "ANYTIME_LIGHT_WHEN_AIM_100": -1,
        "ANY_PART_SHOOT_TIME": 15,
        "BASE_HIT_AFFECTION_DELAY_SEC": 0.27,
        "BASE_HIT_AFFECTION_MAX_ANG": 8,
        "BASE_HIT_AFFECTION_MIN_ANG": 4,
        "BASE_SHIEF": 0.05,
        "BETTER_PRECICING_COEF": 0.9,
        "BOTTOM_COEF": 0.1,
        "BOT_MOVE_IF_DELTA": 3.01,
        "COEF_FROM_COVER": 0.85,
        "COEF_IF_MOVE": 1,
        "DAMAGE_PANIC_TIME": 5,
        "DAMAGE_TO_DISCARD_AIM_0_100": 1,
        "DANGER_UP_POINT": 1.3,
        "DIST_TO_SHOOT_NO_OFFSET": 3,
        "DIST_TO_SHOOT_TO_CENTER": 3,
        "FIRST_CONTACT_ADD_CHANCE_100": 80,
        "FIRST_CONTACT_ADD_SEC": 0.1,
        "HARD_AIM": 0.75,
        "MAX_AIMING_UPGRADE_BY_TIME": 0.25,
        "MAX_AIM_PRECICING": 2,
        "MAX_AIM_TIME": 0.3,
        "MAX_TIME_DISCARD_AIM_SEC": 0,
        "MIN_DAMAGE_TO_GET_HIT_AFFETS": 1,
        "MIN_TIME_DISCARD_AIM_SEC": 0,
        "NEXT_SHOT_MISS_CHANCE_100": 100,
        "NEXT_SHOT_MISS_Y_OFFSET": 1,
        "OFFSET_RECAL_ANYWAY_TIME": 1,
        "PANIC_ACCURATY_COEF": 1.2,
        "PANIC_COEF": 1.2,
        "PANIC_TIME": 6,
        "RECALC_DIST": 0.7,
        "RECALC_MUST_TIME": 3,
        "RECALC_SQR_DIST": 0.48999998,
        "SCATTERING_DIST_MODIF": 0.45,
        "SCATTERING_DIST_MODIF_CLOSE": 0.6,
        "SCATTERING_HAVE_DAMAGE_COEF": 2,
        "SHOOT_TO_CHANGE_PRIORITY": 5525,
        "SHPERE_FRIENDY_FIRE_SIZE": -1,
        "TIME_COEF_IF_MOVE": 1.1,
        "WEAPON_ROOT_OFFSET": 0.35,
        "XZ_COEF": 0.2
      },
      "Boss": {
        "BOSS_DIST_TO_SHOOT": 40,
        "BOSS_DIST_TO_SHOOT_SQRT": 1600,
        "BOSS_DIST_TO_WARNING": 40,
        "BOSS_DIST_TO_WARNING_OUT": 40,
        "BOSS_DIST_TO_WARNING_OUT_SQRT": 1600,
        "BOSS_DIST_TO_WARNING_SQRT": 1600,
        "CHANCE_TO_SEND_GRENADE_100": 100,
        "CHANCE_USE_RESERVE_PATROL_100": 30,
        "COVER_TO_SEND": true,
        "DELTA_SEARCH_TIME": 18,
        "EFFECT_PAINKILLER": true,
        "KILLA_AFTER_GRENADE_SUPPRESS_DELAY": 2,
        "KILLA_BULLET_TO_RELOAD": 15,
        "KILLA_CLOSEATTACK_DELAY": -1,
        "KILLA_CLOSEATTACK_TIMES": 9000,
        "KILLA_CLOSE_ATTACK_DIST": 12,
        "KILLA_CONTUTION_TIME": 5,
        "KILLA_DEF_DIST_SQRT": 225,
        "KILLA_DIST_TO_GO_TO_SUPPRESS": 6,
        "KILLA_DITANCE_TO_BE_ENEMY_BOSS": 45,
        "KILLA_ENEMIES_TO_ATTACK": 30,
        "KILLA_HOLD_DELAY": -1,
        "KILLA_LARGE_ATTACK_DIST": 250,
        "KILLA_MIDDLE_ATTACK_DIST": 200,
        "KILLA_ONE_IS_CLOSE": 30,
        "KILLA_SEARCH_METERS": 20,
        "KILLA_SEARCH_SEC_STOP_AFTER_COMING": 25,
        "KILLA_START_SEARCH_SEC": 40,
        "KILLA_TRIGGER_DOWN_DELAY": 1,
        "KILLA_WAIT_IN_COVER_COEF": 1,
        "KILLA_Y_DELTA_TO_BE_ENEMY_BOSS": 5,
        "KOJANIY_DIST_ENEMY_TOO_CLOSE": 17,
        "KOJANIY_DIST_TO_BE_ENEMY": 200,
        "KOJANIY_DIST_WHEN_READY": 40,
        "KOJANIY_MANY_ENEMIES_COEF": 1.5,
        "KOJANIY_MIN_DIST_TO_LOOT": 20,
        "KOJANIY_MIN_DIST_TO_LOOT_SQRT": 400,
        "MAX_DIST_COVER_BOSS": 25,
        "MAX_DIST_COVER_BOSS_SQRT": 625,
        "MAX_DIST_DECIDER_TO_SEND": 35,
        "MAX_DIST_DECIDER_TO_SEND_SQRT": 1225,
        "PERSONS_SEND": 2,
        "SHALL_WARN": false,
        "TIME_AFTER_LOSE": 15,
        "TIME_AFTER_LOSE_DELTA": 60,
        "WAIT_NO_ATTACK_SAVAGE": 1
      },
      "Change": {
        "FLASH_ACCURATY": 1.6,
        "FLASH_GAIN_SIGHT": 1.8,
        "FLASH_HEARING": 1,
        "FLASH_LAY_CHANCE": 1,
        "FLASH_PRECICING": 1.6,
        "FLASH_SCATTERING": 1.6,
        "FLASH_VISION_DIST": 0.05,
        "SMOKE_ACCURATY": 1.6,
        "SMOKE_GAIN_SIGHT": 1.6,
        "SMOKE_HEARING": 1,
        "SMOKE_LAY_CHANCE": 1.6,
        "SMOKE_PRECICING": 1.6,
        "SMOKE_SCATTERING": 1.6,
        "SMOKE_VISION_DIST": 0.6,
        "STUN_HEARING": 0.01
      },
      "Core": {
        "AccuratySpeed": 0.1,
        "AimingType": "normal",
        "CanGrenade": true,
        "CanRun": true,
        "DamageCoeff": 1,
        "GainSightCoef": 0.1,
        "HearingSense": 3.95,
        "PistolFireDistancePref": 35,
        "RifleFireDistancePref": 100,
        "ScatteringClosePerMeter": 0.1,
        "ScatteringPerMeter": 0.1,
        "ShotgunFireDistancePref": 50,
        "VisibleAngle": 180,
        "VisibleDistance": 170,
        "WaitInCoverBetweenShotsSec": 1
      },
      "Cover": {
        "CHANGE_RUN_TO_COVER_SEC": 5,
        "CHANGE_RUN_TO_COVER_SEC_GREANDE": 0.6,
        "CHECK_COVER_ENEMY_LOOK": false,
        "CLOSE_DIST_POINT_SQRT": 4,
        "DELTA_SEEN_FROM_COVE_LAST_POS": 5,
        "DEPENDS_Y_DIST_TO_BOT": true,
        "DIST_CANT_CHANGE_WAY": 5,
        "DIST_CANT_CHANGE_WAY_SQR": 25,
        "DIST_CHECK_SFETY": 9,
        "DOG_FIGHT_AFTER_LEAVE": 4,
        "ENEMY_DIST_TO_GO_OUT": 1,
        "GOOD_DIST_TO_POINT_COEF": 1.8,
        "HIDE_TO_COVER_TIME": 1.5,
        "HITS_TO_LEAVE_COVER": 2,
        "HITS_TO_LEAVE_COVER_UNKNOWN": 2,
        "LOOK_LAST_ENEMY_POS_LOOKAROUND": 45,
        "LOOK_LAST_ENEMY_POS_MOVING": 1.5,
        "LOOK_TO_HIT_POINT_IF_LAST_ENEMY": 3,
        "MAX_DIST_OF_COVER": 4,
        "MAX_DIST_OF_COVER_SQR": 16,
        "MAX_SPOTTED_TIME_SEC": 20,
        "MIN_DEFENCE_LEVEL": 0,
        "MIN_DIST_TO_ENEMY": 9,
        "MOVE_TO_COVER_WHEN_TARGET": false,
        "NOT_LOOK_AT_WALL_IS_DANGER": true,
        "OFFSET_LOOK_ALONG_WALL_ANG": 20,
        "RETURN_TO_ATTACK_AFTER_AMBUSH_MAX": 50,
        "RETURN_TO_ATTACK_AFTER_AMBUSH_MIN": 20,
        "RUN_COVER_IF_CAN_AND_NO_ENEMIES": true,
        "RUN_IF_FAR": 15,
        "RUN_IF_FAR_SQRT": 225,
        "SHALL_CHANGE_COVER_IF_CAN_SHOOT": true,
        "SHOOT_NEAR_SEC_PERIOD": 1,
        "SHOOT_NEAR_TO_LEAVE": 3,
        "SOUND_TO_GET_SPOTTED": 2,
        "SPOTTED_COVERS_RADIUS": 2.5,
        "SPOTTED_GRENADE_RADIUS": 16,
        "SPOTTED_GRENADE_TIME": 7,
        "STAY_IF_FAR": 25,
        "STAY_IF_FAR_SQRT": 625,
        "TIME_CHECK_SAFE": 2,
        "TIME_TO_MOVE_TO_COVER": 15,
        "WAIT_INT_COVER_FINDING_ENEMY": 2
      },
      "Grenade": {
        "ADD_GRENADE_AS_DANGER": 65,
        "ADD_GRENADE_AS_DANGER_SQR": 4225,
        "AMBUSH_IF_SMOKE_IN_ZONE_100": 40,
        "AMBUSH_IF_SMOKE_RETURN_TO_ATTACK_SEC": 30,
        "ANG_TYPE": 1,
        "BEWARE_TYPE": 2,
        "BE_ATTENTION_COEF": 4,
        "CAN_THROW_STRAIGHT_CONTACT": true,
        "CHANCE_RUN_FLASHED_100": 100,
        "CHANCE_TO_NOTIFY_ENEMY_GR_100": 100,
        "CHEAT_START_GRENADE_PLACE": true,
        "CLOSE_TO_SMOKE_TIME_DELTA": 5,
        "CLOSE_TO_SMOKE_TO_SHOOT": 10,
        "CLOSE_TO_SMOKE_TO_SHOOT_SQRT": 100,
        "DAMAGE_GRENADE_SUPPRESS_DELTA": 8,
        "DELTA_GRENADE_START_TIME": 0.01,
        "DELTA_NEXT_ATTEMPT": 10,
        "DELTA_NEXT_ATTEMPT_FROM_COVER": 5,
        "FLASH_GRENADE_TIME_COEF": 0.1,
        "GrenadePerMeter": 0.1,
        "GrenadePrecision": 0.05,
        "MAX_FLASHED_DIST_TO_SHOOT": 10,
        "MAX_FLASHED_DIST_TO_SHOOT_SQRT": 100,
        "MAX_THROW_POWER": 25,
        "MIN_DIST_NOT_TO_THROW": 8,
        "MIN_DIST_NOT_TO_THROW_SQR": 64,
        "MIN_THROW_DIST_PERCENT_0_1": 0.7,
        "MIN_THROW_GRENADE_DIST": 12,
        "MIN_THROW_GRENADE_DIST_SQRT": 144,
        "NEAR_DELTA_THROW_TIME_SEC": 2,
        "NO_RUN_FROM_AI_GRENADES": true,
        "REQUEST_DIST_MUST_THROW": 2,
        "REQUEST_DIST_MUST_THROW_SQRT": 4,
        "RUN_AWAY": 22,
        "RUN_AWAY_SQR": 484,
        "SHOOT_TO_SMOKE_CHANCE_100": 50,
        "SIZE_SPOTTED_COEF": 2,
        "SMOKE_CHECK_DELTA": 1,
        "SMOKE_SUPPRESS_DELTA": 20,
        "STOP_WHEN_THROW_GRENADE": true,
        "STRAIGHT_CONTACT_DELTA_SEC": 3,
        "STUN_SUPPRESS_DELTA": 9,
        "TIME_SHOOT_TO_FLASH": 4,
        "WAIT_TIME_TURN_AWAY": 1.2
      },
      "Hearing": {
        "BOT_CLOSE_PANIC_DIST": 1,
        "CHANCE_TO_HEAR_SIMPLE_SOUND_0_1": 0.98,
        "CLOSE_DIST": 36,
        "DEAD_BODY_SOUND_RAD": 30,
        "DISPERSION_COEF": 10,
        "DIST_PLACE_TO_FIND_POINT": 70,
        "FAR_DIST": 66,
        "HEAR_DELAY_WHEN_HAVE_SMT": 0,
        "HEAR_DELAY_WHEN_PEACE": 0,
        "LOOK_ONLY_DANGER": false,
        "LOOK_ONLY_DANGER_DELTA": 9,
        "RESET_TIMER_DIST": 17,
        "SOUND_DIR_DEEFREE": 30
      },
      "Lay": {
        "ATTACK_LAY_CHANCE": 25,
        "CHECK_SHOOT_WHEN_LAYING": false,
        "CLEAR_POINTS_OF_SCARE_SEC": 20,
        "DAMAGE_TIME_TO_GETUP": 3,
        "DELTA_AFTER_GETUP": 10,
        "DELTA_GETUP": 2.7,
        "DELTA_LAY_CHECK": 2,
        "DELTA_WANT_LAY_CHECL_SEC": 5,
        "DIST_ENEMY_CAN_LAY": 15,
        "DIST_ENEMY_CAN_LAY_SQRT": 225,
        "DIST_ENEMY_GETUP_LAY": 10,
        "DIST_ENEMY_GETUP_LAY_SQRT": 100,
        "DIST_ENEMY_NULL_DANGER_LAY": 15,
        "DIST_ENEMY_NULL_DANGER_LAY_SQRT": 225,
        "DIST_GRASS_TERRAIN_SQRT": 0.160000011,
        "DIST_TO_COVER_TO_LAY": 3.5,
        "DIST_TO_COVER_TO_LAY_SQRT": 12.25,
        "LAY_AIM": 0.6,
        "LAY_CHANCE_DANGER": 40,
        "MAX_CAN_LAY_DIST": 200,
        "MAX_CAN_LAY_DIST_SQRT": 40000,
        "MAX_LAY_TIME": 35,
        "MIN_CAN_LAY_DIST": 11,
        "MIN_CAN_LAY_DIST_SQRT": 121
      },
      "Look": {
        "BODY_DELTA_TIME_SEARCH_SEC": 1.7,
        "CAN_LOOK_TO_WALL": false,
        "COME_TO_BODY_DIST": 1.2,
        "CloseDeltaTimeSec": 0.1,
        "DIST_CHECK_WALL": 20,
        "DIST_NOT_TO_IGNORE_WALL": 15,
        "ENEMY_LIGHT_ADD": 43,
        "ENEMY_LIGHT_START_DIST": 90,
        "FAR_DISTANCE": 160,
        "FarDeltaTimeSec": 3,
        "GOAL_TO_FULL_DISSAPEAR": 1.1,
        "GOAL_TO_FULL_DISSAPEAR_SHOOT": 0.03,
        "LOOK_AROUND_DELTA": 1.1,
        "LOOK_LAST_POSENEMY_IF_NO_DANGER_SEC": 25,
        "LOOK_THROUGH_GRASS": false,
        "LightOnVisionDistance": 40,
        "MARKSMAN_VISIBLE_DIST_COEF": 1.15,
        "MAX_VISION_GRASS_METERS": 0.8,
        "MAX_VISION_GRASS_METERS_FLARE": 8,
        "MAX_VISION_GRASS_METERS_FLARE_OPT": 0.125,
        "MAX_VISION_GRASS_METERS_OPT": 0.9090909,
        "MIDDLE_DIST": 90,
        "MIN_LOOK_AROUD_TIME": 20,
        "MiddleDeltaTimeSec": 1,
        "OLD_TIME_POINT": 11,
        "OPTIMIZE_TO_ONLY_BODY": true,
        "POSIBLE_VISION_SPACE": 1.2,
        "VISIBLE_DISNACE_WITH_LIGHT": 95,
        "WAIT_NEW_SENSOR": 2.1,
        "WAIT_NEW__LOOK_SENSOR": 7.8
      },
      "Mind": {
        "AI_POWER_COEF": 120,
        "AMBUSH_WHEN_UNDER_FIRE": true,
        "AMBUSH_WHEN_UNDER_FIRE_TIME_RESIST": 60,
        "ATTACK_ENEMY_IF_PROTECT_DELTA_LAST_TIME_SEEN": 1.5,
        "ATTACK_IMMEDIATLY_CHANCE_0_100": 40,
        "BOSS_IGNORE_LOYALTY": true,
        "BULLET_FEEL_CLOSE_SDIST": 1,
        "BULLET_FEEL_DIST": 160,
        "CAN_PANIC_IS_PROTECT": false,
        "CAN_RECEIVE_PLAYER_REQUESTS_BEAR": false,
        "CAN_RECEIVE_PLAYER_REQUESTS_SAVAGE": false,
        "CAN_RECEIVE_PLAYER_REQUESTS_USEC": false,
        "CAN_STAND_BY": true,
        "CAN_TAKE_ITEMS": false,
        "CAN_THROW_REQUESTS": true,
        "CAN_USE_MEDS": true,
        "CHANCE_FUCK_YOU_ON_CONTACT_100": 0.01,
        "CHANCE_SHOOT_WHEN_WARN_PLAYER_100": 25,
        "CHANCE_TO_RUN_CAUSE_DAMAGE_0_100": 35,
        "CHANCE_TO_STAY_WHEN_WARN_PLAYER_100": 80,
        "COVER_DIST_COEF": 1.5,
        "COVER_SECONDS_AFTER_LOSE_VISION": 10,
        "COVER_SELF_ALWAYS_IF_DAMAGED": false,
        "DAMAGE_REDUCTION_TIME_SEC": 30,
        "DANGER_POINT_CHOOSE_COEF": 1,
        "DEFAULT_BEAR_BEHAVIOUR": "Attack",
        "DEFAULT_SAVAGE_BEHAVIOUR": "Attack",
        "DEFAULT_USEC_BEHAVIOUR": "Attack",
        "DIST_TO_ENEMY_YO_CAN_HEAL": 30,
        "DIST_TO_FOUND_SQRT": 400,
        "DIST_TO_STOP_RUN_ENEMY": 15,
        "DOG_FIGHT_IN": 3,
        "DOG_FIGHT_OUT": 6,
        "ENEMY_LOOK_AT_ME_ANG": 15,
        "FIND_COVER_TO_GET_POSITION_WITH_SHOOT": 2,
        "FRIENDLY_BOT_TYPES": [
          "exUsec"
        ],
        "FRIEND_AGR_KILL": 0.2,
        "FRIEND_DEAD_AGR_LOW": -0.2,
        "GROUP_ANY_PHRASE_DELAY": 5,
        "GROUP_EXACTLY_PHRASE_DELAY": 30,
        "HEAL_DELAY_SEC": 5,
        "HIT_DELAY_WHEN_HAVE_SMT": -1,
        "HIT_DELAY_WHEN_PEACE": -1,
        "HIT_POINT_DETECTION": 4,
        "HOLD_IF_PROTECT_DELTA_LAST_TIME_SEEN": 8.5,
        "LASTSEEN_POINT_CHOOSE_COEF": 0.2,
        "LAST_ENEMY_LOOK_TO": 40,
        "MAX_AGGRO_BOT_DIST": 100,
        "MAX_AGGRO_BOT_DIST_SQR": 10000,
        "MAX_SHOOTS_TIME": 4,
        "MAX_START_AGGRESION_COEF": 3,
        "MIN_DAMAGE_SCARE": 20,
        "MIN_SHOOTS_TIME": 2,
        "MIN_START_AGGRESION_COEF": 1,
        "NO_RUN_AWAY_FOR_SAFE": false,
        "PART_PERCENT_TO_HEAL": 0.65,
        "PISTOL_SHOTGUN_AMBUSH_DIST": 30,
        "PROTECT_DELTA_HEAL_SEC": 10,
        "PROTECT_TIME_REAL": true,
        "SEC_TO_MORE_DIST_TO_RUN": 10,
        "SHOOT_INSTEAD_DOG_FIGHT": 9,
        "SIMPLE_POINT_CHOOSE_COEF": 0.4,
        "STANDART_AMBUSH_DIST": 100,
        "SUSPETION_POINT_CHANCE_ADD100": 0,
        "TALK_WITH_QUERY": true,
        "TIME_TO_FIND_ENEMY": 22,
        "TIME_TO_FORGOR_ABOUT_ENEMY_SEC": 52,
        "TIME_TO_RUN_TO_COVER_CAUSE_SHOOT_SEC": 15,
        "WARN_BOT_TYPES": []
      },
      "Move": {
        "BASESTART_SLOW_DIST": 1.1,
        "BASE_ROTATE_SPEED": 270,
        "BASE_SQRT_START_SERACH": 1225,
        "BASE_START_SERACH": 35,
        "CHANCE_TO_RUN_IF_NO_AMMO_0_100": 100,
        "DELTA_LAST_SEEN_ENEMY": 20,
        "DIST_TO_CAN_CHANGE_WAY": 8,
        "DIST_TO_CAN_CHANGE_WAY_SQR": 64,
        "DIST_TO_START_RAYCAST": 15,
        "DIST_TO_START_RAYCAST_SQR": 225,
        "FAR_DIST": 4,
        "FAR_DIST_SQR": 16,
        "REACH_DIST": 0.5,
        "REACH_DIST_COVER": 2,
        "REACH_DIST_RUN": 0.8,
        "RUN_IF_CANT_SHOOT": true,
        "RUN_IF_GAOL_FAR_THEN": 10,
        "RUN_TO_COVER_MIN": 2,
        "SEC_TO_CHANGE_TO_RUN": 3,
        "SLOW_COEF": 7,
        "START_SLOW_DIST": 1.5,
        "UPDATE_TIME_RECAL_WAY": 7,
        "Y_APPROXIMATION": 0.7
      },
      "Patrol": {
        "CAN_CHECK_MAGAZINE": false,
        "CHANCE_TO_CHANGE_WAY_0_100": 30,
        "CHANCE_TO_CUT_WAY_0_100": 75,
        "CHANCE_TO_SHOOT_DEADBODY": 52,
        "CHANGE_WAY_TIME": 325.1,
        "CLOSE_TO_SELECT_RESERV_WAY": 25,
        "CUT_WAY_MAX_0_1": 0.65,
        "CUT_WAY_MIN_0_1": 0.4,
        "FRIEND_SEARCH_SEC": 12,
        "LOOK_TIME_BASE": 12,
        "MAX_YDIST_TO_START_WARN_REQUEST_TO_REQUESTER": 5,
        "MIN_DIST_TO_CLOSE_TALK": 5,
        "MIN_DIST_TO_CLOSE_TALK_SQR": 25,
        "MIN_TALK_DELAY": 35,
        "RESERVE_OUT_TIME": 60,
        "RESERVE_TIME_STAY": 72,
        "SUSPETION_PLACE_LIFETIME": 7,
        "TALK_DELAY": 1.1,
        "TALK_DELAY_BIG": 45.1,
        "VISION_DIST_COEF_PEACE": 0.95
      },
      "Scattering": {
        "AMPLITUDE_FACTOR": 0.25,
        "AMPLITUDE_SPEED": 0.1,
        "BloodFall": 1.45,
        "Caution": 0.3,
        "DIST_FROM_OLD_POINT_TO_NOT_AIM": 15,
        "DIST_FROM_OLD_POINT_TO_NOT_AIM_SQRT": 225,
        "DIST_NOT_TO_SHOOT": 0.3,
        "FromShot": 0.001,
        "HandDamageAccuracySpeed": 1.3,
        "HandDamageScatteringMinMax": 0.7,
        "LayFactor": 0.1,
        "MaxScatter": 0.4,
        "MinScatter": 0.03,
        "MovingSlowCoef": 1.5,
        "PoseChnageCoef": 0.1,
        "RecoilControlCoefShootDone": 0.0003,
        "RecoilControlCoefShootDoneAuto": 0.00015,
        "RecoilYCoef": 0.0005,
        "RecoilYCoefSppedDown": -0.52,
        "RecoilYMax": 1,
        "SpeedDown": -0.3,
        "SpeedUp": 0.3,
        "SpeedUpAim": 1.4,
        "ToCaution": 0.6,
        "ToLowBotAngularSpeed": 80,
        "ToLowBotSpeed": 2.4,
        "ToSlowBotSpeed": 1.5,
        "ToStopBotAngularSpeed": 40,
        "ToUpBotSpeed": 3.6,
        "TracerCoef": 1.3,
        "WorkingScatter": 0.15
      },
      "Shoot": {
        "AUTOMATIC_FIRE_SCATTERING_COEF": 1.1,
        "BASE_AUTOMATIC_TIME": 0.4,
        "CAN_SHOOTS_TIME_TO_AMBUSH": 600,
        "CHANCE_TO_CHANGE_TO_AUTOMATIC_FIRE_100": 100,
        "CHANCE_TO_CHANGE_WEAPON": -1,
        "CHANCE_TO_CHANGE_WEAPON_WITH_HELMET": -1,
        "CHANGE_TO_MAIN_WHEN_SUPPORT_NO_AMMO": false,
        "DELAY_BEFORE_EXAMINE_MALFUNCTION": 0.5,
        "DELAY_BEFORE_FIX_MALFUNCTION": 0.5,
        "DIST_TO_CHANGE_TO_MAIN": 0,
        "FAR_DIST_ENEMY": 20,
        "FAR_DIST_ENEMY_SQR": 400,
        "FAR_DIST_TO_CHANGE_WEAPON": 30,
        "FINGER_HOLD_SINGLE_SHOT": 0.14,
        "HORIZONT_RECOIL_COEF": 0.04,
        "LOW_DIST_TO_CHANGE_WEAPON": 6,
        "MARKSMAN_DIST_SEK_COEF": 44,
        "MAX_DIST_COEF": 1.35,
        "MAX_RECOIL_PER_METER": 0.04,
        "NOT_TO_SEE_ENEMY_TO_WANT_RELOAD_PERCENT": 0.5,
        "NOT_TO_SEE_ENEMY_TO_WANT_RELOAD_SEC": 2,
        "RECOIL_DELTA_PRESS": 0.15,
        "RECOIL_PER_METER": 0.02,
        "RECOIL_TIME_NORMALIZE": 1,
        "RELOAD_PECNET_NO_ENEMY": 0.6,
        "REPAIR_MALFUNCTION_IMMEDIATE_CHANCE": 25,
        "RUN_DIST_NO_AMMO": 25,
        "RUN_DIST_NO_AMMO_SQRT": 625,
        "SHOOT_FROM_COVER": 6,
        "SUPPRESS_BY_SHOOT_TIME": 6,
        "SUPPRESS_TRIGGERS_DOWN": 3,
        "TRY_CHANGE_WEAPON_WHEN_RELOAD": false,
        "VALIDATE_MALFUNCTION_CHANCE": 100,
        "WAIT_NEXT_SINGLE_SHOT": 0.2,
        "WAIT_NEXT_SINGLE_SHOT_LONG_MAX": 3.3,
        "WAIT_NEXT_SINGLE_SHOT_LONG_MIN": 0.4
      }
    },
    "impossible": {
      "Aiming": {
        "AIMING_TYPE": 1,
        "ANYTIME_LIGHT_WHEN_AIM_100": -1,
        "ANY_PART_SHOOT_TIME": 15,
        "BASE_HIT_AFFECTION_DELAY_SEC": 0.27,
        "BASE_HIT_AFFECTION_MAX_ANG": 8,
        "BASE_HIT_AFFECTION_MIN_ANG": 4,
        "BASE_SHIEF": 0.05,
        "BETTER_PRECICING_COEF": 0.9,
        "BOTTOM_COEF": 0.1,
        "BOT_MOVE_IF_DELTA": 3.01,
        "COEF_FROM_COVER": 0.85,
        "COEF_IF_MOVE": 1,
        "DAMAGE_PANIC_TIME": 5,
        "DAMAGE_TO_DISCARD_AIM_0_100": 1,
        "DANGER_UP_POINT": 1.3,
        "DIST_TO_SHOOT_NO_OFFSET": 3,
        "DIST_TO_SHOOT_TO_CENTER": 3,
        "FIRST_CONTACT_ADD_CHANCE_100": 80,
        "FIRST_CONTACT_ADD_SEC": 0.1,
        "HARD_AIM": 0.75,
        "MAX_AIMING_UPGRADE_BY_TIME": 0.25,
        "MAX_AIM_PRECICING": 2,
        "MAX_AIM_TIME": 0.3,
        "MAX_TIME_DISCARD_AIM_SEC": 0,
        "MIN_DAMAGE_TO_GET_HIT_AFFETS": 1,
        "MIN_TIME_DISCARD_AIM_SEC": 0,
        "NEXT_SHOT_MISS_CHANCE_100": 100,
        "NEXT_SHOT_MISS_Y_OFFSET": 1,
        "OFFSET_RECAL_ANYWAY_TIME": 1,
        "PANIC_ACCURATY_COEF": 1.2,
        "PANIC_COEF": 1.2,
        "PANIC_TIME": 6,
        "RECALC_DIST": 0.7,
        "RECALC_MUST_TIME": 3,
        "RECALC_SQR_DIST": 0.48999998,
        "SCATTERING_DIST_MODIF": 0.45,
        "SCATTERING_DIST_MODIF_CLOSE": 0.6,
        "SCATTERING_HAVE_DAMAGE_COEF": 2,
        "SHOOT_TO_CHANGE_PRIORITY": 5525,
        "SHPERE_FRIENDY_FIRE_SIZE": -1,
        "TIME_COEF_IF_MOVE": 1.1,
        "WEAPON_ROOT_OFFSET": 0.35,
        "XZ_COEF": 0.2
      },
      "Boss": {
        "BOSS_DIST_TO_SHOOT": 40,
        "BOSS_DIST_TO_SHOOT_SQRT": 1600,
        "BOSS_DIST_TO_WARNING": 40,
        "BOSS_DIST_TO_WARNING_OUT": 40,
        "BOSS_DIST_TO_WARNING_OUT_SQRT": 1600,
        "BOSS_DIST_TO_WARNING_SQRT": 1600,
        "CHANCE_TO_SEND_GRENADE_100": 100,
        "CHANCE_USE_RESERVE_PATROL_100": 30,
        "COVER_TO_SEND": true,
        "DELTA_SEARCH_TIME": 18,
        "EFFECT_PAINKILLER": true,
        "KILLA_AFTER_GRENADE_SUPPRESS_DELAY": 2,
        "KILLA_BULLET_TO_RELOAD": 15,
        "KILLA_CLOSEATTACK_DELAY": -1,
        "KILLA_CLOSEATTACK_TIMES": 9000,
        "KILLA_CLOSE_ATTACK_DIST": 12,
        "KILLA_CONTUTION_TIME": 5,
        "KILLA_DEF_DIST_SQRT": 225,
        "KILLA_DIST_TO_GO_TO_SUPPRESS": 6,
        "KILLA_DITANCE_TO_BE_ENEMY_BOSS": 45,
        "KILLA_ENEMIES_TO_ATTACK": 30,
        "KILLA_HOLD_DELAY": -1,
        "KILLA_LARGE_ATTACK_DIST": 250,
        "KILLA_MIDDLE_ATTACK_DIST": 200,
        "KILLA_ONE_IS_CLOSE": 30,
        "KILLA_SEARCH_METERS": 20,
        "KILLA_SEARCH_SEC_STOP_AFTER_COMING": 25,
        "KILLA_START_SEARCH_SEC": 40,
        "KILLA_TRIGGER_DOWN_DELAY": 1,
        "KILLA_WAIT_IN_COVER_COEF": 1,
        "KILLA_Y_DELTA_TO_BE_ENEMY_BOSS": 5,
        "KOJANIY_DIST_ENEMY_TOO_CLOSE": 17,
        "KOJANIY_DIST_TO_BE_ENEMY": 200,
        "KOJANIY_DIST_WHEN_READY": 40,
        "KOJANIY_MANY_ENEMIES_COEF": 1.5,
        "KOJANIY_MIN_DIST_TO_LOOT": 20,
        "KOJANIY_MIN_DIST_TO_LOOT_SQRT": 400,
        "MAX_DIST_COVER_BOSS": 25,
        "MAX_DIST_COVER_BOSS_SQRT": 625,
        "MAX_DIST_DECIDER_TO_SEND": 35,
        "MAX_DIST_DECIDER_TO_SEND_SQRT": 1225,
        "PERSONS_SEND": 2,
        "SHALL_WARN": false,
        "TIME_AFTER_LOSE": 15,
        "TIME_AFTER_LOSE_DELTA": 60,
        "WAIT_NO_ATTACK_SAVAGE": 1
      },
      "Change": {
        "FLASH_ACCURATY": 1.6,
        "FLASH_GAIN_SIGHT": 1.8,
        "FLASH_HEARING": 1,
        "FLASH_LAY_CHANCE": 1,
        "FLASH_PRECICING": 1.6,
        "FLASH_SCATTERING": 1.6,
        "FLASH_VISION_DIST": 0.05,
        "SMOKE_ACCURATY": 1.6,
        "SMOKE_GAIN_SIGHT": 1.6,
        "SMOKE_HEARING": 1,
        "SMOKE_LAY_CHANCE": 1.6,
        "SMOKE_PRECICING": 1.6,
        "SMOKE_SCATTERING": 1.6,
        "SMOKE_VISION_DIST": 0.6,
        "STUN_HEARING": 0.01
      },
      "Core": {
        "AccuratySpeed": 0.1,
        "AimingType": "normal",
        "CanGrenade": true,
        "CanRun": true,
        "DamageCoeff": 1,
        "GainSightCoef": 0.1,
        "HearingSense": 3.95,
        "PistolFireDistancePref": 35,
        "RifleFireDistancePref": 100,
        "ScatteringClosePerMeter": 0.1,
        "ScatteringPerMeter": 0.1,
        "ShotgunFireDistancePref": 50,
        "VisibleAngle": 180,
        "VisibleDistance": 170,
        "WaitInCoverBetweenShotsSec": 1
      },
      "Cover": {
        "CHANGE_RUN_TO_COVER_SEC": 5,
        "CHANGE_RUN_TO_COVER_SEC_GREANDE": 0.6,
        "CHECK_COVER_ENEMY_LOOK": false,
        "CLOSE_DIST_POINT_SQRT": 4,
        "DELTA_SEEN_FROM_COVE_LAST_POS": 5,
        "DEPENDS_Y_DIST_TO_BOT": true,
        "DIST_CANT_CHANGE_WAY": 5,
        "DIST_CANT_CHANGE_WAY_SQR": 25,
        "DIST_CHECK_SFETY": 9,
        "DOG_FIGHT_AFTER_LEAVE": 4,
        "ENEMY_DIST_TO_GO_OUT": 1,
        "GOOD_DIST_TO_POINT_COEF": 1.8,
        "HIDE_TO_COVER_TIME": 1.5,
        "HITS_TO_LEAVE_COVER": 2,
        "HITS_TO_LEAVE_COVER_UNKNOWN": 2,
        "LOOK_LAST_ENEMY_POS_LOOKAROUND": 45,
        "LOOK_LAST_ENEMY_POS_MOVING": 1.5,
        "LOOK_TO_HIT_POINT_IF_LAST_ENEMY": 3,
        "MAX_DIST_OF_COVER": 4,
        "MAX_DIST_OF_COVER_SQR": 16,
        "MAX_SPOTTED_TIME_SEC": 20,
        "MIN_DEFENCE_LEVEL": 0,
        "MIN_DIST_TO_ENEMY": 9,
        "MOVE_TO_COVER_WHEN_TARGET": false,
        "NOT_LOOK_AT_WALL_IS_DANGER": true,
        "OFFSET_LOOK_ALONG_WALL_ANG": 20,
        "RETURN_TO_ATTACK_AFTER_AMBUSH_MAX": 50,
        "RETURN_TO_ATTACK_AFTER_AMBUSH_MIN": 20,
        "RUN_COVER_IF_CAN_AND_NO_ENEMIES": true,
        "RUN_IF_FAR": 15,
        "RUN_IF_FAR_SQRT": 225,
        "SHALL_CHANGE_COVER_IF_CAN_SHOOT": true,
        "SHOOT_NEAR_SEC_PERIOD": 1,
        "SHOOT_NEAR_TO_LEAVE": 3,
        "SOUND_TO_GET_SPOTTED": 2,
        "SPOTTED_COVERS_RADIUS": 2.5,
        "SPOTTED_GRENADE_RADIUS": 16,
        "SPOTTED_GRENADE_TIME": 7,
        "STAY_IF_FAR": 25,
        "STAY_IF_FAR_SQRT": 625,
        "TIME_CHECK_SAFE": 2,
        "TIME_TO_MOVE_TO_COVER": 15,
        "WAIT_INT_COVER_FINDING_ENEMY": 2
      },
      "Grenade": {
        "ADD_GRENADE_AS_DANGER": 65,
        "ADD_GRENADE_AS_DANGER_SQR": 4225,
        "AMBUSH_IF_SMOKE_IN_ZONE_100": 40,
        "AMBUSH_IF_SMOKE_RETURN_TO_ATTACK_SEC": 30,
        "ANG_TYPE": 1,
        "BEWARE_TYPE": 2,
        "BE_ATTENTION_COEF": 4,
        "CAN_THROW_STRAIGHT_CONTACT": true,
        "CHANCE_RUN_FLASHED_100": 100,
        "CHANCE_TO_NOTIFY_ENEMY_GR_100": 100,
        "CHEAT_START_GRENADE_PLACE": true,
        "CLOSE_TO_SMOKE_TIME_DELTA": 5,
        "CLOSE_TO_SMOKE_TO_SHOOT": 10,
        "CLOSE_TO_SMOKE_TO_SHOOT_SQRT": 100,
        "DAMAGE_GRENADE_SUPPRESS_DELTA": 8,
        "DELTA_GRENADE_START_TIME": 0.01,
        "DELTA_NEXT_ATTEMPT": 10,
        "DELTA_NEXT_ATTEMPT_FROM_COVER": 5,
        "FLASH_GRENADE_TIME_COEF": 0.1,
        "GrenadePerMeter": 0.1,
        "GrenadePrecision": 0.05,
        "MAX_FLASHED_DIST_TO_SHOOT": 10,
        "MAX_FLASHED_DIST_TO_SHOOT_SQRT": 100,
        "MAX_THROW_POWER": 25,
        "MIN_DIST_NOT_TO_THROW": 8,
        "MIN_DIST_NOT_TO_THROW_SQR": 64,
        "MIN_THROW_DIST_PERCENT_0_1": 0.7,
        "MIN_THROW_GRENADE_DIST": 12,
        "MIN_THROW_GRENADE_DIST_SQRT": 144,
        "NEAR_DELTA_THROW_TIME_SEC": 2,
        "NO_RUN_FROM_AI_GRENADES": true,
        "REQUEST_DIST_MUST_THROW": 2,
        "REQUEST_DIST_MUST_THROW_SQRT": 4,
        "RUN_AWAY": 22,
        "RUN_AWAY_SQR": 484,
        "SHOOT_TO_SMOKE_CHANCE_100": 50,
        "SIZE_SPOTTED_COEF": 2,
        "SMOKE_CHECK_DELTA": 1,
        "SMOKE_SUPPRESS_DELTA": 20,
        "STOP_WHEN_THROW_GRENADE": true,
        "STRAIGHT_CONTACT_DELTA_SEC": 3,
        "STUN_SUPPRESS_DELTA": 9,
        "TIME_SHOOT_TO_FLASH": 4,
        "WAIT_TIME_TURN_AWAY": 1.2
      },
      "Hearing": {
        "BOT_CLOSE_PANIC_DIST": 1,
        "CHANCE_TO_HEAR_SIMPLE_SOUND_0_1": 0.98,
        "CLOSE_DIST": 36,
        "DEAD_BODY_SOUND_RAD": 30,
        "DISPERSION_COEF": 10,
        "DIST_PLACE_TO_FIND_POINT": 70,
        "FAR_DIST": 66,
        "HEAR_DELAY_WHEN_HAVE_SMT": 0,
        "HEAR_DELAY_WHEN_PEACE": 0,
        "LOOK_ONLY_DANGER": false,
        "LOOK_ONLY_DANGER_DELTA": 9,
        "RESET_TIMER_DIST": 17,
        "SOUND_DIR_DEEFREE": 30
      },
      "Lay": {
        "ATTACK_LAY_CHANCE": 25,
        "CHECK_SHOOT_WHEN_LAYING": false,
        "CLEAR_POINTS_OF_SCARE_SEC": 20,
        "DAMAGE_TIME_TO_GETUP": 3,
        "DELTA_AFTER_GETUP": 10,
        "DELTA_GETUP": 2.7,
        "DELTA_LAY_CHECK": 2,
        "DELTA_WANT_LAY_CHECL_SEC": 5,
        "DIST_ENEMY_CAN_LAY": 15,
        "DIST_ENEMY_CAN_LAY_SQRT": 225,
        "DIST_ENEMY_GETUP_LAY": 10,
        "DIST_ENEMY_GETUP_LAY_SQRT": 100,
        "DIST_ENEMY_NULL_DANGER_LAY": 15,
        "DIST_ENEMY_NULL_DANGER_LAY_SQRT": 225,
        "DIST_GRASS_TERRAIN_SQRT": 0.160000011,
        "DIST_TO_COVER_TO_LAY": 3.5,
        "DIST_TO_COVER_TO_LAY_SQRT": 12.25,
        "LAY_AIM": 0.6,
        "LAY_CHANCE_DANGER": 40,
        "MAX_CAN_LAY_DIST": 200,
        "MAX_CAN_LAY_DIST_SQRT": 40000,
        "MAX_LAY_TIME": 35,
        "MIN_CAN_LAY_DIST": 11,
        "MIN_CAN_LAY_DIST_SQRT": 121
      },
      "Look": {
        "BODY_DELTA_TIME_SEARCH_SEC": 1.7,
        "CAN_LOOK_TO_WALL": false,
        "COME_TO_BODY_DIST": 1.2,
        "CloseDeltaTimeSec": 0.1,
        "DIST_CHECK_WALL": 20,
        "DIST_NOT_TO_IGNORE_WALL": 15,
        "ENEMY_LIGHT_ADD": 43,
        "ENEMY_LIGHT_START_DIST": 90,
        "FAR_DISTANCE": 160,
        "FarDeltaTimeSec": 3,
        "GOAL_TO_FULL_DISSAPEAR": 1.1,
        "GOAL_TO_FULL_DISSAPEAR_SHOOT": 0.03,
        "LOOK_AROUND_DELTA": 1.1,
        "LOOK_LAST_POSENEMY_IF_NO_DANGER_SEC": 25,
        "LOOK_THROUGH_GRASS": false,
        "LightOnVisionDistance": 40,
        "MARKSMAN_VISIBLE_DIST_COEF": 1.15,
        "MAX_VISION_GRASS_METERS": 0.8,
        "MAX_VISION_GRASS_METERS_FLARE": 8,
        "MAX_VISION_GRASS_METERS_FLARE_OPT": 0.125,
        "MAX_VISION_GRASS_METERS_OPT": 0.9090909,
        "MIDDLE_DIST": 90,
        "MIN_LOOK_AROUD_TIME": 20,
        "MiddleDeltaTimeSec": 1,
        "OLD_TIME_POINT": 11,
        "OPTIMIZE_TO_ONLY_BODY": true,
        "POSIBLE_VISION_SPACE": 1.2,
        "VISIBLE_DISNACE_WITH_LIGHT": 95,
        "WAIT_NEW_SENSOR": 2.1,
        "WAIT_NEW__LOOK_SENSOR": 7.8
      },
      "Mind": {
        "AI_POWER_COEF": 120,
        "AMBUSH_WHEN_UNDER_FIRE": true,
        "AMBUSH_WHEN_UNDER_FIRE_TIME_RESIST": 60,
        "ATTACK_ENEMY_IF_PROTECT_DELTA_LAST_TIME_SEEN": 1.5,
        "ATTACK_IMMEDIATLY_CHANCE_0_100": 40,
        "BOSS_IGNORE_LOYALTY": true,
        "BULLET_FEEL_CLOSE_SDIST": 1,
        "BULLET_FEEL_DIST": 160,
        "CAN_PANIC_IS_PROTECT": false,
        "CAN_RECEIVE_PLAYER_REQUESTS_BEAR": false,
        "CAN_RECEIVE_PLAYER_REQUESTS_SAVAGE": false,
        "CAN_RECEIVE_PLAYER_REQUESTS_USEC": false,
        "CAN_STAND_BY": true,
        "CAN_TAKE_ITEMS": false,
        "CAN_THROW_REQUESTS": true,
        "CAN_USE_MEDS": true,
        "CHANCE_FUCK_YOU_ON_CONTACT_100": 0.01,
        "CHANCE_SHOOT_WHEN_WARN_PLAYER_100": 25,
        "CHANCE_TO_RUN_CAUSE_DAMAGE_0_100": 35,
        "CHANCE_TO_STAY_WHEN_WARN_PLAYER_100": 80,
        "COVER_DIST_COEF": 1.5,
        "COVER_SECONDS_AFTER_LOSE_VISION": 10,
        "COVER_SELF_ALWAYS_IF_DAMAGED": false,
        "DAMAGE_REDUCTION_TIME_SEC": 30,
        "DANGER_POINT_CHOOSE_COEF": 1,
        "DEFAULT_BEAR_BEHAVIOUR": "Attack",
        "DEFAULT_SAVAGE_BEHAVIOUR": "Attack",
        "DEFAULT_USEC_BEHAVIOUR": "Attack",
        "DIST_TO_ENEMY_YO_CAN_HEAL": 30,
        "DIST_TO_FOUND_SQRT": 400,
        "DIST_TO_STOP_RUN_ENEMY": 15,
        "DOG_FIGHT_IN": 3,
        "DOG_FIGHT_OUT": 6,
        "ENEMY_LOOK_AT_ME_ANG": 15,
        "FIND_COVER_TO_GET_POSITION_WITH_SHOOT": 2,
        "FRIENDLY_BOT_TYPES": [
          "exUsec"
        ],
        "FRIEND_AGR_KILL": 0.2,
        "FRIEND_DEAD_AGR_LOW": -0.2,
        "GROUP_ANY_PHRASE_DELAY": 5,
        "GROUP_EXACTLY_PHRASE_DELAY": 30,
        "HEAL_DELAY_SEC": 5,
        "HIT_DELAY_WHEN_HAVE_SMT": -1,
        "HIT_DELAY_WHEN_PEACE": -1,
        "HIT_POINT_DETECTION": 4,
        "HOLD_IF_PROTECT_DELTA_LAST_TIME_SEEN": 8.5,
        "LASTSEEN_POINT_CHOOSE_COEF": 0.2,
        "LAST_ENEMY_LOOK_TO": 40,
        "MAX_AGGRO_BOT_DIST": 100,
        "MAX_AGGRO_BOT_DIST_SQR": 10000,
        "MAX_SHOOTS_TIME": 4,
        "MAX_START_AGGRESION_COEF": 3,
        "MIN_DAMAGE_SCARE": 20,
        "MIN_SHOOTS_TIME": 2,
        "MIN_START_AGGRESION_COEF": 1,
        "NO_RUN_AWAY_FOR_SAFE": false,
        "PART_PERCENT_TO_HEAL": 0.65,
        "PISTOL_SHOTGUN_AMBUSH_DIST": 30,
        "PROTECT_DELTA_HEAL_SEC": 10,
        "PROTECT_TIME_REAL": true,
        "SEC_TO_MORE_DIST_TO_RUN": 10,
        "SHOOT_INSTEAD_DOG_FIGHT": 9,
        "SIMPLE_POINT_CHOOSE_COEF": 0.4,
        "STANDART_AMBUSH_DIST": 100,
        "SUSPETION_POINT_CHANCE_ADD100": 0,
        "TALK_WITH_QUERY": true,
        "TIME_TO_FIND_ENEMY": 22,
        "TIME_TO_FORGOR_ABOUT_ENEMY_SEC": 52,
        "TIME_TO_RUN_TO_COVER_CAUSE_SHOOT_SEC": 15,
        "WARN_BOT_TYPES": []
      },
      "Move": {
        "BASESTART_SLOW_DIST": 1.1,
        "BASE_ROTATE_SPEED": 270,
        "BASE_SQRT_START_SERACH": 1225,
        "BASE_START_SERACH": 35,
        "CHANCE_TO_RUN_IF_NO_AMMO_0_100": 100,
        "DELTA_LAST_SEEN_ENEMY": 20,
        "DIST_TO_CAN_CHANGE_WAY": 8,
        "DIST_TO_CAN_CHANGE_WAY_SQR": 64,
        "DIST_TO_START_RAYCAST": 15,
        "DIST_TO_START_RAYCAST_SQR": 225,
        "FAR_DIST": 4,
        "FAR_DIST_SQR": 16,
        "REACH_DIST": 0.5,
        "REACH_DIST_COVER": 2,
        "REACH_DIST_RUN": 0.8,
        "RUN_IF_CANT_SHOOT": true,
        "RUN_IF_GAOL_FAR_THEN": 10,
        "RUN_TO_COVER_MIN": 2,
        "SEC_TO_CHANGE_TO_RUN": 3,
        "SLOW_COEF": 7,
        "START_SLOW_DIST": 1.5,
        "UPDATE_TIME_RECAL_WAY": 7,
        "Y_APPROXIMATION": 0.7
      },
      "Patrol": {
        "CAN_CHECK_MAGAZINE": false,
        "CHANCE_TO_CHANGE_WAY_0_100": 30,
        "CHANCE_TO_CUT_WAY_0_100": 75,
        "CHANCE_TO_SHOOT_DEADBODY": 52,
        "CHANGE_WAY_TIME": 325.1,
        "CLOSE_TO_SELECT_RESERV_WAY": 25,
        "CUT_WAY_MAX_0_1": 0.65,
        "CUT_WAY_MIN_0_1": 0.4,
        "FRIEND_SEARCH_SEC": 12,
        "LOOK_TIME_BASE": 12,
        "MAX_YDIST_TO_START_WARN_REQUEST_TO_REQUESTER": 5,
        "MIN_DIST_TO_CLOSE_TALK": 5,
        "MIN_DIST_TO_CLOSE_TALK_SQR": 25,
        "MIN_TALK_DELAY": 35,
        "RESERVE_OUT_TIME": 60,
        "RESERVE_TIME_STAY": 72,
        "SUSPETION_PLACE_LIFETIME": 7,
        "TALK_DELAY": 1.1,
        "TALK_DELAY_BIG": 45.1,
        "VISION_DIST_COEF_PEACE": 0.95
      },
      "Scattering": {
        "AMPLITUDE_FACTOR": 0.25,
        "AMPLITUDE_SPEED": 0.1,
        "BloodFall": 1.45,
        "Caution": 0.3,
        "DIST_FROM_OLD_POINT_TO_NOT_AIM": 15,
        "DIST_FROM_OLD_POINT_TO_NOT_AIM_SQRT": 225,
        "DIST_NOT_TO_SHOOT": 0.3,
        "FromShot": 0.001,
        "HandDamageAccuracySpeed": 1.3,
        "HandDamageScatteringMinMax": 0.7,
        "LayFactor": 0.1,
        "MaxScatter": 0.4,
        "MinScatter": 0.03,
        "MovingSlowCoef": 1.5,
        "PoseChnageCoef": 0.1,
        "RecoilControlCoefShootDone": 0.0003,
        "RecoilControlCoefShootDoneAuto": 0.00015,
        "RecoilYCoef": 0.0005,
        "RecoilYCoefSppedDown": -0.52,
        "RecoilYMax": 1,
        "SpeedDown": -0.3,
        "SpeedUp": 0.3,
        "SpeedUpAim": 1.4,
        "ToCaution": 0.6,
        "ToLowBotAngularSpeed": 80,
        "ToLowBotSpeed": 2.4,
        "ToSlowBotSpeed": 1.5,
        "ToStopBotAngularSpeed": 40,
        "ToUpBotSpeed": 3.6,
        "TracerCoef": 1.3,
        "WorkingScatter": 0.15
      },
      "Shoot": {
        "AUTOMATIC_FIRE_SCATTERING_COEF": 1.1,
        "BASE_AUTOMATIC_TIME": 0.4,
        "CAN_SHOOTS_TIME_TO_AMBUSH": 600,
        "CHANCE_TO_CHANGE_TO_AUTOMATIC_FIRE_100": 100,
        "CHANCE_TO_CHANGE_WEAPON": -1,
        "CHANCE_TO_CHANGE_WEAPON_WITH_HELMET": -1,
        "CHANGE_TO_MAIN_WHEN_SUPPORT_NO_AMMO": false,
        "DELAY_BEFORE_EXAMINE_MALFUNCTION": 0.5,
        "DELAY_BEFORE_FIX_MALFUNCTION": 0.5,
        "DIST_TO_CHANGE_TO_MAIN": 0,
        "FAR_DIST_ENEMY": 20,
        "FAR_DIST_ENEMY_SQR": 400,
        "FAR_DIST_TO_CHANGE_WEAPON": 30,
        "FINGER_HOLD_SINGLE_SHOT": 0.14,
        "HORIZONT_RECOIL_COEF": 0.04,
        "LOW_DIST_TO_CHANGE_WEAPON": 6,
        "MARKSMAN_DIST_SEK_COEF": 44,
        "MAX_DIST_COEF": 1.35,
        "MAX_RECOIL_PER_METER": 0.04,
        "NOT_TO_SEE_ENEMY_TO_WANT_RELOAD_PERCENT": 0.5,
        "NOT_TO_SEE_ENEMY_TO_WANT_RELOAD_SEC": 2,
        "RECOIL_DELTA_PRESS": 0.15,
        "RECOIL_PER_METER": 0.02,
        "RECOIL_TIME_NORMALIZE": 1,
        "RELOAD_PECNET_NO_ENEMY": 0.6,
        "REPAIR_MALFUNCTION_IMMEDIATE_CHANCE": 25,
        "RUN_DIST_NO_AMMO": 25,
        "RUN_DIST_NO_AMMO_SQRT": 625,
        "SHOOT_FROM_COVER": 6,
        "SUPPRESS_BY_SHOOT_TIME": 6,
        "SUPPRESS_TRIGGERS_DOWN": 3,
        "TRY_CHANGE_WEAPON_WHEN_RELOAD": false,
        "VALIDATE_MALFUNCTION_CHANCE": 100,
        "WAIT_NEXT_SINGLE_SHOT": 0.2,
        "WAIT_NEXT_SINGLE_SHOT_LONG_MAX": 3.3,
        "WAIT_NEXT_SINGLE_SHOT_LONG_MIN": 0.4
      }
    },
    "normal": {
      "Aiming": {
        "AIMING_TYPE": 1,
        "ANYTIME_LIGHT_WHEN_AIM_100": -1,
        "ANY_PART_SHOOT_TIME": 15,
        "BASE_HIT_AFFECTION_DELAY_SEC": 0.27,
        "BASE_HIT_AFFECTION_MAX_ANG": 8,
        "BASE_HIT_AFFECTION_MIN_ANG": 4,
        "BASE_SHIEF": 0.05,
        "BETTER_PRECICING_COEF": 0.9,
        "BOTTOM_COEF": 0.1,
        "BOT_MOVE_IF_DELTA": 3.01,
        "COEF_FROM_COVER": 0.85,
        "COEF_IF_MOVE": 1,
        "DAMAGE_PANIC_TIME": 5,
        "DAMAGE_TO_DISCARD_AIM_0_100": 1,
        "DANGER_UP_POINT": 1.3,
        "DIST_TO_SHOOT_NO_OFFSET": 3,
        "DIST_TO_SHOOT_TO_CENTER": 3,
        "FIRST_CONTACT_ADD_CHANCE_100": 80,
        "FIRST_CONTACT_ADD_SEC": 0.1,
        "HARD_AIM": 0.75,
        "MAX_AIMING_UPGRADE_BY_TIME": 0.25,
        "MAX_AIM_PRECICING": 2,
        "MAX_AIM_TIME": 0.3,
        "MAX_TIME_DISCARD_AIM_SEC": 0,
        "MIN_DAMAGE_TO_GET_HIT_AFFETS": 1,
        "MIN_TIME_DISCARD_AIM_SEC": 0,
        "NEXT_SHOT_MISS_CHANCE_100": 100,
        "NEXT_SHOT_MISS_Y_OFFSET": 1,
        "OFFSET_RECAL_ANYWAY_TIME": 1,
        "PANIC_ACCURATY_COEF": 1.2,
        "PANIC_COEF": 1.2,
        "PANIC_TIME": 6,
        "RECALC_DIST": 0.7,
        "RECALC_MUST_TIME": 3,
        "RECALC_SQR_DIST": 0.48999998,
        "SCATTERING_DIST_MODIF": 0.45,
        "SCATTERING_DIST_MODIF_CLOSE": 0.6,
        "SCATTERING_HAVE_DAMAGE_COEF": 2,
        "SHOOT_TO_CHANGE_PRIORITY": 5525,
        "SHPERE_FRIENDY_FIRE_SIZE": -1,
        "TIME_COEF_IF_MOVE": 1.1,
        "WEAPON_ROOT_OFFSET": 0.35,
        "XZ_COEF": 0.2
      },
      "Boss": {
        "BOSS_DIST_TO_SHOOT": 40,
        "BOSS_DIST_TO_SHOOT_SQRT": 1600,
        "BOSS_DIST_TO_WARNING": 40,
        "BOSS_DIST_TO_WARNING_OUT": 40,
        "BOSS_DIST_TO_WARNING_OUT_SQRT": 1600,
        "BOSS_DIST_TO_WARNING_SQRT": 1600,
        "CHANCE_TO_SEND_GRENADE_100": 100,
        "CHANCE_USE_RESERVE_PATROL_100": 30,
        "COVER_TO_SEND": true,
        "DELTA_SEARCH_TIME": 18,
        "EFFECT_PAINKILLER": true,
        "KILLA_AFTER_GRENADE_SUPPRESS_DELAY": 2,
        "KILLA_BULLET_TO_RELOAD": 15,
        "KILLA_CLOSEATTACK_DELAY": -1,
        "KILLA_CLOSEATTACK_TIMES": 9000,
        "KILLA_CLOSE_ATTACK_DIST": 12,
        "KILLA_CONTUTION_TIME": 5,
        "KILLA_DEF_DIST_SQRT": 225,
        "KILLA_DIST_TO_GO_TO_SUPPRESS": 6,
        "KILLA_DITANCE_TO_BE_ENEMY_BOSS": 45,
        "KILLA_ENEMIES_TO_ATTACK": 30,
        "KILLA_HOLD_DELAY": -1,
        "KILLA_LARGE_ATTACK_DIST": 250,
        "KILLA_MIDDLE_ATTACK_DIST": 200,
        "KILLA_ONE_IS_CLOSE": 30,
        "KILLA_SEARCH_METERS": 20,
        "KILLA_SEARCH_SEC_STOP_AFTER_COMING": 25,
        "KILLA_START_SEARCH_SEC": 40,
        "KILLA_TRIGGER_DOWN_DELAY": 1,
        "KILLA_WAIT_IN_COVER_COEF": 1,
        "KILLA_Y_DELTA_TO_BE_ENEMY_BOSS": 5,
        "KOJANIY_DIST_ENEMY_TOO_CLOSE": 17,
        "KOJANIY_DIST_TO_BE_ENEMY": 200,
        "KOJANIY_DIST_WHEN_READY": 40,
        "KOJANIY_MANY_ENEMIES_COEF": 1.5,
        "KOJANIY_MIN_DIST_TO_LOOT": 20,
        "KOJANIY_MIN_DIST_TO_LOOT_SQRT": 400,
        "MAX_DIST_COVER_BOSS": 25,
        "MAX_DIST_COVER_BOSS_SQRT": 625,
        "MAX_DIST_DECIDER_TO_SEND": 35,
        "MAX_DIST_DECIDER_TO_SEND_SQRT": 1225,
        "PERSONS_SEND": 2,
        "SHALL_WARN": false,
        "TIME_AFTER_LOSE": 15,
        "TIME_AFTER_LOSE_DELTA": 60,
        "WAIT_NO_ATTACK_SAVAGE": 1
      },
      "Change": {
        "FLASH_ACCURATY": 1.6,
        "FLASH_GAIN_SIGHT": 1.8,
        "FLASH_HEARING": 1,
        "FLASH_LAY_CHANCE": 1,
        "FLASH_PRECICING": 1.6,
        "FLASH_SCATTERING": 1.6,
        "FLASH_VISION_DIST": 0.05,
        "SMOKE_ACCURATY": 1.6,
        "SMOKE_GAIN_SIGHT": 1.6,
        "SMOKE_HEARING": 1,
        "SMOKE_LAY_CHANCE": 1.6,
        "SMOKE_PRECICING": 1.6,
        "SMOKE_SCATTERING": 1.6,
        "SMOKE_VISION_DIST": 0.6,
        "STUN_HEARING": 0.01
      },
      "Core": {
        "AccuratySpeed": 0.1,
        "AimingType": "normal",
        "CanGrenade": true,
        "CanRun": true,
        "DamageCoeff": 1,
        "GainSightCoef": 0.1,
        "HearingSense": 3.95,
        "PistolFireDistancePref": 35,
        "RifleFireDistancePref": 100,
        "ScatteringClosePerMeter": 0.1,
        "ScatteringPerMeter": 0.1,
        "ShotgunFireDistancePref": 50,
        "VisibleAngle": 180,
        "VisibleDistance": 170,
        "WaitInCoverBetweenShotsSec": 1
      },
      "Cover": {
        "CHANGE_RUN_TO_COVER_SEC": 5,
        "CHANGE_RUN_TO_COVER_SEC_GREANDE": 0.6,
        "CHECK_COVER_ENEMY_LOOK": false,
        "CLOSE_DIST_POINT_SQRT": 4,
        "DELTA_SEEN_FROM_COVE_LAST_POS": 5,
        "DEPENDS_Y_DIST_TO_BOT": true,
        "DIST_CANT_CHANGE_WAY": 5,
        "DIST_CANT_CHANGE_WAY_SQR": 25,
        "DIST_CHECK_SFETY": 9,
        "DOG_FIGHT_AFTER_LEAVE": 4,
        "ENEMY_DIST_TO_GO_OUT": 1,
        "GOOD_DIST_TO_POINT_COEF": 1.8,
        "HIDE_TO_COVER_TIME": 1.5,
        "HITS_TO_LEAVE_COVER": 2,
        "HITS_TO_LEAVE_COVER_UNKNOWN": 2,
        "LOOK_LAST_ENEMY_POS_LOOKAROUND": 45,
        "LOOK_LAST_ENEMY_POS_MOVING": 1.5,
        "LOOK_TO_HIT_POINT_IF_LAST_ENEMY": 3,
        "MAX_DIST_OF_COVER": 4,
        "MAX_DIST_OF_COVER_SQR": 16,
        "MAX_SPOTTED_TIME_SEC": 20,
        "MIN_DEFENCE_LEVEL": 0,
        "MIN_DIST_TO_ENEMY": 9,
        "MOVE_TO_COVER_WHEN_TARGET": false,
        "NOT_LOOK_AT_WALL_IS_DANGER": true,
        "OFFSET_LOOK_ALONG_WALL_ANG": 20,
        "RETURN_TO_ATTACK_AFTER_AMBUSH_MAX": 50,
        "RETURN_TO_ATTACK_AFTER_AMBUSH_MIN": 20,
        "RUN_COVER_IF_CAN_AND_NO_ENEMIES": true,
        "RUN_IF_FAR": 15,
        "RUN_IF_FAR_SQRT": 225,
        "SHALL_CHANGE_COVER_IF_CAN_SHOOT": true,
        "SHOOT_NEAR_SEC_PERIOD": 1,
        "SHOOT_NEAR_TO_LEAVE": 3,
        "SOUND_TO_GET_SPOTTED": 2,
        "SPOTTED_COVERS_RADIUS": 2.5,
        "SPOTTED_GRENADE_RADIUS": 16,
        "SPOTTED_GRENADE_TIME": 7,
        "STAY_IF_FAR": 25,
        "STAY_IF_FAR_SQRT": 625,
        "TIME_CHECK_SAFE": 2,
        "TIME_TO_MOVE_TO_COVER": 15,
        "WAIT_INT_COVER_FINDING_ENEMY": 2
      },
      "Grenade": {
        "ADD_GRENADE_AS_DANGER": 65,
        "ADD_GRENADE_AS_DANGER_SQR": 4225,
        "AMBUSH_IF_SMOKE_IN_ZONE_100": 40,
        "AMBUSH_IF_SMOKE_RETURN_TO_ATTACK_SEC": 30,
        "ANG_TYPE": 1,
        "BEWARE_TYPE": 2,
        "BE_ATTENTION_COEF": 4,
        "CAN_THROW_STRAIGHT_CONTACT": true,
        "CHANCE_RUN_FLASHED_100": 100,
        "CHANCE_TO_NOTIFY_ENEMY_GR_100": 100,
        "CHEAT_START_GRENADE_PLACE": true,
        "CLOSE_TO_SMOKE_TIME_DELTA": 5,
        "CLOSE_TO_SMOKE_TO_SHOOT": 10,
        "CLOSE_TO_SMOKE_TO_SHOOT_SQRT": 100,
        "DAMAGE_GRENADE_SUPPRESS_DELTA": 8,
        "DELTA_GRENADE_START_TIME": 0.01,
        "DELTA_NEXT_ATTEMPT": 10,
        "DELTA_NEXT_ATTEMPT_FROM_COVER": 5,
        "FLASH_GRENADE_TIME_COEF": 0.1,
        "GrenadePerMeter": 0.1,
        "GrenadePrecision": 0.05,
        "MAX_FLASHED_DIST_TO_SHOOT": 10,
        "MAX_FLASHED_DIST_TO_SHOOT_SQRT": 100,
        "MAX_THROW_POWER": 25,
        "MIN_DIST_NOT_TO_THROW": 8,
        "MIN_DIST_NOT_TO_THROW_SQR": 64,
        "MIN_THROW_DIST_PERCENT_0_1": 0.7,
        "MIN_THROW_GRENADE_DIST": 12,
        "MIN_THROW_GRENADE_DIST_SQRT": 144,
        "NEAR_DELTA_THROW_TIME_SEC": 2,
        "NO_RUN_FROM_AI_GRENADES": true,
        "REQUEST_DIST_MUST_THROW": 2,
        "REQUEST_DIST_MUST_THROW_SQRT": 4,
        "RUN_AWAY": 22,
        "RUN_AWAY_SQR": 484,
        "SHOOT_TO_SMOKE_CHANCE_100": 50,
        "SIZE_SPOTTED_COEF": 2,
        "SMOKE_CHECK_DELTA": 1,
        "SMOKE_SUPPRESS_DELTA": 20,
        "STOP_WHEN_THROW_GRENADE": true,
        "STRAIGHT_CONTACT_DELTA_SEC": 3,
        "STUN_SUPPRESS_DELTA": 9,
        "TIME_SHOOT_TO_FLASH": 4,
        "WAIT_TIME_TURN_AWAY": 1.2
      },
      "Hearing": {
        "BOT_CLOSE_PANIC_DIST": 1,
        "CHANCE_TO_HEAR_SIMPLE_SOUND_0_1": 0.98,
        "CLOSE_DIST": 36,
        "DEAD_BODY_SOUND_RAD": 30,
        "DISPERSION_COEF": 10,
        "DIST_PLACE_TO_FIND_POINT": 70,
        "FAR_DIST": 66,
        "HEAR_DELAY_WHEN_HAVE_SMT": 0,
        "HEAR_DELAY_WHEN_PEACE": 0,
        "LOOK_ONLY_DANGER": false,
        "LOOK_ONLY_DANGER_DELTA": 9,
        "RESET_TIMER_DIST": 17,
        "SOUND_DIR_DEEFREE": 30
      },
      "Lay": {
        "ATTACK_LAY_CHANCE": 25,
        "CHECK_SHOOT_WHEN_LAYING": false,
        "CLEAR_POINTS_OF_SCARE_SEC": 20,
        "DAMAGE_TIME_TO_GETUP": 3,
        "DELTA_AFTER_GETUP": 10,
        "DELTA_GETUP": 2.7,
        "DELTA_LAY_CHECK": 2,
        "DELTA_WANT_LAY_CHECL_SEC": 5,
        "DIST_ENEMY_CAN_LAY": 15,
        "DIST_ENEMY_CAN_LAY_SQRT": 225,
        "DIST_ENEMY_GETUP_LAY": 10,
        "DIST_ENEMY_GETUP_LAY_SQRT": 100,
        "DIST_ENEMY_NULL_DANGER_LAY": 15,
        "DIST_ENEMY_NULL_DANGER_LAY_SQRT": 225,
        "DIST_GRASS_TERRAIN_SQRT": 0.160000011,
        "DIST_TO_COVER_TO_LAY": 3.5,
        "DIST_TO_COVER_TO_LAY_SQRT": 12.25,
        "LAY_AIM": 0.6,
        "LAY_CHANCE_DANGER": 40,
        "MAX_CAN_LAY_DIST": 200,
        "MAX_CAN_LAY_DIST_SQRT": 40000,
        "MAX_LAY_TIME": 35,
        "MIN_CAN_LAY_DIST": 11,
        "MIN_CAN_LAY_DIST_SQRT": 121
      },
      "Look": {
        "BODY_DELTA_TIME_SEARCH_SEC": 1.7,
        "CAN_LOOK_TO_WALL": false,
        "COME_TO_BODY_DIST": 1.2,
        "CloseDeltaTimeSec": 0.1,
        "DIST_CHECK_WALL": 20,
        "DIST_NOT_TO_IGNORE_WALL": 15,
        "ENEMY_LIGHT_ADD": 43,
        "ENEMY_LIGHT_START_DIST": 90,
        "FAR_DISTANCE": 160,
        "FarDeltaTimeSec": 3,
        "GOAL_TO_FULL_DISSAPEAR": 1.1,
        "GOAL_TO_FULL_DISSAPEAR_SHOOT": 0.03,
        "LOOK_AROUND_DELTA": 1.1,
        "LOOK_LAST_POSENEMY_IF_NO_DANGER_SEC": 25,
        "LOOK_THROUGH_GRASS": false,
        "LightOnVisionDistance": 40,
        "MARKSMAN_VISIBLE_DIST_COEF": 1.15,
        "MAX_VISION_GRASS_METERS": 0.8,
        "MAX_VISION_GRASS_METERS_FLARE": 8,
        "MAX_VISION_GRASS_METERS_FLARE_OPT": 0.125,
        "MAX_VISION_GRASS_METERS_OPT": 0.9090909,
        "MIDDLE_DIST": 90,
        "MIN_LOOK_AROUD_TIME": 20,
        "MiddleDeltaTimeSec": 1,
        "OLD_TIME_POINT": 11,
        "OPTIMIZE_TO_ONLY_BODY": true,
        "POSIBLE_VISION_SPACE": 1.2,
        "VISIBLE_DISNACE_WITH_LIGHT": 95,
        "WAIT_NEW_SENSOR": 2.1,
        "WAIT_NEW__LOOK_SENSOR": 7.8
      },
      "Mind": {
        "AI_POWER_COEF": 120,
        "AMBUSH_WHEN_UNDER_FIRE": true,
        "AMBUSH_WHEN_UNDER_FIRE_TIME_RESIST": 60,
        "ATTACK_ENEMY_IF_PROTECT_DELTA_LAST_TIME_SEEN": 1.5,
        "ATTACK_IMMEDIATLY_CHANCE_0_100": 40,
        "BOSS_IGNORE_LOYALTY": true,
        "BULLET_FEEL_CLOSE_SDIST": 1,
        "BULLET_FEEL_DIST": 160,
        "CAN_PANIC_IS_PROTECT": false,
        "CAN_RECEIVE_PLAYER_REQUESTS_BEAR": false,
        "CAN_RECEIVE_PLAYER_REQUESTS_SAVAGE": false,
        "CAN_RECEIVE_PLAYER_REQUESTS_USEC": false,
        "CAN_STAND_BY": true,
        "CAN_TAKE_ITEMS": false,
        "CAN_THROW_REQUESTS": true,
        "CAN_USE_MEDS": true,
        "CHANCE_FUCK_YOU_ON_CONTACT_100": 0.01,
        "CHANCE_SHOOT_WHEN_WARN_PLAYER_100": 25,
        "CHANCE_TO_RUN_CAUSE_DAMAGE_0_100": 35,
        "CHANCE_TO_STAY_WHEN_WARN_PLAYER_100": 80,
        "COVER_DIST_COEF": 1.5,
        "COVER_SECONDS_AFTER_LOSE_VISION": 10,
        "COVER_SELF_ALWAYS_IF_DAMAGED": false,
        "DAMAGE_REDUCTION_TIME_SEC": 30,
        "DANGER_POINT_CHOOSE_COEF": 1,
        "DEFAULT_BEAR_BEHAVIOUR": "Attack",
        "DEFAULT_SAVAGE_BEHAVIOUR": "Attack",
        "DEFAULT_USEC_BEHAVIOUR": "Attack",
        "DIST_TO_ENEMY_YO_CAN_HEAL": 30,
        "DIST_TO_FOUND_SQRT": 400,
        "DIST_TO_STOP_RUN_ENEMY": 15,
        "DOG_FIGHT_IN": 3,
        "DOG_FIGHT_OUT": 6,
        "ENEMY_LOOK_AT_ME_ANG": 15,
        "FIND_COVER_TO_GET_POSITION_WITH_SHOOT": 2,
        "FRIENDLY_BOT_TYPES": [
          "exUsec"
        ],
        "FRIEND_AGR_KILL": 0.2,
        "FRIEND_DEAD_AGR_LOW": -0.2,
        "GROUP_ANY_PHRASE_DELAY": 5,
        "GROUP_EXACTLY_PHRASE_DELAY": 30,
        "HEAL_DELAY_SEC": 5,
        "HIT_DELAY_WHEN_HAVE_SMT": -1,
        "HIT_DELAY_WHEN_PEACE": -1,
        "HIT_POINT_DETECTION": 4,
        "HOLD_IF_PROTECT_DELTA_LAST_TIME_SEEN": 8.5,
        "LASTSEEN_POINT_CHOOSE_COEF": 0.2,
        "LAST_ENEMY_LOOK_TO": 40,
        "MAX_AGGRO_BOT_DIST": 100,
        "MAX_AGGRO_BOT_DIST_SQR": 10000,
        "MAX_SHOOTS_TIME": 4,
        "MAX_START_AGGRESION_COEF": 3,
        "MIN_DAMAGE_SCARE": 20,
        "MIN_SHOOTS_TIME": 2,
        "MIN_START_AGGRESION_COEF": 1,
        "NO_RUN_AWAY_FOR_SAFE": false,
        "PART_PERCENT_TO_HEAL": 0.65,
        "PISTOL_SHOTGUN_AMBUSH_DIST": 30,
        "PROTECT_DELTA_HEAL_SEC": 10,
        "PROTECT_TIME_REAL": true,
        "SEC_TO_MORE_DIST_TO_RUN": 10,
        "SHOOT_INSTEAD_DOG_FIGHT": 9,
        "SIMPLE_POINT_CHOOSE_COEF": 0.4,
        "STANDART_AMBUSH_DIST": 100,
        "SUSPETION_POINT_CHANCE_ADD100": 0,
        "TALK_WITH_QUERY": true,
        "TIME_TO_FIND_ENEMY": 22,
        "TIME_TO_FORGOR_ABOUT_ENEMY_SEC": 52,
        "TIME_TO_RUN_TO_COVER_CAUSE_SHOOT_SEC": 15,
        "WARN_BOT_TYPES": []
      },
      "Move": {
        "BASESTART_SLOW_DIST": 1.1,
        "BASE_ROTATE_SPEED": 270,
        "BASE_SQRT_START_SERACH": 1225,
        "BASE_START_SERACH": 35,
        "CHANCE_TO_RUN_IF_NO_AMMO_0_100": 100,
        "DELTA_LAST_SEEN_ENEMY": 20,
        "DIST_TO_CAN_CHANGE_WAY": 8,
        "DIST_TO_CAN_CHANGE_WAY_SQR": 64,
        "DIST_TO_START_RAYCAST": 15,
        "DIST_TO_START_RAYCAST_SQR": 225,
        "FAR_DIST": 4,
        "FAR_DIST_SQR": 16,
        "REACH_DIST": 0.5,
        "REACH_DIST_COVER": 2,
        "REACH_DIST_RUN": 0.8,
        "RUN_IF_CANT_SHOOT": true,
        "RUN_IF_GAOL_FAR_THEN": 10,
        "RUN_TO_COVER_MIN": 2,
        "SEC_TO_CHANGE_TO_RUN": 3,
        "SLOW_COEF": 7,
        "START_SLOW_DIST": 1.5,
        "UPDATE_TIME_RECAL_WAY": 7,
        "Y_APPROXIMATION": 0.7
      },
      "Patrol": {
        "CAN_CHECK_MAGAZINE": false,
        "CHANCE_TO_CHANGE_WAY_0_100": 30,
        "CHANCE_TO_CUT_WAY_0_100": 75,
        "CHANCE_TO_SHOOT_DEADBODY": 52,
        "CHANGE_WAY_TIME": 325.1,
        "CLOSE_TO_SELECT_RESERV_WAY": 25,
        "CUT_WAY_MAX_0_1": 0.65,
        "CUT_WAY_MIN_0_1": 0.4,
        "FRIEND_SEARCH_SEC": 12,
        "LOOK_TIME_BASE": 12,
        "MAX_YDIST_TO_START_WARN_REQUEST_TO_REQUESTER": 5,
        "MIN_DIST_TO_CLOSE_TALK": 5,
        "MIN_DIST_TO_CLOSE_TALK_SQR": 25,
        "MIN_TALK_DELAY": 35,
        "RESERVE_OUT_TIME": 60,
        "RESERVE_TIME_STAY": 72,
        "SUSPETION_PLACE_LIFETIME": 7,
        "TALK_DELAY": 1.1,
        "TALK_DELAY_BIG": 45.1,
        "VISION_DIST_COEF_PEACE": 0.95
      },
      "Scattering": {
        "AMPLITUDE_FACTOR": 0.25,
        "AMPLITUDE_SPEED": 0.1,
        "BloodFall": 1.45,
        "Caution": 0.3,
        "DIST_FROM_OLD_POINT_TO_NOT_AIM": 15,
        "DIST_FROM_OLD_POINT_TO_NOT_AIM_SQRT": 225,
        "DIST_NOT_TO_SHOOT": 0.3,
        "FromShot": 0.001,
        "HandDamageAccuracySpeed": 1.3,
        "HandDamageScatteringMinMax": 0.7,
        "LayFactor": 0.1,
        "MaxScatter": 0.4,
        "MinScatter": 0.03,
        "MovingSlowCoef": 1.5,
        "PoseChnageCoef": 0.1,
        "RecoilControlCoefShootDone": 0.0003,
        "RecoilControlCoefShootDoneAuto": 0.00015,
        "RecoilYCoef": 0.0005,
        "RecoilYCoefSppedDown": -0.52,
        "RecoilYMax": 1,
        "SpeedDown": -0.3,
        "SpeedUp": 0.3,
        "SpeedUpAim": 1.4,
        "ToCaution": 0.6,
        "ToLowBotAngularSpeed": 80,
        "ToLowBotSpeed": 2.4,
        "ToSlowBotSpeed": 1.5,
        "ToStopBotAngularSpeed": 40,
        "ToUpBotSpeed": 3.6,
        "TracerCoef": 1.3,
        "WorkingScatter": 0.15
      },
      "Shoot": {
        "AUTOMATIC_FIRE_SCATTERING_COEF": 1.1,
        "BASE_AUTOMATIC_TIME": 0.4,
        "CAN_SHOOTS_TIME_TO_AMBUSH": 600,
        "CHANCE_TO_CHANGE_TO_AUTOMATIC_FIRE_100": 100,
        "CHANCE_TO_CHANGE_WEAPON": -1,
        "CHANCE_TO_CHANGE_WEAPON_WITH_HELMET": -1,
        "CHANGE_TO_MAIN_WHEN_SUPPORT_NO_AMMO": false,
        "DELAY_BEFORE_EXAMINE_MALFUNCTION": 0.5,
        "DELAY_BEFORE_FIX_MALFUNCTION": 0.5,
        "DIST_TO_CHANGE_TO_MAIN": 0,
        "FAR_DIST_ENEMY": 20,
        "FAR_DIST_ENEMY_SQR": 400,
        "FAR_DIST_TO_CHANGE_WEAPON": 30,
        "FINGER_HOLD_SINGLE_SHOT": 0.14,
        "HORIZONT_RECOIL_COEF": 0.04,
        "LOW_DIST_TO_CHANGE_WEAPON": 6,
        "MARKSMAN_DIST_SEK_COEF": 44,
        "MAX_DIST_COEF": 1.35,
        "MAX_RECOIL_PER_METER": 0.04,
        "NOT_TO_SEE_ENEMY_TO_WANT_RELOAD_PERCENT": 0.5,
        "NOT_TO_SEE_ENEMY_TO_WANT_RELOAD_SEC": 2,
        "RECOIL_DELTA_PRESS": 0.15,
        "RECOIL_PER_METER": 0.02,
        "RECOIL_TIME_NORMALIZE": 1,
        "RELOAD_PECNET_NO_ENEMY": 0.6,
        "REPAIR_MALFUNCTION_IMMEDIATE_CHANCE": 25,
        "RUN_DIST_NO_AMMO": 25,
        "RUN_DIST_NO_AMMO_SQRT": 625,
        "SHOOT_FROM_COVER": 6,
        "SUPPRESS_BY_SHOOT_TIME": 6,
        "SUPPRESS_TRIGGERS_DOWN": 3,
        "TRY_CHANGE_WEAPON_WHEN_RELOAD": false,
        "VALIDATE_MALFUNCTION_CHANCE": 100,
        "WAIT_NEXT_SINGLE_SHOT": 0.2,
        "WAIT_NEXT_SINGLE_SHOT_LONG_MAX": 3.3,
        "WAIT_NEXT_SINGLE_SHOT_LONG_MIN": 0.4
      }
    }
  },
  "experience": {
    "aggressorBonus": 0,
    "level": {
      "max": 1,
      "min": 0
    },
    "reward": {
      "max": 2100,
      "min": 2100
    },
    "standingForKill": -0.05
  },
  "firstName": [
    "Big"
  ],
  "generation": {
    "items": {
      "backpackLoot": {
        "weights": {
          "0": 1,
          "1": 1,
          "2": 2,
          "3": 1,
          "4": 1,
          "5": 1,
          "6": 1,
          "7": 0
        },
        "whitelist": []
      },
      "drugs": {
        "weights": {
          "0": 1,
          "1": 2,
          "2": 0
        },
        "whitelist": []
      },
      "grenades": {
        "weights": {
          "0": 1,
          "1": 2,
          "2": 1,
          "3": 1,
          "4": 0,
          "5": 0
        },
        "whitelist": []
      },
      "healing": {
        "weights": {
          "0": 1,
          "1": 2,
          "2": 1
        },
        "whitelist": []
      },
      "magazines": {
        "weights": {
          "0": 0,
          "1": 0,
          "2": 1,
          "3": 3,
          "4": 1
        },
        "whitelist": []
      },
      "pocketLoot": {
        "weights": {
          "0": 1,
          "1": 6,
          "2": 3,
          "3": 1,
          "4": 1
        },
        "whitelist": []
      },
      "specialItems": {
        "weights": {
          "0": 1,
          "1": 0
        },
        "whitelist": []
      },
      "stims": {
        "weights": {
          "0": 2,
          "1": 1,
          "2": 0
        },
        "whitelist": []
      },
      "vestLoot": {
        "weights": {
          "0": 1,
          "1": 1,
          "2": 2,
          "3": 1,
          "4": 0,
          "5": 0,
          "6": 0
        },
        "whitelist": []
      }
    }
  },
  "health": {
    "BodyParts": [
      {
        "Chest": {
          "max": 220,
          "min": 220
        },
        "Head": {
          "max": 70,
          "min": 70
        },
        "LeftArm": {
          "max": 110,
          "min": 110
        },
        "LeftLeg": {
          "max": 100,
          "min": 100
        },
        "RightArm": {
          "max": 110,
          "min": 110
        },
        "RightLeg": {
          "max": 100,
          "min": 100
        },
        "Stomach": {
          "max": 200,
          "min": 200
        }
      }
    ],
    "Energy": {
      "max": 100,
      "min": 100
    },
    "Hydration": {
      "max": 100,
      "min": 100
    },
    "Temperature": {
      "max": 40,
      "min": 36
    }
  },
  "inventory": {
    "Ammo": {
      "Caliber1143x23ACP": {
        "5e81f423763d9f754677bf2e": 3107,
        "5efb0cabfb3e451d70735af5": 627
      },
      "Caliber12g": {
        "5d6e6911a4b9361bd5780d52": 1
      },
      "Caliber40x46": {
        "5ede474b0c226a66f5402622": 2,
        "5f0c892565703e5c461894e9": 9
      },
      "Caliber762x35": {
        "5fd20ff893a8961fc660a954": 76,
        "619636be6db0f2477964e710": 1791
      }
    },
    "equipment": {
      "ArmBand": {},
      "ArmorVest": {},
      "Backpack": {},
      "Earpiece": {
        "5645bcc04bdc2d363b8b4572": 911,
        "628e4e576d783146b124c64d": 956
      },
      "Eyewear": {
        "603409c80ca681766b6a0fb2": 922,
        "62a61c988ec41a51b34758d5": 945
      },
      "FaceCover": {
        "62a61bbf8ec41a51b34758d2": 1
      },
      "FirstPrimaryWeapon": {
        "5fbcc1d9016cce60e8341ab3": 1
      },
      "Headwear": {
        "5a43957686f7742a2c2f11b0": 9,
        "628e4dd1f477aa12234918aa": 3725
      },
      "Holster": {
        "5f36a0e5fbf956000b716b65": 1
      },
      "Pockets": {
        "5af99e9186f7747c447120b8": 1
      },
      "Scabbard": {
        "54491bb74bdc2d09088b4567": 1
      },
      "SecondPrimaryWeapon": {
        "5a7828548dc32e5a9c28b516": 56,
        "5e81ebcd8e146c7080625e15": 12,
        "6275303a9f372d6ea97f9ec7": 9
      },
      "SecuredContainer": {
        "5c0a794586f77461c458f892": 1
      },
      "TacticalVest": {
        "628b9784bcf6e2659e09b8a2": 1
      }
    },
    "items": {
      "Backpack": [],
      "Pockets": [
        "5d6e6911a4b9361bd5780d52",
        "5ef3448ab37dfd6af863525c",
        "58d3db5386f77426186285a0",
        "5913915886f774123603c392",
        "544fb3f34bdc2d03748b456a",
        "5448be9a4bdc2dfd2f8b456a",
        "57514643245977207f2c2d09",
        "5ede474b0c226a66f5402622",
        "5f0c892565703e5c461894e9",
        "5672c92d4bdc2d180f8b4567",
        "5755383e24597772cb798966",
        "57a349b2245977762b199ec7",
        "5913611c86f77479e0084092",
        "5df8a6a186f77412640e2e80",
        "5780cf692459777de4559321",
        "5780d0532459777a5108b9a2",
        "5a0ee76686f7743698200d5c",
        "5e42c83786f7742a021fdf3c",
        "5c1d0dc586f7744baf2e7b79",
        "5780cf942459777df90dcb72",
        "5938144586f77473c2087145",
        "5913651986f774432f15d132",
        "544fb37f4bdc2dee738b4567",
        "5c94bbff86f7747ee735c08f",
        "5938603e86f77435642354f4",
        "591afe0186f77431bd616a11",
        "63a39ce4cd6db0635c1975fa",
        "5e42c81886f7742a01529f57",
        "63a39e1d234195315d4020bd",
        "5c1d0d6d86f7744bb2683e1f",
        "5ad5d20586f77449be26d877",
        "5a0eee1486f77402aa773226",
        "63a39df18a56922e82001f25",
        "593858c486f774253a24cb52",
        "5937ee6486f77408994ba448",
        "5a0ea79b86f7741d4a35298e",
        "61a64428a8c6aa1b795f0ba1",
        "5d80cbd886f77470855c26c2",
        "5938994586f774523a425196",
        "59387a4986f77401cc236e62",
        "5a0ea69f86f7741cd5406619",
        "5d80c78786f774403a401e3e",
        "61aa81fcb225ac1ead7957c3",
        "63a39c7964283b5e9c56b280",
        "63a71eb5b7f4570d3a29316b",
        "63a71ed21031ac76fe773c7f",
        "62a9cb937377a65d7b070cef",
        "591382d986f774465a6413a7",
        "5a0f068686f7745b0d4ea242",
        "63a39f18c2d53c2c6839c1d3",
        "5a0ee30786f774023b6ee08f",
        "5ad7242b86f7740a6a3abd43",
        "5a0ec70e86f7742c0b518fba",
        "5ad5db3786f7743568421cce",
        "593aa4be86f77457f56379f8",
        "63a39f08cd6db0635c197600",
        "5d80c6fc86f774403a401e3c",
        "5938504186f7740991483f30",
        "59136f6f86f774447a1ed173",
        "5a0eed4386f77405112912aa",
        "5a0f0f5886f7741c4e32a472",
        "5a13f35286f77413ef1436b0",
        "5a0dc95c86f77452440fc675",
        "63a39fdf1e21260da44a0256",
        "59136e1e86f774432f15d133",
        "5a13f46386f7741dd7384b04",
        "5a0ec6d286f7742c0b518fb5",
        "5d80cb3886f77440556dbf09",
        "59148f8286f7741b951ea113",
        "5a145d7b86f7744cbb6f4a13",
        "5ad5d49886f77455f9731921",
        "5a13ef7e86f7741290491063",
        "5a0f075686f7745bcc42ee12",
        "59148c8a86f774197930e983",
        "5ad5ccd186f774446d5706e9",
        "5a0eec9686f77402ac5c39f2",
        "5a0eebed86f77461230ddb3d",
        "5a0ee72c86f77436955d3435",
        "5a13ef0686f7746e5a411744",
        "63a39e49cd6db0635c1975fc",
        "5a144dfd86f77445cb5a0982",
        "61aa5aed32a4743c3453d319",
        "591ae8f986f77406f854be45",
        "61a64492ba05ef10d62adcc1",
        "5d80ca9086f774403a401e40",
        "5a0eedb386f77403506300be",
        "5af0548586f7743a532b7e99",
        "5c1d0c5f86f7744bb2683cf0",
        "5914578086f774123569ffa4",
        "5d80c8f586f77440373c4ed0",
        "5c1e2a1e86f77431ea0ea84c",
        "5ad5cfbd86f7742c825d6104",
        "63a399193901f439517cafb6",
        "5c1e495a86f7743109743dfb",
        "5913877a86f774432f15d444",
        "63a39fd1c9b3aa4b61683efb",
        "5a145d4786f7744cbb6f4a12",
        "5d95d6fa86f77424484aa5e9",
        "62987e26a77ec735f90a2995",
        "5ad5d64486f774079b080af8",
        "5d80c60f86f77440373c4ece",
        "5a0eeb8e86f77461257ed71a",
        "59136a4486f774447a1ed172",
        "5d8e3ecc86f774414c78d05e",
        "5ad7217186f7746744498875",
        "590c695186f7741e566b64a2",
        "63a39667c9b3aa4b61683e98",
        "62a09ec84f842e1bd12da3f2",
        "62987da96188c076bc0d8c51",
        "5d80cd1a86f77402aa362f42",
        "5d95d6be86f77424444eb3a7",
        "63a39cb1c9b3aa4b61683ee2",
        "5c1e2d1f86f77431e9280bee",
        "591383f186f7744a4c5edcf3",
        "5d80cb5686f77440545d1286",
        "5780cda02459777b272ede61",
        "62987cb98081af308d7558c8",
        "5780cfa52459777dfb276eb1",
        "5eff09cd30a7dc22fd1ddfed",
        "64ccc206793ca11c8f450a38",
        "5d947d4e86f774447b415895",
        "61aa5b7db225ac1ead7957c1",
        "5e42c71586f7747f245e1343",
        "63a71e86b7f4570d3a293169",
        "5448ba0b4bdc2d02308b456c",
        "5a0eeb1a86f774688b70aa5c",
        "5780d0652459777df90dcb74",
        "5a0eecf686f7740350630097",
        "5780cf722459777a5108b9a1",
        "5a0eb6ac86f7743124037a28",
        "63a71e781031ac76fe773c7d",
        "5a13f24186f77410e57c5626",
        "5a144bdb86f7741d374bbde0",
        "64ccc24de61ea448b507d34d",
        "5d9f1fa686f774726974a992",
        "5d80c88d86f77440556dbf07",
        "61aa5b518f5e7a39b41416e2",
        "64ccc246ff54fb38131acf29",
        "64ccc268c41e91416064ebc7",
        "5c1d0f4986f7744bb01837fa",
        "63a71e922b25f7513905ca20",
        "5a0eb38b86f774153b320eb0",
        "63a39dfe3901f439517cafba",
        "5ad5d7d286f77450166e0a89",
        "5ad7247386f7747487619dc3",
        "5a145ebb86f77458f1796f05",
        "5d8e15b686f774445103b190",
        "5780d07a2459777de4559324",
        "5a0ee4b586f7743698200d22",
        "5ede7b0c6d23e5473e6e8c66",
        "63a39c69af870e651d58e6aa",
        "62987c658081af308d7558c6"
      ],
      "SecuredContainer": [
        "619636be6db0f2477964e710",
        "5d6e6911a4b9361bd5780d52",
        "5efb0cabfb3e451d70735af5",
        "5ede474b0c226a66f5402622",
        "5fd20ff893a8961fc660a954",
        "5f0c892565703e5c461894e9",
        "5e81f423763d9f754677bf2e"
      ],
      "SpecialLoot": [],
      "TacticalVest": [
        "5c6d46132e221601da357d56",
        "544fb45d4bdc2dee738b4568",
        "619256e5f8af2c1a4e1f5d92",
        "5d1340cad7ad1a0b0b249869",
        "5ede474b0c226a66f5402622",
        "5ef3448ab37dfd6af863525c",
        "5f0c892565703e5c461894e9"
      ]
    },
    "mods": {
      "57d17e212459775a1179a0f5": {
        "mod_flashlight": [
          "57d17c5e2459775a5c57d17d"
        ]
      },
      "58d39b0386f77443380bf13c": {
        "mod_scope": [
          "58d399e486f77442e0016fe7"
        ]
      },
      "58d39d3d86f77445bb794ae7": {
        "mod_scope": [
          "58d39b0386f77443380bf13c"
        ]
      },
      "59e0bdb186f774156f04ce82": {
        "mod_tactical": [
          "57d17e212459775a1179a0f5"
        ]
      },
      "5a33b2c9c4a282000c5a9511": {
        "mod_scope": [
          "5a32aa8bc4a2826c6e06d737"
        ]
      },
      "5a7828548dc32e5a9c28b516": {
        "mod_barrel": [
          "5a787fdfc5856700142fdd9a"
        ],
        "mod_handguard": [
          "5a788089c5856700142fdd9c"
        ],
        "mod_magazine": [
          "5a7882dcc5856700177af662"
        ],
        "mod_mount": [
          "5a7893c1c585673f2b5c374d"
        ],
        "mod_stock": [
          "5bfe86a20db834001d23e8f7"
        ]
      },
      "5a7893c1c585673f2b5c374d": {
        "mod_scope": [
          "5a33b2c9c4a282000c5a9511"
        ]
      },
      "5bfe86a20db834001d23e8f7": {
        "mod_stock": [
          "5bfe86bd0db83400232fe959"
        ]
      },
      "5e81ebcd8e146c7080625e15": {
        "mod_pistol_grip": [
          "571659bb2459771fb2755a12"
        ],
        "mod_scope": [
          "6284bd5f95250a29bc628a30"
        ],
        "patron_in_weapon": [
          "5ede474b0c226a66f5402622"
        ]
      },
      "5f36a0e5fbf956000b716b65": {
        "mod_barrel": [
          "5f3e7801153b8571434a924c"
        ],
        "mod_catch": [
          "5f3e777688ca2d00ad199d25"
        ],
        "mod_hammer": [
          "5f3e76d86cda304dcc634054"
        ],
        "mod_magazine": [
          "5ef3448ab37dfd6af863525c"
        ],
        "mod_pistol_grip": [
          "5f3e778efcd9b651187d7201"
        ],
        "mod_reciever": [
          "5f3e7823ddc4f03b010e2045"
        ],
        "mod_trigger": [
          "5f3e772a670e2a7b01739a52"
        ]
      },
      "5f3e7823ddc4f03b010e2045": {
        "mod_sight_front": [
          "5f3e78a7fbf956000b716b8e"
        ],
        "mod_sight_rear": [
          "5f3e7897ddc4f03b010e204a"
        ]
      },
      "5fbbfabed5cb881a7363194e": {
        "mod_gas_block": [
          "5fbc210bf24b94483f726481"
        ],
        "mod_muzzle": [
          "5fbc22ccf24b94483f726483"
        ]
      },
      "5fbc227aa56d053a3543f79e": {
        "mod_foregrip": [
          "5fc0f9cbd6fa9c00c571bb90"
        ],
        "mod_mount_001": [
          "59e0bdb186f774156f04ce82"
        ],
        "mod_sight_front": [
          "5c17804b2e2216152006c02f"
        ]
      },
      "5fbc22ccf24b94483f726483": {
        "mod_muzzle_000": [
          "5fbcbcf593164a5b6278efb2"
        ],
        "mod_muzzle_001": [
          "5fbe760793164a5b6278efc8"
        ]
      },
      "5fbcc1d9016cce60e8341ab3": {
        "mod_charge": [
          "5fbcc640016cce60e8341acc"
        ],
        "mod_magazine": [
          "5c6d46132e221601da357d56",
          "5d1340cad7ad1a0b0b249869"
        ],
        "mod_pistol_grip": [
          "55802f5d4bdc2dac148b458f"
        ],
        "mod_reciever": [
          "5fbcc3e4d6fa9c00c571bb58"
        ],
        "mod_stock": [
          "5fbcc429900b1d5091531dd7"
        ]
      },
      "5fbcc3e4d6fa9c00c571bb58": {
        "mod_barrel": [
          "5fbbfabed5cb881a7363194e"
        ],
        "mod_handguard": [
          "5fbc227aa56d053a3543f79e"
        ],
        "mod_scope": [
          "58d39d3d86f77445bb794ae7"
        ],
        "mod_sight_rear": [
          "5c1780312e221602b66cc189"
        ],
        "mod_tactical": [
          "544909bb4bdc2d6f028b4577"
        ]
      },
      "6275303a9f372d6ea97f9ec7": {
        "mod_magazine": [
          "627bce33f21bc425b06ab967"
        ],
        "mod_pistol_grip": [
          "5bb20e18d4351e00320205d5"
        ],
        "mod_scope": [
          "6284bd5f95250a29bc628a30"
        ],
        "mod_stock": [
          "5d135e83d7ad1a21b83f42d8"
        ]
      },
      "627bce33f21bc425b06ab967": {
        "camora_000": [
          "5f0c892565703e5c461894e9"
        ],
        "camora_001": [
          "5f0c892565703e5c461894e9"
        ],
        "camora_002": [
          "5f0c892565703e5c461894e9"
        ],
        "camora_003": [
          "5f0c892565703e5c461894e9"
        ],
        "camora_004": [
          "5f0c892565703e5c461894e9"
        ],
        "camora_005": [
          "5f0c892565703e5c461894e9"
        ]
      }
    }
  },
  "lastName": [
    "Pipe"
  ],
  "skills": {
    "Common": {
      "BotReload": {
        "max": 1700,
        "min": 1200
      },
      "BotSound": {
        "max": 1000,
        "min": 500
      },
      "Endurance": {
        "max": 5100,
        "min": 5100
      },
      "Health": {
        "max": 5100,
        "min": 5100
      },
      "Strength": {
        "max": 5100,
        "min": 5100
      },
      "Vitality": {
        "max": 5100,
        "min": 5100
      }
    }
  }
}
