{
  "runtimeOptions": {
    "additionalProbingPaths": [
      "Libraries"
    ],
    "configProperties": {
      "NetBeautyLibsDir": ".;Libraries",
      "NetBeautySharedRuntimeMode": "no",
      "STARTUP_HOOKS": "nbloader",
      "System.Reflection.Metadata.MetadataUpdater.IsSupported": false
    },
    "includedFrameworks": [
      {
        "name": "Microsoft.NETCore.App",
        "version": "6.0.21"
      },
      {
        "name": "Microsoft.WindowsDesktop.App",
        "version": "6.0.21"
      }
    ],
    "tfm": "net6.0"
  }
}