{
  "_id": "54cb50c76803fa8b248b4571",
  "availableInRaid": false,
  "avatar": "/files/trader/avatar/59b91ca086f77469a81232e4.jpg",
  "balance_dol": 0,
  "balance_eur": 0,
  "balance_rub": 7000000,
  "buyer_up": false,
  "currency": "RUB",
  "customization_seller": false,
  "discount": 0,
  "discount_end": 0,
  "gridHeight": 160,
  "insurance": {
    "availability": true,
    "excluded_category": [
      "62e9103049c018f425059f38"
    ],
    "max_return_hour": 36,
    "max_storage_time": 96,
    "min_payment": 0,
    "min_return_hour": 24
  },
  "items_buy": {
    "category": [
      "5422acb9af1c889c16000029",
      "5485a8684bdc2da71d8b4567",
      "543be6564bdc2df4348b4568",
      "543be5664bdc2dd4348b4569",
      "57864bb7245977548b3b66c2",
      "57864ada245977548638de91",
      "5d650c3e815116009f6201d2",
      "590c745b86f7743cc433c5f2",
      "5448e54d4bdc2dcc718b4568",
      "5c99f98d86f7745c314214b3",
      "5448fe124bdc2da5018b4567"
    ],
    "id_list": [
      "5d40407c86f774318526545a",
      "5d1b376e86f774252519444e"
    ]
  },
  "items_buy_prohibited": {
    "category": [],
    "id_list": [
      "62e910aaf957f2915e0a5e36"
    ]
  },
  "location": "",
  "loyaltyLevels": [
    {
      "buy_price_coef": 50,
      "exchange_price_coef": 0,
      "heal_price_coef": 0,
      "insurance_price_coef": "16",
      "minLevel": 1,
      "minSalesSum": 0,
      "minStanding": 0,
      "repair_price_coef": 80
    },
    {
      "buy_price_coef": 50,
      "exchange_price_coef": 0,
      "heal_price_coef": 0,
      "insurance_price_coef": "17",
      "minLevel": 15,
      "minSalesSum": 750000,
      "minStanding": 0.2,
      "repair_price_coef": 90
    },
    {
      "buy_price_coef": 50,
      "exchange_price_coef": 0,
      "heal_price_coef": 0,
      "insurance_price_coef": "18",
      "minLevel": 26,
      "minSalesSum": 1500000,
      "minStanding": 0.35,
      "repair_price_coef": 95
    },
    {
      "buy_price_coef": 50,
      "exchange_price_coef": 0,
      "heal_price_coef": 0,
      "insurance_price_coef": "19",
      "minLevel": 36,
      "minSalesSum": 2300000,
      "minStanding": 0.5,
      "repair_price_coef": 100
    }
  ],
  "medic": false,
  "name": "Павел Егорович",
  "nextResupply": 1631489718,
  "nickname": "Prapor",
  "repair": {
    "availability": true,
    "currency": "5449016a4bdc2d6f028b456f",
    "currency_coefficient": 1,
    "excluded_category": [],
    "excluded_id_list": [],
    "price_rate": 0,
    "quality": "1.2"
  },
  "sell_category": [
    "5b5f71b386f774093f2ecf11",
    "5b5f71c186f77409407a7ec0",
    "5b5f71de86f774093f2ecf13",
    "5b5f724186f77447ed5636ad",
    "5b5f736886f774094242f193",
    "5b5f73ec86f774093e6cb4fd",
    "5b5f74cc86f77447ec5d770a",
    "5b5f750686f774093e6cb503",
    "5b5f751486f77447ec5d770c",
    "5b5f752e86f774093e6cb505",
    "5b5f754a86f774094242f19b",
    "5b5f755f86f77447ec5d770e",
    "5b5f757486f774093e6cb507",
    "5b5f75b986f77447ec5d7710",
    "5b5f75c686f774094242f19f",
    "5b5f75e486f77447ec5d7712",
    "5b5f760586f774093e6cb509",
    "5b5f761f86f774094242f1a1",
    "5b5f764186f77447ec5d7714",
    "5b5f78dc86f77409407a7f8e",
    "5b47574386f77428ca22b346",
    "5b47574386f77428ca22b345"
  ],
  "surname": "Романенко",
  "unlockedByDefault": true
}
