[
  {
    "_id": "5d1f55b486f7743f8362bcca",
    "tid": "5ac3b934156ae10c4430e83c",
    "suiteId": "5cde9e957d6c8b0474535da7",
    "isActive": true,
    "requirements": {
      "loyaltyLevel": 0,
      "profileLevel": 0,
      "standing": 0,
      "skillRequirements": [],
      "questRequirements": [],
      "itemRequirements": []
    }
  },
  {
    "_id": "5d1f55c686f7744bcd134599",
    "tid": "5ac3b934156ae10c4430e83c",
    "suiteId": "5cde9ec17d6c8b04723cf479",
    "isActive": true,
    "requirements": {
      "loyaltyLevel": 0,
      "profileLevel": 0,
      "standing": 0,
      "skillRequirements": [],
      "questRequirements": [],
      "itemRequirements": []
    }
  },
  {
    "_id": "5d1f676a86f7744bcc04a2c2",
    "tid": "5ac3b934156ae10c4430e83c",
    "suiteId": "5d1f622186f7744bca3f168c",
    "isActive": true,
    "requirements": {
      "loyaltyLevel": 1,
      "profileLevel": 13,
      "standing": 0,
      "skillRequirements": [],
      "questRequirements": [],
      "itemRequirements": [
        {
          "count": 175000,
          "_tpl": "5449016a4bdc2d6f028b456f",
          "onlyFunctional": true
        }
      ]
    }
  },
  {
    "_id": "5d1f677f86f7744bce0f0690",
    "tid": "5ac3b934156ae10c4430e83c",
    "suiteId": "5d1f622e86f7744bcc04998c",
    "isActive": true,
    "requirements": {
      "loyaltyLevel": 2,
      "profileLevel": 25,
      "standing": 0,
      "skillRequirements": [],
      "questRequirements": [],
      "itemRequirements": [
        {
          "count": 680000,
          "_tpl": "5449016a4bdc2d6f028b456f",
          "onlyFunctional": true
        }
      ]
    }
  },
  {
    "_id": "5d1f679186f7744a9b5031be",
    "tid": "5ac3b934156ae10c4430e83c",
    "suiteId": "5d1f623386f7744bcd135833",
    "isActive": true,
    "requirements": {
      "loyaltyLevel": 3,
      "profileLevel": 40,
      "standing": 0,
      "skillRequirements": [],
      "questRequirements": [],
      "itemRequirements": [
        {
          "count": 1950000,
          "_tpl": "5449016a4bdc2d6f028b456f",
          "onlyFunctional": true
        }
      ]
    }
  },
  {
    "_id": "5d1f67a286f7744b376c8741",
    "tid": "5ac3b934156ae10c4430e83c",
    "suiteId": "5d1f623886f7743014163027",
    "isActive": true,
    "requirements": {
      "loyaltyLevel": 3,
      "profileLevel": 45,
      "standing": 0,
      "skillRequirements": [],
      "questRequirements": [],
      "itemRequirements": [
        {
          "count": 2900000,
          "_tpl": "5449016a4bdc2d6f028b456f",
          "onlyFunctional": true
        }
      ]
    }
  },
  {
    "_id": "5d1f67b386f7744b381c7976",
    "tid": "5ac3b934156ae10c4430e83c",
    "suiteId": "5d1f623e86f7744bce0ef705",
    "isActive": true,
    "requirements": {
      "loyaltyLevel": 1,
      "profileLevel": 7,
      "standing": 0,
      "skillRequirements": [],
      "questRequirements": [],
      "itemRequirements": [
        {
          "count": 40000,
          "_tpl": "5449016a4bdc2d6f028b456f",
          "onlyFunctional": true
        }
      ]
    }
  },
  {
    "_id": "5d1f67ce86f7743014164295",
    "tid": "5ac3b934156ae10c4430e83c",
    "suiteId": "5d1f647f86f7744bcc04998f",
    "isActive": true,
    "requirements": {
      "loyaltyLevel": 1,
      "profileLevel": 28,
      "standing": 0,
      "skillRequirements": [],
      "questRequirements": [],
      "itemRequirements": [
        {
          "count": 750000,
          "_tpl": "5449016a4bdc2d6f028b456f",
          "onlyFunctional": true
        }
      ]
    }
  },
  {
    "_id": "5d1f67e886f7743f8362db01",
    "tid": "5ac3b934156ae10c4430e83c",
    "suiteId": "5d1f648a86f7744bcd135841",
    "isActive": true,
    "requirements": {
      "loyaltyLevel": 2,
      "profileLevel": 38,
      "standing": 0,
      "skillRequirements": [],
      "questRequirements": [],
      "itemRequirements": [
        {
          "count": 1450000,
          "_tpl": "5449016a4bdc2d6f028b456f",
          "onlyFunctional": true
        }
      ]
    }
  },
  {
    "_id": "5d1f67f786f7744bce0f0694",
    "tid": "5ac3b934156ae10c4430e83c",
    "suiteId": "5d1f648e86f774301416302b",
    "isActive": true,
    "requirements": {
      "loyaltyLevel": 1,
      "profileLevel": 16,
      "standing": 0,
      "skillRequirements": [],
      "questRequirements": [],
      "itemRequirements": [
        {
          "count": 300000,
          "_tpl": "5449016a4bdc2d6f028b456f",
          "onlyFunctional": true
        }
      ]
    }
  },
  {
    "_id": "5d1f680486f7744bcd136402",
    "tid": "5ac3b934156ae10c4430e83c",
    "suiteId": "5d1f649286f7743f8362cf40",
    "isActive": true,
    "requirements": {
      "loyaltyLevel": 1,
      "profileLevel": 6,
      "standing": 0,
      "skillRequirements": [],
      "questRequirements": [],
      "itemRequirements": [
        {
          "count": 25000,
          "_tpl": "5449016a4bdc2d6f028b456f",
          "onlyFunctional": true
        }
      ]
    }
  },
  {
    "_id": "5d1f682a86f7744b376c8747",
    "tid": "5ac3b934156ae10c4430e83c",
    "suiteId": "5d1f649886f7744bce0ef70d",
    "isActive": true,
    "requirements": {
      "loyaltyLevel": 2,
      "profileLevel": 36,
      "standing": 0,
      "skillRequirements": [],
      "questRequirements": [],
      "itemRequirements": [
        {
          "count": 1330000,
          "_tpl": "5449016a4bdc2d6f028b456f",
          "onlyFunctional": true
        }
      ]
    }
  },
  {
    "_id": "5d4da2cd86f77450fb2fb718",
    "tid": "5ac3b934156ae10c4430e83c",
    "suiteId": "5d4da10986f77450fc65edc3",
    "isActive": true,
    "requirements": {
      "loyaltyLevel": 2,
      "profileLevel": 31,
      "standing": 0,
      "skillRequirements": [],
      "questRequirements": [],
      "itemRequirements": [
        {
          "count": 840000,
          "_tpl": "5449016a4bdc2d6f028b456f",
          "onlyFunctional": true
        }
      ]
    }
  },
  {
    "_id": "5df8e9de86f774530571b134",
    "tid": "5ac3b934156ae10c4430e83c",
    "suiteId": "5df8e75786f7745c67099df4",
    "isActive": true,
    "requirements": {
      "loyaltyLevel": 3,
      "profileLevel": 43,
      "standing": 0,
      "skillRequirements": [],
      "questRequirements": [],
      "itemRequirements": [
        {
          "count": 2500000,
          "_tpl": "5449016a4bdc2d6f028b456f",
          "onlyFunctional": true
        }
      ]
    }
  },
  {
    "_id": "5df8ea2d86f77412640e2ea6",
    "tid": "5ac3b934156ae10c4430e83c",
    "suiteId": "5cdea42e7d6c8b0474535dad",
    "isActive": true,
    "requirements": {
      "loyaltyLevel": 3,
      "profileLevel": 48,
      "standing": 0,
      "skillRequirements": [],
      "questRequirements": [
        "5dc53acb86f77469c740c893"
      ],
      "itemRequirements": [
        {
          "count": 4000000,
          "_tpl": "5449016a4bdc2d6f028b456f",
          "onlyFunctional": true
        }
      ]
    }
  },
  {
    "_id": "5e4bbfb386f77406a46f724e",
    "tid": "5ac3b934156ae10c4430e83c",
    "suiteId": "5e4bb6fc86f77406801a74f7",
    "isActive": true,
    "requirements": {
      "loyaltyLevel": 3,
      "profileLevel": 47,
      "standing": 0,
      "skillRequirements": [],
      "questRequirements": [
        "5e383a6386f77465910ce1f3"
      ],
      "itemRequirements": [
        {
          "count": 2850000,
          "_tpl": "5449016a4bdc2d6f028b456f",
          "onlyFunctional": true
        }
      ]
    }
  },
  {
    "_id": "5e4bc06586f77406801a74fc",
    "tid": "5ac3b934156ae10c4430e83c",
    "suiteId": "5e4bb5e486f77406796b7b9e",
    "isActive": true,
    "requirements": {
      "loyaltyLevel": 3,
      "profileLevel": 47,
      "standing": 0,
      "skillRequirements": [],
      "questRequirements": [
        "5e4d515e86f77438b2195244"
      ],
      "itemRequirements": [
        {
          "count": 3100000,
          "_tpl": "5449016a4bdc2d6f028b456f",
          "onlyFunctional": true
        }
      ]
    }
  },
  {
    "_id": "5e9de352bd907058554c6b1f",
    "tid": "5ac3b934156ae10c4430e83c",
    "suiteId": "5e9dcb9c86f7743e20652f25",
    "isActive": true,
    "requirements": {
      "loyaltyLevel": 3,
      "profileLevel": 50,
      "standing": 0,
      "skillRequirements": [],
      "questRequirements": [],
      "itemRequirements": [
        {
          "count": 4500000,
          "_tpl": "5449016a4bdc2d6f028b456f",
          "onlyFunctional": true
        }
      ]
    }
  },
  {
    "_id": "5e9de4bfbd907058554c6b26",
    "tid": "5ac3b934156ae10c4430e83c",
    "suiteId": "5e9dccd686f774343b592592",
    "isActive": true,
    "requirements": {
      "loyaltyLevel": 3,
      "profileLevel": 48,
      "standing": 0,
      "skillRequirements": [],
      "questRequirements": [],
      "itemRequirements": [
        {
          "count": 2400000,
          "_tpl": "5449016a4bdc2d6f028b456f",
          "onlyFunctional": true
        }
      ]
    }
  },
  {
    "_id": "5f5f604a354701500f60f789",
    "tid": "5ac3b934156ae10c4430e83c",
    "suiteId": "5f5f471bdf4f3100376a815e",
    "isActive": true,
    "requirements": {
      "loyaltyLevel": 3,
      "profileLevel": 55,
      "standing": 0,
      "skillRequirements": [],
      "questRequirements": [],
      "itemRequirements": [
        {
          "count": 6500000,
          "_tpl": "5449016a4bdc2d6f028b456f",
          "onlyFunctional": true
        }
      ]
    }
  },
  {
    "_id": "5f5f60b20bc58666c37e7847",
    "tid": "5ac3b934156ae10c4430e83c",
    "suiteId": "5f5f46086760b4138443b358",
    "isActive": true,
    "requirements": {
      "loyaltyLevel": 3,
      "profileLevel": 52,
      "standing": 0,
      "skillRequirements": [],
      "questRequirements": [],
      "itemRequirements": [
        {
          "count": 5750000,
          "_tpl": "5449016a4bdc2d6f028b456f",
          "onlyFunctional": true
        }
      ]
    }
  },
  {
    "_id": "5fd3eccefb3c6241335f402e",
    "tid": "5ac3b934156ae10c4430e83c",
    "suiteId": "5fd3e978e504291efd0040b3",
    "isActive": true,
    "requirements": {
      "loyaltyLevel": 1,
      "profileLevel": 18,
      "standing": 0,
      "skillRequirements": [],
      "questRequirements": [],
      "itemRequirements": [
        {
          "count": 270000,
          "_tpl": "5449016a4bdc2d6f028b456f",
          "onlyFunctional": true
        }
      ]
    }
  },
  {
    "_id": "5fd3ed69e3bfcf6cab4c8f17",
    "tid": "5ac3b934156ae10c4430e83c",
    "suiteId": "5fd3e77be504291efd0040ad",
    "isActive": true,
    "requirements": {
      "loyaltyLevel": 2,
      "profileLevel": 35,
      "standing": 0,
      "skillRequirements": [],
      "questRequirements": [],
      "itemRequirements": [
        {
          "count": 990000,
          "_tpl": "5449016a4bdc2d6f028b456f",
          "onlyFunctional": true
        }
      ]
    }
  },
  {
    "_id": "5fd3edf3bdd50d684f73a525",
    "tid": "5ac3b934156ae10c4430e83c",
    "suiteId": "5fcf9477fe40296c1d5fd7c8",
    "isActive": true,
    "requirements": {
      "loyaltyLevel": 2,
      "profileLevel": 23,
      "standing": 0,
      "skillRequirements": [],
      "questRequirements": [],
      "itemRequirements": [
        {
          "count": 620000,
          "_tpl": "5449016a4bdc2d6f028b456f",
          "onlyFunctional": true
        }
      ]
    }
  },
  {
    "_id": "603d0d6325aff57af81f708a",
    "tid": "5ac3b934156ae10c4430e83c",
    "suiteId": "603d01b9d10cbf667352dd4a",
    "isActive": true,
    "requirements": {
      "loyaltyLevel": 1,
      "profileLevel": 20,
      "standing": 0,
      "skillRequirements": [],
      "questRequirements": [],
      "itemRequirements": [
        {
          "count": 320000,
          "_tpl": "5449016a4bdc2d6f028b456f",
          "onlyFunctional": true
        }
      ]
    }
  },
  {
    "_id": "603d0ddbb5690f28cd32c2f5",
    "tid": "5ac3b934156ae10c4430e83c",
    "suiteId": "6038b24cd6505c1ec64a44a0",
    "isActive": true,
    "requirements": {
      "loyaltyLevel": 1,
      "profileLevel": 22,
      "standing": 0,
      "skillRequirements": [],
      "questRequirements": [],
      "itemRequirements": [
        {
          "count": 600000,
          "_tpl": "5449016a4bdc2d6f028b456f",
          "onlyFunctional": true
        }
      ]
    }
  },
  {
    "_id": "619d09b5af49135f3e7abb03",
    "tid": "5ac3b934156ae10c4430e83c",
    "suiteId": "619b99d2d8ed4b751d2606c1",
    "isActive": true,
    "requirements": {
      "loyaltyLevel": 2,
      "profileLevel": 34,
      "standing": 0,
      "skillRequirements": [],
      "questRequirements": [],
      "itemRequirements": [
        {
          "count": 1000000,
          "_tpl": "5449016a4bdc2d6f028b456f",
          "onlyFunctional": true
        }
      ]
    }
  },
  {
    "_id": "619d0a4860ebf3677d4b2b37",
    "tid": "5ac3b934156ae10c4430e83c",
    "suiteId": "619bf78a64927e572d0d5855",
    "isActive": true,
    "requirements": {
      "loyaltyLevel": 2,
      "profileLevel": 37,
      "standing": 0,
      "skillRequirements": [],
      "questRequirements": [],
      "itemRequirements": [
        {
          "count": 1350000,
          "_tpl": "5449016a4bdc2d6f028b456f",
          "onlyFunctional": true
        }
      ]
    }
  },
  {
    "_id": "629a25efc169832f350e8ca4",
    "tid": "5ac3b934156ae10c4430e83c",
    "suiteId": "6295eb15869a02221651d318",
    "isActive": true,
    "requirements": {
      "loyaltyLevel": 1,
      "profileLevel": 28,
      "standing": 0,
      "skillRequirements": [],
      "questRequirements": [],
      "itemRequirements": [
        {
          "count": 700000,
          "_tpl": "5449016a4bdc2d6f028b456f",
          "onlyFunctional": true
        }
      ]
    }
  },
  {
    "_id": "629a265409411d22ac63bced",
    "tid": "5ac3b934156ae10c4430e83c",
    "suiteId": "629613ad1f798f3be7479951",
    "isActive": true,
    "requirements": {
      "loyaltyLevel": 2,
      "profileLevel": 30,
      "standing": 0,
      "skillRequirements": [],
      "questRequirements": [],
      "itemRequirements": [
        {
          "count": 800000,
          "_tpl": "5449016a4bdc2d6f028b456f",
          "onlyFunctional": true
        }
      ]
    }
  },
  {
    "_id": "63a96627b5bd8344d15856c4",
    "tid": "5ac3b934156ae10c4430e83c",
    "suiteId": "63a8a3f5dd384f7e8d716f9b",
    "isActive": true,
    "requirements": {
      "loyaltyLevel": 1,
      "profileLevel": 16,
      "standing": 0,
      "skillRequirements": [],
      "questRequirements": [],
      "itemRequirements": [
        {
          "count": 200000,
          "_tpl": "5449016a4bdc2d6f028b456f",
          "onlyFunctional": true
        }
      ]
    }
  },
  {
    "_id": "63a9671a227e0a2af0116ae4",
    "tid": "5ac3b934156ae10c4430e83c",
    "suiteId": "63a8a446dd384f7e8d716f9d",
    "isActive": true,
    "requirements": {
      "loyaltyLevel": 2,
      "profileLevel": 25,
      "standing": 0,
      "skillRequirements": [],
      "questRequirements": [],
      "itemRequirements": [
        {
          "count": 400000,
          "_tpl": "5449016a4bdc2d6f028b456f",
          "onlyFunctional": true
        }
      ]
    }
  },
  {
    "_id": "5d1f555086f7744bcd134594",
    "tid": "5ac3b934156ae10c4430e83c",
    "suiteId": "5cd946231388ce000d572fe3",
    "isActive": true,
    "requirements": {
      "loyaltyLevel": 0,
      "profileLevel": 0,
      "standing": 0,
      "skillRequirements": [],
      "questRequirements": [],
      "itemRequirements": []
    }
  },
  {
    "_id": "5d1f555f86f7744bcb0acd0e",
    "tid": "5ac3b934156ae10c4430e83c",
    "suiteId": "5cd945d71388ce000a659dfb",
    "isActive": true,
    "requirements": {
      "loyaltyLevel": 0,
      "profileLevel": 0,
      "standing": 0,
      "skillRequirements": [],
      "questRequirements": [],
      "itemRequirements": []
    }
  },
  {
    "_id": "5d1f65e586f7744bce0ef714",
    "tid": "5ac3b934156ae10c4430e83c",
    "suiteId": "5d1f609d86f7744bca3f1689",
    "isActive": true,
    "requirements": {
      "loyaltyLevel": 3,
      "profileLevel": 40,
      "standing": 0,
      "skillRequirements": [],
      "questRequirements": [],
      "itemRequirements": [
        {
          "count": 1800000,
          "_tpl": "5449016a4bdc2d6f028b456f",
          "onlyFunctional": true
        }
      ]
    }
  },
  {
    "_id": "5d1f661686f7744bcb0adfb5",
    "tid": "5ac3b934156ae10c4430e83c",
    "suiteId": "5d1f60ae86f7744bcc04998b",
    "isActive": true,
    "requirements": {
      "loyaltyLevel": 1,
      "profileLevel": 5,
      "standing": 0,
      "skillRequirements": [],
      "questRequirements": [],
      "itemRequirements": [
        {
          "count": 25000,
          "_tpl": "5449016a4bdc2d6f028b456f",
          "onlyFunctional": true
        }
      ]
    }
  },
  {
    "_id": "5d1f665686f7744bce0ef717",
    "tid": "5ac3b934156ae10c4430e83c",
    "suiteId": "5d1f60ca86f7743014163025",
    "isActive": true,
    "requirements": {
      "loyaltyLevel": 2,
      "profileLevel": 32,
      "standing": 0,
      "skillRequirements": [],
      "questRequirements": [],
      "itemRequirements": [
        {
          "count": 900000,
          "_tpl": "5449016a4bdc2d6f028b456f",
          "onlyFunctional": true
        }
      ]
    }
  },
  {
    "_id": "5d1f669086f7744bcd135848",
    "tid": "5ac3b934156ae10c4430e83c",
    "suiteId": "5d1f646286f7744bce0ef70a",
    "isActive": true,
    "requirements": {
      "loyaltyLevel": 2,
      "profileLevel": 28,
      "standing": 0,
      "skillRequirements": [],
      "questRequirements": [],
      "itemRequirements": [
        {
          "count": 800000,
          "_tpl": "5449016a4bdc2d6f028b456f",
          "onlyFunctional": true
        }
      ]
    }
  },
  {
    "_id": "5d1f66d886f7744a9b5031a7",
    "tid": "5ac3b934156ae10c4430e83c",
    "suiteId": "5d1f646c86f7743f8362cf3f",
    "isActive": true,
    "requirements": {
      "loyaltyLevel": 2,
      "profileLevel": 30,
      "standing": 0,
      "skillRequirements": [],
      "questRequirements": [],
      "itemRequirements": [
        {
          "count": 790000,
          "_tpl": "5449016a4bdc2d6f028b456f",
          "onlyFunctional": true
        }
      ]
    }
  },
  {
    "_id": "5d1f66f686f7744bcb0ae328",
    "tid": "5ac3b934156ae10c4430e83c",
    "suiteId": "5d1f647186f7744bce0ef70c",
    "isActive": true,
    "requirements": {
      "loyaltyLevel": 1,
      "profileLevel": 7,
      "standing": 0,
      "skillRequirements": [],
      "questRequirements": [],
      "itemRequirements": [
        {
          "count": 30000,
          "_tpl": "5449016a4bdc2d6f028b456f",
          "onlyFunctional": true
        }
      ]
    }
  },
  {
    "_id": "5d1f671486f7744bcc04a2c0",
    "tid": "5ac3b934156ae10c4430e83c",
    "suiteId": "5d1f647586f7744bcb0adfb0",
    "isActive": true,
    "requirements": {
      "loyaltyLevel": 2,
      "profileLevel": 35,
      "standing": 0,
      "skillRequirements": [],
      "questRequirements": [],
      "itemRequirements": [
        {
          "count": 1240000,
          "_tpl": "5449016a4bdc2d6f028b456f",
          "onlyFunctional": true
        }
      ]
    }
  },
  {
    "_id": "5d1f673086f7744bcb0ae333",
    "tid": "5ac3b934156ae10c4430e83c",
    "suiteId": "5d1f647a86f7744bca3f1691",
    "isActive": true,
    "requirements": {
      "loyaltyLevel": 1,
      "profileLevel": 14,
      "standing": 0,
      "skillRequirements": [],
      "questRequirements": [],
      "itemRequirements": [
        {
          "count": 200000,
          "_tpl": "5449016a4bdc2d6f028b456f",
          "onlyFunctional": true
        }
      ]
    }
  },
  {
    "_id": "5df8e8e086f774570a4e6714",
    "tid": "5ac3b934156ae10c4430e83c",
    "suiteId": "5df8e5c886f7744a122d6834",
    "isActive": true,
    "requirements": {
      "loyaltyLevel": 3,
      "profileLevel": 45,
      "standing": 0,
      "skillRequirements": [],
      "questRequirements": [],
      "itemRequirements": [
        {
          "count": 2800000,
          "_tpl": "5449016a4bdc2d6f028b456f",
          "onlyFunctional": true
        }
      ]
    }
  },
  {
    "_id": "5d1f555086f7744bcd134594",
    "tid": "5ac3b934156ae10c4430e83c",
    "suiteId": "5cd946231388ce000d572fe3",
    "isActive": true,
    "requirements": {
      "loyaltyLevel": 0,
      "profileLevel": 0,
      "standing": 0,
      "skillRequirements": [],
      "questRequirements": [],
      "itemRequirements": []
    }
  },
  {
    "_id": "5d1f669086f7744bcd135848",
    "tid": "5ac3b934156ae10c4430e83c",
    "suiteId": "5d1f646286f7744bce0ef70a",
    "isActive": true,
    "requirements": {
      "loyaltyLevel": 2,
      "profileLevel": 28,
      "standing": 0,
      "skillRequirements": [],
      "questRequirements": [],
      "itemRequirements": [
        {
          "count": 800000,
          "_tpl": "5449016a4bdc2d6f028b456f",
          "onlyFunctional": true
        }
      ]
    }
  },
  {
    "_id": "5d1f555f86f7744bcb0acd0e",
    "tid": "5ac3b934156ae10c4430e83c",
    "suiteId": "5cd945d71388ce000a659dfb",
    "isActive": true,
    "requirements": {
      "loyaltyLevel": 0,
      "profileLevel": 0,
      "standing": 0,
      "skillRequirements": [],
      "questRequirements": [],
      "itemRequirements": []
    }
  },
  {
    "_id": "5d1f66f686f7744bcb0ae328",
    "tid": "5ac3b934156ae10c4430e83c",
    "suiteId": "5d1f647186f7744bce0ef70c",
    "isActive": true,
    "requirements": {
      "loyaltyLevel": 1,
      "profileLevel": 7,
      "standing": 0,
      "skillRequirements": [],
      "questRequirements": [],
      "itemRequirements": [
        {
          "count": 30000,
          "_tpl": "5449016a4bdc2d6f028b456f",
          "onlyFunctional": true
        }
      ]
    }
  },
  {
    "_id": "5d1f661686f7744bcb0adfb5",
    "tid": "5ac3b934156ae10c4430e83c",
    "suiteId": "5d1f60ae86f7744bcc04998b",
    "isActive": true,
    "requirements": {
      "loyaltyLevel": 1,
      "profileLevel": 5,
      "standing": 0,
      "skillRequirements": [],
      "questRequirements": [],
      "itemRequirements": [
        {
          "count": 25000,
          "_tpl": "5449016a4bdc2d6f028b456f",
          "onlyFunctional": true
        }
      ]
    }
  },
  {
    "_id": "5d1f65e586f7744bce0ef714",
    "tid": "5ac3b934156ae10c4430e83c",
    "suiteId": "5d1f609d86f7744bca3f1689",
    "isActive": true,
    "requirements": {
      "loyaltyLevel": 3,
      "profileLevel": 40,
      "standing": 0,
      "skillRequirements": [],
      "questRequirements": [],
      "itemRequirements": [
        {
          "count": 1800000,
          "_tpl": "5449016a4bdc2d6f028b456f",
          "onlyFunctional": true
        }
      ]
    }
  },
  {
    "_id": "629a2530c274b820b032edfd",
    "tid": "5ac3b934156ae10c4430e83c",
    "suiteId": "6295ef7d1f798f3be747969e",
    "isActive": true,
    "requirements": {
      "loyaltyLevel": 1,
      "profileLevel": 22,
      "standing": 0,
      "skillRequirements": [],
      "questRequirements": [],
      "itemRequirements": [
        {
          "count": 500000,
          "_tpl": "5449016a4bdc2d6f028b456f",
          "onlyFunctional": true
        }
      ]
    }
  },
  {
    "_id": "5e4bc01086f77406a511c9da",
    "tid": "5ac3b934156ae10c4430e83c",
    "suiteId": "5e4bb08f86f774069619fbbc",
    "isActive": true,
    "requirements": {
      "loyaltyLevel": 4,
      "profileLevel": 50,
      "standing": 0,
      "skillRequirements": [],
      "questRequirements": [],
      "itemRequirements": [
        {
          "count": 4500000,
          "_tpl": "5449016a4bdc2d6f028b456f",
          "onlyFunctional": true
        }
      ]
    }
  },
  {
    "_id": "5f5f6160354701500f60f78c",
    "tid": "5ac3b934156ae10c4430e83c",
    "suiteId": "5f5f45df0bc58666c37e7832",
    "isActive": true,
    "requirements": {
      "loyaltyLevel": 4,
      "profileLevel": 55,
      "standing": 0,
      "skillRequirements": [],
      "questRequirements": [],
      "itemRequirements": [
        {
          "count": 5500000,
          "_tpl": "5449016a4bdc2d6f028b456f",
          "onlyFunctional": true
        }
      ]
    }
  },
  {
    "_id": "5d1f665686f7744bce0ef717",
    "tid": "5ac3b934156ae10c4430e83c",
    "suiteId": "5d1f60ca86f7743014163025",
    "isActive": true,
    "requirements": {
      "loyaltyLevel": 2,
      "profileLevel": 32,
      "standing": 0,
      "skillRequirements": [],
      "questRequirements": [],
      "itemRequirements": [
        {
          "count": 900000,
          "_tpl": "5449016a4bdc2d6f028b456f",
          "onlyFunctional": true
        }
      ]
    }
  },
  {
    "_id": "5fd3ef59dd870108a754b238",
    "tid": "5ac3b934156ae10c4430e83c",
    "suiteId": "5fd3e7e2dd870108a754b230",
    "isActive": true,
    "requirements": {
      "loyaltyLevel": 2,
      "profileLevel": 25,
      "standing": 0,
      "skillRequirements": [],
      "questRequirements": [],
      "itemRequirements": [
        {
          "count": 720000,
          "_tpl": "5449016a4bdc2d6f028b456f",
          "onlyFunctional": true
        }
      ]
    }
  },
  {
    "_id": "5e9de3afb307c025d5777ae8",
    "tid": "5ac3b934156ae10c4430e83c",
    "suiteId": "5e9dcb8386f774054b6f79a9",
    "isActive": true,
    "requirements": {
      "loyaltyLevel": 3,
      "profileLevel": 47,
      "standing": 0,
      "skillRequirements": [],
      "questRequirements": [
        "5e4d4ac186f774264f758336"
      ],
      "itemRequirements": [
        {
          "count": 2800000,
          "_tpl": "5449016a4bdc2d6f028b456f",
          "onlyFunctional": true
        }
      ]
    }
  },
  {
    "_id": "5fd3eef9b1f9ad0f60509cb7",
    "tid": "5ac3b934156ae10c4430e83c",
    "suiteId": "5fd3e8e5bdd50d684f73a51d",
    "isActive": true,
    "requirements": {
      "loyaltyLevel": 1,
      "profileLevel": 11,
      "standing": 0,
      "skillRequirements": [],
      "questRequirements": [],
      "itemRequirements": [
        {
          "count": 155000,
          "_tpl": "5449016a4bdc2d6f028b456f",
          "onlyFunctional": true
        }
      ]
    }
  },
  {
    "_id": "63a967dc9de65a4ac6100664",
    "tid": "5ac3b934156ae10c4430e83c",
    "suiteId": "63a8a41e8523141c3d055228",
    "isActive": true,
    "requirements": {
      "loyaltyLevel": 1,
      "profileLevel": 12,
      "standing": 0,
      "skillRequirements": [],
      "questRequirements": [],
      "itemRequirements": [
        {
          "count": 180000,
          "_tpl": "5449016a4bdc2d6f028b456f",
          "onlyFunctional": true
        }
      ]
    }
  },
  {
    "_id": "5d1f66d886f7744a9b5031a7",
    "tid": "5ac3b934156ae10c4430e83c",
    "suiteId": "5d1f646c86f7743f8362cf3f",
    "isActive": true,
    "requirements": {
      "loyaltyLevel": 2,
      "profileLevel": 30,
      "standing": 0,
      "skillRequirements": [],
      "questRequirements": [],
      "itemRequirements": [
        {
          "count": 790000,
          "_tpl": "5449016a4bdc2d6f028b456f",
          "onlyFunctional": true
        }
      ]
    }
  },
  {
    "_id": "5df8e9aa86f77412672a1e4a",
    "tid": "5ac3b934156ae10c4430e83c",
    "suiteId": "5df8e72186f7741263108806",
    "isActive": true,
    "requirements": {
      "loyaltyLevel": 3,
      "profileLevel": 43,
      "standing": 0,
      "skillRequirements": [],
      "questRequirements": [],
      "itemRequirements": [
        {
          "count": 2450000,
          "_tpl": "5449016a4bdc2d6f028b456f",
          "onlyFunctional": true
        }
      ]
    }
  },
  {
    "_id": "5e4bbf4786f774069342dece",
    "tid": "5ac3b934156ae10c4430e83c",
    "suiteId": "5e4bb6d786f77406975c9364",
    "isActive": true,
    "requirements": {
      "loyaltyLevel": 3,
      "profileLevel": 47,
      "standing": 0,
      "skillRequirements": [],
      "questRequirements": [
        "5e381b0286f77420e3417a74"
      ],
      "itemRequirements": [
        {
          "count": 3000000,
          "_tpl": "5449016a4bdc2d6f028b456f",
          "onlyFunctional": true
        }
      ]
    }
  },
  {
    "_id": "5e9de4739c4b4508e90cd336",
    "tid": "5ac3b934156ae10c4430e83c",
    "suiteId": "5e9dcc8a86f77434375990e2",
    "isActive": true,
    "requirements": {
      "loyaltyLevel": 3,
      "profileLevel": 46,
      "standing": 0,
      "skillRequirements": [],
      "questRequirements": [],
      "itemRequirements": [
        {
          "count": 2800000,
          "_tpl": "5449016a4bdc2d6f028b456f",
          "onlyFunctional": true
        }
      ]
    }
  },
  {
    "_id": "619d08ab6b8a1b37a54eec05",
    "tid": "5ac3b934156ae10c4430e83c",
    "suiteId": "619bf75264927e572d0d5853",
    "isActive": true,
    "requirements": {
      "loyaltyLevel": 2,
      "profileLevel": 34,
      "standing": 0,
      "skillRequirements": [],
      "questRequirements": [],
      "itemRequirements": [
        {
          "count": 1200000,
          "_tpl": "5449016a4bdc2d6f028b456f",
          "onlyFunctional": true
        }
      ]
    }
  },
  {
    "_id": "63a96860e453d118ed052014",
    "tid": "5ac3b934156ae10c4430e83c",
    "suiteId": "63a8a3d48523141c3d055226",
    "isActive": true,
    "requirements": {
      "loyaltyLevel": 1,
      "profileLevel": 14,
      "standing": 0,
      "skillRequirements": [],
      "questRequirements": [],
      "itemRequirements": [
        {
          "count": 180000,
          "_tpl": "5449016a4bdc2d6f028b456f",
          "onlyFunctional": true
        }
      ]
    }
  },
  {
    "_id": "5d1f671486f7744bcc04a2c0",
    "tid": "5ac3b934156ae10c4430e83c",
    "suiteId": "5d1f647586f7744bcb0adfb0",
    "isActive": true,
    "requirements": {
      "loyaltyLevel": 2,
      "profileLevel": 35,
      "standing": 0,
      "skillRequirements": [],
      "questRequirements": [],
      "itemRequirements": [
        {
          "count": 1240000,
          "_tpl": "5449016a4bdc2d6f028b456f",
          "onlyFunctional": true
        }
      ]
    }
  },
  {
    "_id": "5df8ea2d86f77412640e2ea6",
    "tid": "5ac3b934156ae10c4430e83c",
    "suiteId": "5cdea42e7d6c8b0474535dad",
    "isActive": true,
    "requirements": {
      "loyaltyLevel": 3,
      "profileLevel": 48,
      "standing": 0,
      "skillRequirements": [],
      "questRequirements": [
        "5dc53acb86f77469c740c893"
      ],
      "itemRequirements": [
        {
          "count": 4000000,
          "_tpl": "5449016a4bdc2d6f028b456f",
          "onlyFunctional": true
        }
      ]
    }
  },
  {
    "_id": "5f5f61313236973dbf149055",
    "tid": "5ac3b934156ae10c4430e83c",
    "suiteId": "5f5f46fa5021ce62144be7bd",
    "isActive": true,
    "requirements": {
      "loyaltyLevel": 4,
      "profileLevel": 52,
      "standing": 0,
      "skillRequirements": [],
      "questRequirements": [],
      "itemRequirements": [
        {
          "count": 3500000,
          "_tpl": "5449016a4bdc2d6f028b456f",
          "onlyFunctional": true
        }
      ]
    }
  },
  {
    "_id": "5fd3f05ed3d418755f40e2ee",
    "tid": "5ac3b934156ae10c4430e83c",
    "suiteId": "5fce42bc187e6a2b994b8247",
    "isActive": true,
    "requirements": {
      "loyaltyLevel": 1,
      "profileLevel": 19,
      "standing": 0,
      "skillRequirements": [],
      "questRequirements": [],
      "itemRequirements": [
        {
          "count": 330000,
          "_tpl": "5449016a4bdc2d6f028b456f",
          "onlyFunctional": true
        }
      ]
    }
  },
  {
    "_id": "64ef40b89a4f905106515148",
    "tid": "5ac3b934156ae10c4430e83c",
    "suiteId": "64ef3fa81a5f313cb144bf89",
    "isActive": true,
    "requirements": {
      "loyaltyLevel": 4,
      "profileLevel": 42,
      "standing": 0.6,
      "skillRequirements": [],
      "questRequirements": [
        "64f1d6e732bed22c3e0c7423"
      ],
      "itemRequirements": []
    }
  },
  {
    "_id": "629a238ec274b820b032edfa",
    "tid": "5ac3b934156ae10c4430e83c",
    "suiteId": "6295eeed13119346e55d4523",
    "isActive": true,
    "requirements": {
      "loyaltyLevel": 1,
      "profileLevel": 17,
      "standing": 0,
      "skillRequirements": [],
      "questRequirements": [],
      "itemRequirements": [
        {
          "count": 350000,
          "_tpl": "5449016a4bdc2d6f028b456f",
          "onlyFunctional": true
        }
      ]
    }
  },
  {
    "_id": "5d1f667786f7744b36437b77",
    "tid": "5ac3b934156ae10c4430e83c",
    "suiteId": "5d1f60f086f7744bce0ef704",
    "isActive": true,
    "requirements": {
      "loyaltyLevel": 1,
      "profileLevel": 15,
      "standing": 0,
      "skillRequirements": [],
      "questRequirements": [],
      "itemRequirements": [
        {
          "count": 230000,
          "_tpl": "5449016a4bdc2d6f028b456f",
          "onlyFunctional": true
        }
      ]
    }
  },
  {
    "_id": "603d0f55b5690f28cd32c2fa",
    "tid": "5ac3b934156ae10c4430e83c",
    "suiteId": "603d01a1b41c9b37c6592047",
    "isActive": true,
    "requirements": {
      "loyaltyLevel": 2,
      "profileLevel": 26,
      "standing": 0,
      "skillRequirements": [],
      "questRequirements": [],
      "itemRequirements": [
        {
          "count": 180000,
          "_tpl": "5449016a4bdc2d6f028b456f",
          "onlyFunctional": true
        }
      ]
    }
  },
  {
    "_id": "603d0e54cced70331818bc46",
    "tid": "5ac3b934156ae10c4430e83c",
    "suiteId": "6038b228af2e28262649af14",
    "isActive": true,
    "requirements": {
      "loyaltyLevel": 1,
      "profileLevel": 23,
      "standing": 0,
      "skillRequirements": [],
      "questRequirements": [],
      "itemRequirements": [
        {
          "count": 650000,
          "_tpl": "5449016a4bdc2d6f028b456f",
          "onlyFunctional": true
        }
      ]
    }
  },
  {
    "_id": "5d1f673086f7744bcb0ae333",
    "tid": "5ac3b934156ae10c4430e83c",
    "suiteId": "5d1f647a86f7744bca3f1691",
    "isActive": true,
    "requirements": {
      "loyaltyLevel": 1,
      "profileLevel": 14,
      "standing": 0,
      "skillRequirements": [],
      "questRequirements": [],
      "itemRequirements": [
        {
          "count": 200000,
          "_tpl": "5449016a4bdc2d6f028b456f",
          "onlyFunctional": true
        }
      ]
    }
  },
  {
    "_id": "619d093b56a8f86e411c9234",
    "tid": "5ac3b934156ae10c4430e83c",
    "suiteId": "619b99ad604fcc392676806c",
    "isActive": true,
    "requirements": {
      "loyaltyLevel": 2,
      "profileLevel": 38,
      "standing": 0,
      "skillRequirements": [],
      "questRequirements": [],
      "itemRequirements": [
        {
          "count": 1400000,
          "_tpl": "5449016a4bdc2d6f028b456f",
          "onlyFunctional": true
        }
      ]
    }
  },
  {
    "_id": "5d1f663686f7744bce0ef716",
    "tid": "5ac3b934156ae10c4430e83c",
    "suiteId": "5d1f60b486f7744bcb0adfa8",
    "isActive": true,
    "requirements": {
      "loyaltyLevel": 1,
      "profileLevel": 20,
      "standing": 0,
      "skillRequirements": [],
      "questRequirements": [],
      "itemRequirements": [
        {
          "count": 500000,
          "_tpl": "5449016a4bdc2d6f028b456f",
          "onlyFunctional": true
        }
      ]
    }
  }
]