{
  "_id": "638f541a29ffd1183d187f57",
  "availableInRaid": true,
  "avatar": "/files/trader/avatar/638f541a29ffd1183d187f57.png",
  "balance_dol": 0,
  "balance_eur": 0,
  "balance_rub": 7000000,
  "buyer_up": false,
  "currency": "RUB",
  "customization_seller": false,
  "discount": 0,
  "discount_end": 0,
  "gridHeight": 120,
  "insurance": {
    "availability": false,
    "excluded_category": [],
    "max_return_hour": 0,
    "max_storage_time": 48,
    "min_payment": 0,
    "min_return_hour": 0
  },
  "items_buy": {
    "category": [],
    "id_list": []
  },
  "items_buy_prohibited": {
    "category": [
      null
    ],
    "id_list": []
  },
  "location": "Смотритель",
  "loyaltyLevels": [
    {
      "buy_price_coef": 0,
      "exchange_price_coef": 0,
      "heal_price_coef": 0,
      "insurance_price_coef": "0",
      "minLevel": 1,
      "minSalesSum": 0,
      "minStanding": 0,
      "repair_price_coef": 0
    }
  ],
  "medic": false,
  "name": "Смотритель",
  "nextResupply": 1672241513,
  "nickname": "caretaker",
  "repair": {
    "availability": false,
    "currency": "5449016a4bdc2d6f028b456f",
    "currency_coefficient": 1,
    "excluded_category": [],
    "excluded_id_list": [],
    "quality": 0
  },
  "sell_category": [],
  "surname": "Смотритель",
  "unlockedByDefault": true
}
