{
    "_id": "broker-trader-id",
    "working": true,
    "availableInRaid": false,
    "items_buy": {
        "id_list": [],
        "category": [
            "5661632d4bdc2d903d8b456b",
            "5447e0e74bdc2d3c308b4567",
            "543be5664bdc2dd4348b4569",
            "5448e5284bdc2dcb718b4567",
            "5448e53e4bdc2d60728b4567",
            "5448fe124bdc2da5018b4567",
            "543be5f84bdc2dd4348b456a",
            "5422acb9af1c889c16000029",
            "543be6674bdc2df1348b4569",
            "567849dd4bdc2d150f8b456e",
            "543be6564bdc2df4348b4568",
            "5447e1d04bdc2dff2f8b4567",
            "5448eb774bdc2d0a728b4567",
            "5448ecbe4bdc2d60728b4568",
            "616eb7aea207f41933308f46"
        ]
    },
    "items_buy_prohibited": {
        "id_list": [
            "5449016a4bdc2d6f028b456f",
            "62e910aaf957f2915e0a5e36"
        ],
        "category": []
    },
    "customization_seller": false,
    "name": "Leonid",
    "surname": "D. Karpov",
    "nickname": "Broker",
    "location": "Tarkov's central market",
    "avatar": "/files/trader/avatar/broker_portrait1.png",
    "balance_rub": 7000000,
    "balance_dol": 700000,
    "balance_eur": 0,
    "unlockedByDefault": true,
    "discount": 0,
    "discount_end": 0,
    "buyer_up": true,
    "currency": "RUB",
    "nextResupply": 1615141448,
    "repair": {
        "availability": false,
        "quality": "2",
        "excluded_id_list": [],
        "excluded_category": [],
        "currency": "5449016a4bdc2d6f028b456f",
        "currency_coefficient": 1,
        "price_rate": 10
    },
    "insurance": {
        "availability": false,
        "min_payment": 0,
        "min_return_hour": 0,
        "max_return_hour": 0,
        "max_storage_time": 99,
        "excluded_category": []
    },
    "gridHeight": 150,
    "loyaltyLevels": [
        {
            "minLevel": 1,
            "minSalesSum": 0,
            "minStanding": 0,
            "buy_price_coef": 0,
            "repair_price_coef": 175,
            "insurance_price_coef": 10,
            "exchange_price_coef": 0,
            "heal_price_coef": 0
        }
    ],
    "sell_category": [
        "543be5dd4bdc2deb348b4569",
        "57864a3d24597754843f8721"
    ]
}