{
  "appearance": {
    "body": {
      "5df8a10486f77412672a1e3a": 1
    },
    "feet": {
      "5cc2e5d014c02e15d53d9c03": 291,
      "5cde9fb87d6c8b0474535da9": 308,
      "5d28af3486f774292364a6e7": 287,
      "5df8a15186f77412640e2e6a": 320,
      "5f5e410c6bdad616ad46d60b": 305,
      "5f5e41366760b4138443b343": 291,
      "5f5e41576760b4138443b344": 301,
      "61922589bb2cea6f7a22d964": 274,
      "6193be546e5968395b260157": 282,
      "637df25a1e688345e1097bd4": 306,
      "64a2e970a74bb33d140e6dc5": 161
    },
    "hands": [
      "5df8eac086f77412640e2ea7"
    ],
    "head": [
      "5f68c4c217d579077152a252",
      "5cc2e4d014c02e000d0115f8",
      "5cde9ff17d6c8b0474535daa",
      "5f68c4a7c174a17c0f4c8945",
      "5d28afe786f774292668618d"
    ],
    "voice": [
      "Scav_3",
      "Scav_6",
      "Scav_5",
      "Scav_1",
      "Scav_4",
      "Scav_2"
    ]
  },
  "chances": {
    "equipment": {
      "ArmBand": 0,
      "ArmorVest": 79,
      "Backpack": 100,
      "Earpiece": 0,
      "Eyewear": 32,
      "FaceCover": 90,
      "FirstPrimaryWeapon": 100,
      "Headwear": 99,
      "Holster": 0,
      "Pockets": 100,
      "Scabbard": 0,
      "SecondPrimaryWeapon": 0,
      "SecuredContainer": 100,
      "TacticalVest": 100
    },
    "mods": {
      "mod_charge": 0,
      "mod_equipment": 35,
      "mod_equipment_000": 32,
      "mod_equipment_001": 0,
      "mod_equipment_002": 0,
      "mod_foregrip": 36,
      "mod_launcher": 0,
      "mod_magazine": 100,
      "mod_mount": 31,
      "mod_mount_000": 87,
      "mod_muzzle": 80,
      "mod_nvg": 0,
      "mod_reciever": 100,
      "mod_scope": 0,
      "mod_sight_front": 0,
      "mod_sight_rear": 66,
      "mod_stock": 50,
      "mod_tactical": 100,
      "mod_tactical_000": 79,
      "mod_tactical_001": 0,
      "mod_tactical_002": 13
    }
  },
  "difficulty": {
    "easy": {
      "Aiming": {
        "AIMING_TYPE": 1,
        "ANYTIME_LIGHT_WHEN_AIM_100": -1,
        "ANY_PART_SHOOT_TIME": 15,
        "BASE_HIT_AFFECTION_DELAY_SEC": 0.57,
        "BASE_HIT_AFFECTION_MAX_ANG": 10,
        "BASE_HIT_AFFECTION_MIN_ANG": 4,
        "BASE_SHIEF": 0.05,
        "BETTER_PRECICING_COEF": 0.9,
        "BOTTOM_COEF": 0.1,
        "BOT_MOVE_IF_DELTA": 3.01,
        "COEF_FROM_COVER": 0.45,
        "COEF_IF_MOVE": 1,
        "DAMAGE_PANIC_TIME": 15,
        "DAMAGE_TO_DISCARD_AIM_0_100": 16,
        "DANGER_UP_POINT": 1.3,
        "DIST_TO_SHOOT_NO_OFFSET": 3,
        "DIST_TO_SHOOT_TO_CENTER": 3,
        "FIRST_CONTACT_ADD_CHANCE_100": 80,
        "FIRST_CONTACT_ADD_SEC": 0.1,
        "HARD_AIM": 0.75,
        "MAX_AIMING_UPGRADE_BY_TIME": 0.15,
        "MAX_AIM_PRECICING": 2,
        "MAX_AIM_TIME": 1.5,
        "MAX_TIME_DISCARD_AIM_SEC": 0.6,
        "MIN_DAMAGE_TO_GET_HIT_AFFETS": 1,
        "MIN_TIME_DISCARD_AIM_SEC": 0.3,
        "NEXT_SHOT_MISS_CHANCE_100": 100,
        "NEXT_SHOT_MISS_Y_OFFSET": 1,
        "OFFSET_RECAL_ANYWAY_TIME": 1,
        "PANIC_ACCURATY_COEF": 1.2,
        "PANIC_COEF": 1.2,
        "PANIC_TIME": 2,
        "RECALC_DIST": 0.7,
        "RECALC_MUST_TIME": 3,
        "RECALC_SQR_DIST": 0.48999998,
        "SCATTERING_DIST_MODIF": 0.6,
        "SCATTERING_DIST_MODIF_CLOSE": 0.6,
        "SCATTERING_HAVE_DAMAGE_COEF": 2,
        "SHOOT_TO_CHANGE_PRIORITY": 5525,
        "SHPERE_FRIENDY_FIRE_SIZE": -0.1,
        "TIME_COEF_IF_MOVE": 1.1,
        "WEAPON_ROOT_OFFSET": 0.35,
        "XZ_COEF": 0.1
      },
      "Boss": {
        "BOSS_DIST_TO_SHOOT": 40,
        "BOSS_DIST_TO_SHOOT_SQRT": 1600,
        "BOSS_DIST_TO_WARNING": 40,
        "BOSS_DIST_TO_WARNING_OUT": 40,
        "BOSS_DIST_TO_WARNING_OUT_SQRT": 1600,
        "BOSS_DIST_TO_WARNING_SQRT": 1600,
        "CHANCE_TO_SEND_GRENADE_100": 100,
        "CHANCE_USE_RESERVE_PATROL_100": -30,
        "COVER_TO_SEND": true,
        "DELTA_SEARCH_TIME": 18,
        "EFFECT_PAINKILLER": true,
        "EFFECT_REGENERATION_PER_MIN": 60,
        "KILLA_AFTER_GRENADE_SUPPRESS_DELAY": 2,
        "KILLA_BULLET_TO_RELOAD": 15,
        "KILLA_CLOSEATTACK_DELAY": -1,
        "KILLA_CLOSEATTACK_TIMES": 4,
        "KILLA_CLOSE_ATTACK_DIST": 8,
        "KILLA_CONTUTION_TIME": 5,
        "KILLA_DEF_DIST_SQRT": 225,
        "KILLA_DIST_TO_GO_TO_SUPPRESS": 6,
        "KILLA_DITANCE_TO_BE_ENEMY_BOSS": 45,
        "KILLA_ENEMIES_TO_ATTACK": 3,
        "KILLA_HOLD_DELAY": 5,
        "KILLA_LARGE_ATTACK_DIST": 41,
        "KILLA_MIDDLE_ATTACK_DIST": 22,
        "KILLA_ONE_IS_CLOSE": 30,
        "KILLA_SEARCH_METERS": 20,
        "KILLA_SEARCH_SEC_STOP_AFTER_COMING": 25,
        "KILLA_START_SEARCH_SEC": 40,
        "KILLA_TRIGGER_DOWN_DELAY": 1,
        "KILLA_WAIT_IN_COVER_COEF": 1,
        "KILLA_Y_DELTA_TO_BE_ENEMY_BOSS": 5,
        "KOJANIY_DIST_ENEMY_TOO_CLOSE": 17,
        "KOJANIY_DIST_TO_BE_ENEMY": 200,
        "KOJANIY_DIST_WHEN_READY": 40,
        "KOJANIY_MANY_ENEMIES_COEF": 1.5,
        "KOJANIY_MIN_DIST_TO_LOOT": 20,
        "KOJANIY_MIN_DIST_TO_LOOT_SQRT": 400,
        "MAX_DIST_COVER_BOSS": 25,
        "MAX_DIST_COVER_BOSS_SQRT": 625,
        "MAX_DIST_DECIDER_TO_SEND": 35,
        "MAX_DIST_DECIDER_TO_SEND_SQRT": 1225,
        "PERSONS_SEND": 2,
        "SHALL_WARN": false,
        "TIME_AFTER_LOSE": 15,
        "TIME_AFTER_LOSE_DELTA": 60,
        "WAIT_NO_ATTACK_SAVAGE": 1
      },
      "Change": {
        "FLASH_ACCURATY": 1.6,
        "FLASH_GAIN_SIGHT": 1.8,
        "FLASH_HEARING": 1,
        "FLASH_LAY_CHANCE": 1,
        "FLASH_PRECICING": 1.6,
        "FLASH_SCATTERING": 1.6,
        "FLASH_VISION_DIST": 0.05,
        "SMOKE_ACCURATY": 1.6,
        "SMOKE_GAIN_SIGHT": 1.6,
        "SMOKE_HEARING": 1,
        "SMOKE_LAY_CHANCE": 1.6,
        "SMOKE_PRECICING": 1.6,
        "SMOKE_SCATTERING": 1.6,
        "SMOKE_VISION_DIST": 0.6,
        "STUN_HEARING": 0.01
      },
      "Core": {
        "AccuratySpeed": 0.1,
        "AimingType": "normal",
        "CanGrenade": true,
        "CanRun": true,
        "DamageCoeff": 1,
        "GainSightCoef": 0.05,
        "HearingSense": 3.9,
        "PistolFireDistancePref": 35,
        "RifleFireDistancePref": 100,
        "ScatteringClosePerMeter": 0.12,
        "ScatteringPerMeter": 0.045,
        "ShotgunFireDistancePref": 50,
        "VisibleAngle": 160,
        "VisibleDistance": 142,
        "WaitInCoverBetweenShotsSec": 1
      },
      "Cover": {
        "CAN_END_SHOOT_FROM_COVER_CAUSE_STATIONARY": false,
        "CHANGE_RUN_TO_COVER_SEC": 5,
        "CHANGE_RUN_TO_COVER_SEC_GREANDE": 0.6,
        "CHECK_COVER_ENEMY_LOOK": false,
        "CLOSE_DIST_POINT_SQRT": 4,
        "DELTA_SEEN_FROM_COVE_LAST_POS": 5,
        "DEPENDS_Y_DIST_TO_BOT": true,
        "DIST_CANT_CHANGE_WAY": 5,
        "DIST_CANT_CHANGE_WAY_SQR": 25,
        "DIST_CHECK_SFETY": 9,
        "DOG_FIGHT_AFTER_LEAVE": 4,
        "ENEMY_DIST_TO_GO_OUT": 1,
        "GOOD_DIST_TO_POINT_COEF": 50,
        "HIDE_TO_COVER_TIME": 1.5,
        "HITS_TO_LEAVE_COVER": 1,
        "HITS_TO_LEAVE_COVER_UNKNOWN": 2,
        "LOOK_LAST_ENEMY_POS_LOOKAROUND": 45,
        "LOOK_LAST_ENEMY_POS_MOVING": 1.5,
        "LOOK_TO_HIT_POINT_IF_LAST_ENEMY": 3,
        "MAX_DIST_OF_COVER": 4,
        "MAX_DIST_OF_COVER_SQR": 16,
        "MAX_ITERATIONS": 15,
        "MAX_SPOTTED_TIME_SEC": 14,
        "MIN_DEFENCE_LEVEL": 0,
        "MIN_DIST_TO_ENEMY": 9,
        "MIN_TO_ENEMY_TO_BE_NOT_SAFE": 12,
        "MOVE_TO_COVER_WHEN_TARGET": false,
        "NOT_LOOK_AT_WALL_IS_DANGER": true,
        "OFFSET_LOOK_ALONG_WALL_ANG": 20,
        "RETURN_TO_ATTACK_AFTER_AMBUSH_MAX": 50,
        "RETURN_TO_ATTACK_AFTER_AMBUSH_MIN": 20,
        "REWORK_NOT_TO_SHOOT": false,
        "RUN_COVER_IF_CAN_AND_NO_ENEMIES": true,
        "RUN_IF_FAR": 15,
        "RUN_IF_FAR_SQRT": 225,
        "SHALL_CHANGE_COVER_IF_CAN_SHOOT": true,
        "SHOOT_NEAR_SEC_PERIOD": 1,
        "SHOOT_NEAR_TO_LEAVE": 3,
        "SOUND_TO_GET_SPOTTED": 2,
        "SPOTTED_COVERS_RADIUS": 2.5,
        "SPOTTED_GRENADE_RADIUS": 16,
        "SPOTTED_GRENADE_TIME": 15,
        "STATIONARY_CAN_USE": false,
        "STAY_IF_FAR": 25,
        "STAY_IF_FAR_SQRT": 625,
        "TIME_CHECK_SAFE": 2,
        "TIME_TO_MOVE_TO_COVER": 15,
        "WAIT_INT_COVER_FINDING_ENEMY": 2
      },
      "Grenade": {
        "ADD_GRENADE_AS_DANGER": 65,
        "ADD_GRENADE_AS_DANGER_SQR": 4225,
        "AMBUSH_IF_SMOKE_IN_ZONE_100": 40,
        "AMBUSH_IF_SMOKE_RETURN_TO_ATTACK_SEC": 30,
        "ANG_TYPE": 1,
        "BEWARE_TYPE": 2,
        "BE_ATTENTION_COEF": 4,
        "CAN_THROW_STRAIGHT_CONTACT": true,
        "CHANCE_RUN_FLASHED_100": 100,
        "CHANCE_TO_NOTIFY_ENEMY_GR_100": 100,
        "CHEAT_START_GRENADE_PLACE": true,
        "CLOSE_TO_SMOKE_TIME_DELTA": 5,
        "CLOSE_TO_SMOKE_TO_SHOOT": 10,
        "CLOSE_TO_SMOKE_TO_SHOOT_SQRT": 100,
        "DAMAGE_GRENADE_SUPPRESS_DELTA": 8,
        "DELTA_GRENADE_START_TIME": 0.01,
        "DELTA_NEXT_ATTEMPT": 10,
        "DELTA_NEXT_ATTEMPT_FROM_COVER": 5,
        "FIRST_TIME_SEEN_DELTA_CAN_THROW": 15,
        "FLASH_GRENADE_TIME_COEF": 0.1,
        "GrenadePerMeter": 0.1,
        "GrenadePrecision": 0.05,
        "MAX_FLASHED_DIST_TO_SHOOT": 10,
        "MAX_FLASHED_DIST_TO_SHOOT_SQRT": 100,
        "MAX_THROW_POWER": 25,
        "MIN_DIST_NOT_TO_THROW": 15,
        "MIN_DIST_NOT_TO_THROW_SQR": 64,
        "MIN_THROW_DIST_PERCENT_0_1": 0.7,
        "MIN_THROW_GRENADE_DIST": 12,
        "MIN_THROW_GRENADE_DIST_SQRT": 144,
        "NEAR_DELTA_THROW_TIME_SEC": 2,
        "NO_RUN_FROM_AI_GRENADES": true,
        "REQUEST_DIST_MUST_THROW": 2,
        "REQUEST_DIST_MUST_THROW_SQRT": 4,
        "RUN_AWAY": 22,
        "RUN_AWAY_SQR": 484,
        "SHOOT_TO_SMOKE_CHANCE_100": 50,
        "SIZE_SPOTTED_COEF": 2,
        "SMOKE_CHECK_DELTA": 1,
        "SMOKE_SUPPRESS_DELTA": 20,
        "STOP_WHEN_THROW_GRENADE": true,
        "STRAIGHT_CONTACT_DELTA_SEC": 3,
        "STUN_SUPPRESS_DELTA": 9,
        "TIME_SHOOT_TO_FLASH": 4,
        "WAIT_TIME_TURN_AWAY": 1.2
      },
      "Hearing": {
        "BOT_CLOSE_PANIC_DIST": 1,
        "CHANCE_TO_HEAR_SIMPLE_SOUND_0_1": 0.98,
        "CLOSE_DIST": 36,
        "DEAD_BODY_SOUND_RAD": 30,
        "DISPERSION_COEF": 10,
        "DIST_PLACE_TO_FIND_POINT": 70,
        "FAR_DIST": 66,
        "HEAR_DELAY_WHEN_HAVE_SMT": 0,
        "HEAR_DELAY_WHEN_PEACE": 0,
        "LOOK_ONLY_DANGER": false,
        "LOOK_ONLY_DANGER_DELTA": 9,
        "RESET_TIMER_DIST": 17,
        "SOUND_DIR_DEEFREE": 30
      },
      "Lay": {
        "ATTACK_LAY_CHANCE": 25,
        "CHECK_SHOOT_WHEN_LAYING": false,
        "CLEAR_POINTS_OF_SCARE_SEC": 20,
        "DAMAGE_TIME_TO_GETUP": 3,
        "DELTA_AFTER_GETUP": 10,
        "DELTA_GETUP": 2.7,
        "DELTA_LAY_CHECK": 2,
        "DELTA_WANT_LAY_CHECL_SEC": 5,
        "DIST_ENEMY_CAN_LAY": 15,
        "DIST_ENEMY_CAN_LAY_SQRT": 225,
        "DIST_ENEMY_GETUP_LAY": 10,
        "DIST_ENEMY_GETUP_LAY_SQRT": 100,
        "DIST_ENEMY_NULL_DANGER_LAY": 15,
        "DIST_ENEMY_NULL_DANGER_LAY_SQRT": 225,
        "DIST_GRASS_TERRAIN_SQRT": 0.160000011,
        "DIST_TO_COVER_TO_LAY": 3.5,
        "DIST_TO_COVER_TO_LAY_SQRT": 12.25,
        "LAY_AIM": 0.6,
        "LAY_CHANCE_DANGER": 40,
        "MAX_CAN_LAY_DIST": 200,
        "MAX_CAN_LAY_DIST_SQRT": 40000,
        "MAX_LAY_TIME": 35,
        "MIN_CAN_LAY_DIST": 11,
        "MIN_CAN_LAY_DIST_SQRT": 121
      },
      "Look": {
        "BODY_DELTA_TIME_SEARCH_SEC": 1.7,
        "CAN_LOOK_TO_WALL": true,
        "COME_TO_BODY_DIST": 1.2,
        "CloseDeltaTimeSec": 0.1,
        "DIST_CHECK_WALL": 20,
        "DIST_NOT_TO_IGNORE_WALL": 15,
        "ENEMY_LIGHT_ADD": 48,
        "ENEMY_LIGHT_START_DIST": 90,
        "FAR_DISTANCE": 160,
        "FarDeltaTimeSec": 3,
        "GOAL_TO_FULL_DISSAPEAR": 1.1,
        "GOAL_TO_FULL_DISSAPEAR_SHOOT": 0.03,
        "LOOK_AROUND_DELTA": 1.1,
        "LOOK_LAST_POSENEMY_IF_NO_DANGER_SEC": 25,
        "LOOK_THROUGH_GRASS": false,
        "LightOnVisionDistance": 40,
        "MARKSMAN_VISIBLE_DIST_COEF": 1.15,
        "MAX_VISION_GRASS_METERS": 0.8,
        "MAX_VISION_GRASS_METERS_FLARE": 8,
        "MAX_VISION_GRASS_METERS_FLARE_OPT": 0.125,
        "MAX_VISION_GRASS_METERS_OPT": 0.9090909,
        "MIDDLE_DIST": 90,
        "MIN_LOOK_AROUD_TIME": 20,
        "MiddleDeltaTimeSec": 1,
        "OLD_TIME_POINT": 11,
        "OPTIMIZE_TO_ONLY_BODY": true,
        "POSIBLE_VISION_SPACE": 1.2,
        "VISIBLE_DISNACE_WITH_LIGHT": 100,
        "WAIT_NEW_SENSOR": 2.1,
        "WAIT_NEW__LOOK_SENSOR": 7.8
      },
      "Mind": {
        "AI_POWER_COEF": 120,
        "AMBUSH_WHEN_UNDER_FIRE": true,
        "AMBUSH_WHEN_UNDER_FIRE_TIME_RESIST": 60,
        "ATTACK_ENEMY_IF_PROTECT_DELTA_LAST_TIME_SEEN": 1.5,
        "ATTACK_IMMEDIATLY_CHANCE_0_100": 40,
        "BULLET_FEEL_CLOSE_SDIST": 1,
        "BULLET_FEEL_DIST": 160,
        "CAN_PANIC_IS_PROTECT": false,
        "CAN_RECEIVE_PLAYER_REQUESTS_BEAR": false,
        "CAN_RECEIVE_PLAYER_REQUESTS_SAVAGE": false,
        "CAN_RECEIVE_PLAYER_REQUESTS_USEC": false,
        "CAN_STAND_BY": true,
        "CAN_TAKE_ITEMS": false,
        "CAN_THROW_REQUESTS": true,
        "CAN_USE_LONG_COVER_POINTS": false,
        "CAN_USE_MEDS": true,
        "CHANCE_FUCK_YOU_ON_CONTACT_100": 0.01,
        "CHANCE_SHOOT_WHEN_WARN_PLAYER_100": 25,
        "CHANCE_TO_RUN_CAUSE_DAMAGE_0_100": 35,
        "CHANCE_TO_STAY_WHEN_WARN_PLAYER_100": 80,
        "COVER_DIST_COEF": 1.5,
        "COVER_SECONDS_AFTER_LOSE_VISION": 10,
        "COVER_SELF_ALWAYS_IF_DAMAGED": false,
        "DAMAGE_REDUCTION_TIME_SEC": 30,
        "DANGER_POINT_CHOOSE_COEF": 1,
        "DEFAULT_BEAR_BEHAVIOUR": "Attack",
        "DEFAULT_SAVAGE_BEHAVIOUR": "Warn",
        "DEFAULT_USEC_BEHAVIOUR": "Attack",
        "DIST_TO_ENEMY_YO_CAN_HEAL": 130,
        "DIST_TO_FOUND_SQRT": 400,
        "DIST_TO_STOP_RUN_ENEMY": 15,
        "DOG_FIGHT_IN": 3,
        "DOG_FIGHT_OUT": 6,
        "ENEMY_BOT_TYPES": [],
        "ENEMY_LOOK_AT_ME_ANG": 15,
        "FIND_COVER_TO_GET_POSITION_WITH_SHOOT": 2,
        "FRIENDLY_BOT_TYPES": [],
        "FRIEND_AGR_KILL": 0.2,
        "FRIEND_DEAD_AGR_LOW": -0.2,
        "GROUP_ANY_PHRASE_DELAY": 5,
        "GROUP_EXACTLY_PHRASE_DELAY": 30,
        "HEAL_DELAY_SEC": 5,
        "HIT_DELAY_WHEN_HAVE_SMT": -1,
        "HIT_DELAY_WHEN_PEACE": -1,
        "HIT_POINT_DETECTION": 4,
        "HOLD_IF_PROTECT_DELTA_LAST_TIME_SEEN": 8.5,
        "HOW_WORK_OVER_DEAD_BODY": 1,
        "LASTSEEN_POINT_CHOOSE_COEF": 0.2,
        "LAST_ENEMY_LOOK_TO": 40,
        "MAX_AGGRO_BOT_DIST": 200,
        "MAX_AGGRO_BOT_DIST_SQR": 10000,
        "MAX_SHOOTS_TIME": 4,
        "MAX_START_AGGRESION_COEF": 3,
        "MEDS_ONLY_SAFE_CONTAINER": false,
        "MIN_DAMAGE_SCARE": 20,
        "MIN_SHOOTS_TIME": 2,
        "MIN_START_AGGRESION_COEF": 1,
        "NO_RUN_AWAY_FOR_SAFE": false,
        "PART_PERCENT_TO_HEAL": 0.85,
        "PISTOL_SHOTGUN_AMBUSH_DIST": 30,
        "PROTECT_DELTA_HEAL_SEC": 10,
        "PROTECT_TIME_REAL": true,
        "SEC_TO_MORE_DIST_TO_RUN": 10,
        "SHOOT_INSTEAD_DOG_FIGHT": 9,
        "SIMPLE_POINT_CHOOSE_COEF": 0.4,
        "STANDART_AMBUSH_DIST": 100,
        "SUSPETION_POINT_CHANCE_ADD100": 0,
        "TALK_WITH_QUERY": true,
        "TIME_TO_FIND_ENEMY": 22,
        "TIME_TO_FORGOR_ABOUT_ENEMY_SEC": 52,
        "TIME_TO_RUN_TO_COVER_CAUSE_SHOOT_SEC": 15,
        "WARN_BOT_TYPES": [
          "assault"
        ]
      },
      "Move": {
        "BASESTART_SLOW_DIST": 1.1,
        "BASE_ROTATE_SPEED": 270,
        "BASE_SQRT_START_SERACH": 1225,
        "BASE_START_SERACH": 35,
        "CHANCE_TO_RUN_IF_NO_AMMO_0_100": 100,
        "DELTA_LAST_SEEN_ENEMY": 20,
        "DIST_TO_CAN_CHANGE_WAY": 8,
        "DIST_TO_CAN_CHANGE_WAY_SQR": 64,
        "DIST_TO_START_RAYCAST": 15,
        "DIST_TO_START_RAYCAST_SQR": 225,
        "ETERNITY_STAMINA": true,
        "FAR_DIST": 4,
        "FAR_DIST_SQR": 16,
        "REACH_DIST": 0.5,
        "REACH_DIST_COVER": 2,
        "REACH_DIST_RUN": 1,
        "RUN_IF_CANT_SHOOT": true,
        "RUN_IF_GAOL_FAR_THEN": 10,
        "RUN_TO_COVER_MIN": 2,
        "SEC_TO_CHANGE_TO_RUN": 3,
        "SLOW_COEF": 7,
        "START_SLOW_DIST": 1.5,
        "UPDATE_TIME_RECAL_WAY": 7,
        "Y_APPROXIMATION": 0.7
      },
      "Patrol": {
        "CAN_CHECK_MAGAZINE": false,
        "CAN_CHOOSE_RESERV": true,
        "CAN_WATCH_SECOND_WEAPON": true,
        "CHANCE_TO_CHANGE_WAY_0_100": 30,
        "CHANCE_TO_CUT_WAY_0_100": 75,
        "CHANCE_TO_PLAY_GESTURE_WHEN_CLOSE": -1,
        "CHANCE_TO_SHOOT_DEADBODY": 52,
        "CHANGE_WAY_TIME": 325.1,
        "CLOSE_TO_SELECT_RESERV_WAY": 25,
        "CUT_WAY_MAX_0_1": 0.65,
        "CUT_WAY_MIN_0_1": 0.4,
        "FOLLOWER_START_MOVE_DELAY": 0.8,
        "FRIEND_SEARCH_SEC": 12,
        "GO_TO_NEXT_POINT_DELTA_RESERV_WAY": 25,
        "LOOK_TIME_BASE": 12,
        "MAX_YDIST_TO_START_WARN_REQUEST_TO_REQUESTER": 5,
        "MIN_DIST_TO_CLOSE_TALK": 5,
        "MIN_DIST_TO_CLOSE_TALK_SQR": 25,
        "MIN_TALK_DELAY": 35,
        "RESERVE_OUT_TIME": 60,
        "RESERVE_TIME_STAY": 72,
        "SUSPETION_PLACE_LIFETIME": 7,
        "TALK_DELAY": 31.1,
        "TALK_DELAY_BIG": 45.1,
        "TRY_CHOOSE_RESERV_WAY_ON_START": true,
        "VISION_DIST_COEF_PEACE": 0.95
      },
      "Scattering": {
        "AMPLITUDE_FACTOR": 0.25,
        "AMPLITUDE_SPEED": 0.1,
        "BloodFall": 1.45,
        "Caution": 0.3,
        "DIST_FROM_OLD_POINT_TO_NOT_AIM": 15,
        "DIST_FROM_OLD_POINT_TO_NOT_AIM_SQRT": 225,
        "DIST_NOT_TO_SHOOT": 0.3,
        "FromShot": 0.001,
        "HandDamageAccuracySpeed": 1.3,
        "HandDamageScatteringMinMax": 0.7,
        "LayFactor": 0.1,
        "MaxScatter": 0.4,
        "MinScatter": 0.03,
        "MovingSlowCoef": 1.5,
        "PoseChnageCoef": 0.1,
        "RecoilControlCoefShootDone": 0.0003,
        "RecoilControlCoefShootDoneAuto": 0.00015,
        "RecoilYCoef": 0.0005,
        "RecoilYCoefSppedDown": -0.52,
        "RecoilYMax": 1,
        "SpeedDown": -0.3,
        "SpeedUp": 0.3,
        "SpeedUpAim": 1.4,
        "ToCaution": 0.6,
        "ToLowBotAngularSpeed": 80,
        "ToLowBotSpeed": 2.4,
        "ToSlowBotSpeed": 1.5,
        "ToStopBotAngularSpeed": 40,
        "ToUpBotSpeed": 3.6,
        "TracerCoef": 1.3,
        "WorkingScatter": 0.15
      },
      "Shoot": {
        "AUTOMATIC_FIRE_SCATTERING_COEF": 1.5,
        "BASE_AUTOMATIC_TIME": 0.3,
        "CAN_SHOOTS_TIME_TO_AMBUSH": 993,
        "CHANCE_TO_CHANGE_TO_AUTOMATIC_FIRE_100": 100,
        "CHANCE_TO_CHANGE_WEAPON": -60,
        "CHANCE_TO_CHANGE_WEAPON_WITH_HELMET": -60,
        "DELAY_BEFORE_EXAMINE_MALFUNCTION": 0.5,
        "DELAY_BEFORE_FIX_MALFUNCTION": 0.5,
        "FAR_DIST_ENEMY": 20,
        "FAR_DIST_ENEMY_SQR": 400,
        "FAR_DIST_TO_CHANGE_WEAPON": 30,
        "FINGER_HOLD_SINGLE_SHOT": 0.14,
        "HORIZONT_RECOIL_COEF": 0.04,
        "LOW_DIST_TO_CHANGE_WEAPON": 5,
        "MARKSMAN_DIST_SEK_COEF": 44,
        "MAX_DIST_COEF": 1.35,
        "MAX_RECOIL_PER_METER": 0.04,
        "NOT_TO_SEE_ENEMY_TO_WANT_RELOAD_PERCENT": 0.5,
        "NOT_TO_SEE_ENEMY_TO_WANT_RELOAD_SEC": 2,
        "RECOIL_DELTA_PRESS": 0.15,
        "RECOIL_PER_METER": 0.02,
        "RECOIL_TIME_NORMALIZE": 1,
        "RELOAD_PECNET_NO_ENEMY": 0.6,
        "REPAIR_MALFUNCTION_IMMEDIATE_CHANCE": 25,
        "RUN_DIST_NO_AMMO": 25,
        "RUN_DIST_NO_AMMO_SQRT": 625,
        "SHOOT_FROM_COVER": 4,
        "SUPPRESS_BY_SHOOT_TIME": 6,
        "SUPPRESS_TRIGGERS_DOWN": 3,
        "VALIDATE_MALFUNCTION_CHANCE": 100,
        "WAIT_NEXT_SINGLE_SHOT": 0.2,
        "WAIT_NEXT_SINGLE_SHOT_LONG_MAX": 3.3,
        "WAIT_NEXT_SINGLE_SHOT_LONG_MIN": 0.4
      }
    },
    "hard": {
      "Aiming": {
        "AIMING_TYPE": 1,
        "ANYTIME_LIGHT_WHEN_AIM_100": -1,
        "ANY_PART_SHOOT_TIME": 15,
        "BASE_HIT_AFFECTION_DELAY_SEC": 0.57,
        "BASE_HIT_AFFECTION_MAX_ANG": 10,
        "BASE_HIT_AFFECTION_MIN_ANG": 4,
        "BASE_SHIEF": 0.05,
        "BETTER_PRECICING_COEF": 0.9,
        "BOTTOM_COEF": 0.1,
        "BOT_MOVE_IF_DELTA": 3.01,
        "COEF_FROM_COVER": 0.45,
        "COEF_IF_MOVE": 1,
        "DAMAGE_PANIC_TIME": 15,
        "DAMAGE_TO_DISCARD_AIM_0_100": 16,
        "DANGER_UP_POINT": 1.3,
        "DIST_TO_SHOOT_NO_OFFSET": 3,
        "DIST_TO_SHOOT_TO_CENTER": 3,
        "FIRST_CONTACT_ADD_CHANCE_100": 80,
        "FIRST_CONTACT_ADD_SEC": 0.1,
        "HARD_AIM": 0.75,
        "MAX_AIMING_UPGRADE_BY_TIME": 0.15,
        "MAX_AIM_PRECICING": 2,
        "MAX_AIM_TIME": 1.5,
        "MAX_TIME_DISCARD_AIM_SEC": 0.6,
        "MIN_DAMAGE_TO_GET_HIT_AFFETS": 1,
        "MIN_TIME_DISCARD_AIM_SEC": 0.3,
        "NEXT_SHOT_MISS_CHANCE_100": 100,
        "NEXT_SHOT_MISS_Y_OFFSET": 1,
        "OFFSET_RECAL_ANYWAY_TIME": 1,
        "PANIC_ACCURATY_COEF": 1.2,
        "PANIC_COEF": 1.2,
        "PANIC_TIME": 2,
        "RECALC_DIST": 0.7,
        "RECALC_MUST_TIME": 3,
        "RECALC_SQR_DIST": 0.48999998,
        "SCATTERING_DIST_MODIF": 0.6,
        "SCATTERING_DIST_MODIF_CLOSE": 0.6,
        "SCATTERING_HAVE_DAMAGE_COEF": 2,
        "SHOOT_TO_CHANGE_PRIORITY": 5525,
        "SHPERE_FRIENDY_FIRE_SIZE": -0.1,
        "TIME_COEF_IF_MOVE": 1.1,
        "WEAPON_ROOT_OFFSET": 0.35,
        "XZ_COEF": 0.1
      },
      "Boss": {
        "BOSS_DIST_TO_SHOOT": 40,
        "BOSS_DIST_TO_SHOOT_SQRT": 1600,
        "BOSS_DIST_TO_WARNING": 40,
        "BOSS_DIST_TO_WARNING_OUT": 40,
        "BOSS_DIST_TO_WARNING_OUT_SQRT": 1600,
        "BOSS_DIST_TO_WARNING_SQRT": 1600,
        "CHANCE_TO_SEND_GRENADE_100": 100,
        "CHANCE_USE_RESERVE_PATROL_100": -30,
        "COVER_TO_SEND": true,
        "DELTA_SEARCH_TIME": 18,
        "EFFECT_PAINKILLER": true,
        "EFFECT_REGENERATION_PER_MIN": 60,
        "KILLA_AFTER_GRENADE_SUPPRESS_DELAY": 2,
        "KILLA_BULLET_TO_RELOAD": 15,
        "KILLA_CLOSEATTACK_DELAY": -1,
        "KILLA_CLOSEATTACK_TIMES": 4,
        "KILLA_CLOSE_ATTACK_DIST": 8,
        "KILLA_CONTUTION_TIME": 5,
        "KILLA_DEF_DIST_SQRT": 225,
        "KILLA_DIST_TO_GO_TO_SUPPRESS": 6,
        "KILLA_DITANCE_TO_BE_ENEMY_BOSS": 45,
        "KILLA_ENEMIES_TO_ATTACK": 3,
        "KILLA_HOLD_DELAY": 5,
        "KILLA_LARGE_ATTACK_DIST": 41,
        "KILLA_MIDDLE_ATTACK_DIST": 22,
        "KILLA_ONE_IS_CLOSE": 30,
        "KILLA_SEARCH_METERS": 20,
        "KILLA_SEARCH_SEC_STOP_AFTER_COMING": 25,
        "KILLA_START_SEARCH_SEC": 40,
        "KILLA_TRIGGER_DOWN_DELAY": 1,
        "KILLA_WAIT_IN_COVER_COEF": 1,
        "KILLA_Y_DELTA_TO_BE_ENEMY_BOSS": 5,
        "KOJANIY_DIST_ENEMY_TOO_CLOSE": 17,
        "KOJANIY_DIST_TO_BE_ENEMY": 200,
        "KOJANIY_DIST_WHEN_READY": 40,
        "KOJANIY_MANY_ENEMIES_COEF": 1.5,
        "KOJANIY_MIN_DIST_TO_LOOT": 20,
        "KOJANIY_MIN_DIST_TO_LOOT_SQRT": 400,
        "MAX_DIST_COVER_BOSS": 25,
        "MAX_DIST_COVER_BOSS_SQRT": 625,
        "MAX_DIST_DECIDER_TO_SEND": 35,
        "MAX_DIST_DECIDER_TO_SEND_SQRT": 1225,
        "PERSONS_SEND": 2,
        "SHALL_WARN": false,
        "TIME_AFTER_LOSE": 15,
        "TIME_AFTER_LOSE_DELTA": 60,
        "WAIT_NO_ATTACK_SAVAGE": 1
      },
      "Change": {
        "FLASH_ACCURATY": 1.6,
        "FLASH_GAIN_SIGHT": 1.8,
        "FLASH_HEARING": 1,
        "FLASH_LAY_CHANCE": 1,
        "FLASH_PRECICING": 1.6,
        "FLASH_SCATTERING": 1.6,
        "FLASH_VISION_DIST": 0.05,
        "SMOKE_ACCURATY": 1.6,
        "SMOKE_GAIN_SIGHT": 1.6,
        "SMOKE_HEARING": 1,
        "SMOKE_LAY_CHANCE": 1.6,
        "SMOKE_PRECICING": 1.6,
        "SMOKE_SCATTERING": 1.6,
        "SMOKE_VISION_DIST": 0.6,
        "STUN_HEARING": 0.01
      },
      "Core": {
        "AccuratySpeed": 0.1,
        "AimingType": "normal",
        "CanGrenade": true,
        "CanRun": true,
        "DamageCoeff": 1,
        "GainSightCoef": 0.05,
        "HearingSense": 3.9,
        "PistolFireDistancePref": 35,
        "RifleFireDistancePref": 100,
        "ScatteringClosePerMeter": 0.12,
        "ScatteringPerMeter": 0.045,
        "ShotgunFireDistancePref": 50,
        "VisibleAngle": 160,
        "VisibleDistance": 142,
        "WaitInCoverBetweenShotsSec": 1
      },
      "Cover": {
        "CAN_END_SHOOT_FROM_COVER_CAUSE_STATIONARY": false,
        "CHANGE_RUN_TO_COVER_SEC": 5,
        "CHANGE_RUN_TO_COVER_SEC_GREANDE": 0.6,
        "CHECK_COVER_ENEMY_LOOK": false,
        "CLOSE_DIST_POINT_SQRT": 4,
        "DELTA_SEEN_FROM_COVE_LAST_POS": 5,
        "DEPENDS_Y_DIST_TO_BOT": true,
        "DIST_CANT_CHANGE_WAY": 5,
        "DIST_CANT_CHANGE_WAY_SQR": 25,
        "DIST_CHECK_SFETY": 9,
        "DOG_FIGHT_AFTER_LEAVE": 4,
        "ENEMY_DIST_TO_GO_OUT": 1,
        "GOOD_DIST_TO_POINT_COEF": 50,
        "HIDE_TO_COVER_TIME": 1.5,
        "HITS_TO_LEAVE_COVER": 1,
        "HITS_TO_LEAVE_COVER_UNKNOWN": 2,
        "LOOK_LAST_ENEMY_POS_LOOKAROUND": 45,
        "LOOK_LAST_ENEMY_POS_MOVING": 1.5,
        "LOOK_TO_HIT_POINT_IF_LAST_ENEMY": 3,
        "MAX_DIST_OF_COVER": 4,
        "MAX_DIST_OF_COVER_SQR": 16,
        "MAX_ITERATIONS": 15,
        "MAX_SPOTTED_TIME_SEC": 14,
        "MIN_DEFENCE_LEVEL": 0,
        "MIN_DIST_TO_ENEMY": 9,
        "MIN_TO_ENEMY_TO_BE_NOT_SAFE": 12,
        "MOVE_TO_COVER_WHEN_TARGET": false,
        "NOT_LOOK_AT_WALL_IS_DANGER": true,
        "OFFSET_LOOK_ALONG_WALL_ANG": 20,
        "RETURN_TO_ATTACK_AFTER_AMBUSH_MAX": 50,
        "RETURN_TO_ATTACK_AFTER_AMBUSH_MIN": 20,
        "REWORK_NOT_TO_SHOOT": false,
        "RUN_COVER_IF_CAN_AND_NO_ENEMIES": true,
        "RUN_IF_FAR": 15,
        "RUN_IF_FAR_SQRT": 225,
        "SHALL_CHANGE_COVER_IF_CAN_SHOOT": true,
        "SHOOT_NEAR_SEC_PERIOD": 1,
        "SHOOT_NEAR_TO_LEAVE": 3,
        "SOUND_TO_GET_SPOTTED": 2,
        "SPOTTED_COVERS_RADIUS": 2.5,
        "SPOTTED_GRENADE_RADIUS": 16,
        "SPOTTED_GRENADE_TIME": 15,
        "STATIONARY_CAN_USE": false,
        "STAY_IF_FAR": 25,
        "STAY_IF_FAR_SQRT": 625,
        "TIME_CHECK_SAFE": 2,
        "TIME_TO_MOVE_TO_COVER": 15,
        "WAIT_INT_COVER_FINDING_ENEMY": 2
      },
      "Grenade": {
        "ADD_GRENADE_AS_DANGER": 65,
        "ADD_GRENADE_AS_DANGER_SQR": 4225,
        "AMBUSH_IF_SMOKE_IN_ZONE_100": 40,
        "AMBUSH_IF_SMOKE_RETURN_TO_ATTACK_SEC": 30,
        "ANG_TYPE": 1,
        "BEWARE_TYPE": 2,
        "BE_ATTENTION_COEF": 4,
        "CAN_THROW_STRAIGHT_CONTACT": true,
        "CHANCE_RUN_FLASHED_100": 100,
        "CHANCE_TO_NOTIFY_ENEMY_GR_100": 100,
        "CHEAT_START_GRENADE_PLACE": true,
        "CLOSE_TO_SMOKE_TIME_DELTA": 5,
        "CLOSE_TO_SMOKE_TO_SHOOT": 10,
        "CLOSE_TO_SMOKE_TO_SHOOT_SQRT": 100,
        "DAMAGE_GRENADE_SUPPRESS_DELTA": 8,
        "DELTA_GRENADE_START_TIME": 0.01,
        "DELTA_NEXT_ATTEMPT": 10,
        "DELTA_NEXT_ATTEMPT_FROM_COVER": 5,
        "FIRST_TIME_SEEN_DELTA_CAN_THROW": 15,
        "FLASH_GRENADE_TIME_COEF": 0.1,
        "GrenadePerMeter": 0.1,
        "GrenadePrecision": 0.05,
        "MAX_FLASHED_DIST_TO_SHOOT": 10,
        "MAX_FLASHED_DIST_TO_SHOOT_SQRT": 100,
        "MAX_THROW_POWER": 25,
        "MIN_DIST_NOT_TO_THROW": 15,
        "MIN_DIST_NOT_TO_THROW_SQR": 64,
        "MIN_THROW_DIST_PERCENT_0_1": 0.7,
        "MIN_THROW_GRENADE_DIST": 12,
        "MIN_THROW_GRENADE_DIST_SQRT": 144,
        "NEAR_DELTA_THROW_TIME_SEC": 2,
        "NO_RUN_FROM_AI_GRENADES": true,
        "REQUEST_DIST_MUST_THROW": 2,
        "REQUEST_DIST_MUST_THROW_SQRT": 4,
        "RUN_AWAY": 22,
        "RUN_AWAY_SQR": 484,
        "SHOOT_TO_SMOKE_CHANCE_100": 50,
        "SIZE_SPOTTED_COEF": 2,
        "SMOKE_CHECK_DELTA": 1,
        "SMOKE_SUPPRESS_DELTA": 20,
        "STOP_WHEN_THROW_GRENADE": true,
        "STRAIGHT_CONTACT_DELTA_SEC": 3,
        "STUN_SUPPRESS_DELTA": 9,
        "TIME_SHOOT_TO_FLASH": 4,
        "WAIT_TIME_TURN_AWAY": 1.2
      },
      "Hearing": {
        "BOT_CLOSE_PANIC_DIST": 1,
        "CHANCE_TO_HEAR_SIMPLE_SOUND_0_1": 0.98,
        "CLOSE_DIST": 36,
        "DEAD_BODY_SOUND_RAD": 30,
        "DISPERSION_COEF": 10,
        "DIST_PLACE_TO_FIND_POINT": 70,
        "FAR_DIST": 66,
        "HEAR_DELAY_WHEN_HAVE_SMT": 0,
        "HEAR_DELAY_WHEN_PEACE": 0,
        "LOOK_ONLY_DANGER": false,
        "LOOK_ONLY_DANGER_DELTA": 9,
        "RESET_TIMER_DIST": 17,
        "SOUND_DIR_DEEFREE": 30
      },
      "Lay": {
        "ATTACK_LAY_CHANCE": 25,
        "CHECK_SHOOT_WHEN_LAYING": false,
        "CLEAR_POINTS_OF_SCARE_SEC": 20,
        "DAMAGE_TIME_TO_GETUP": 3,
        "DELTA_AFTER_GETUP": 10,
        "DELTA_GETUP": 2.7,
        "DELTA_LAY_CHECK": 2,
        "DELTA_WANT_LAY_CHECL_SEC": 5,
        "DIST_ENEMY_CAN_LAY": 15,
        "DIST_ENEMY_CAN_LAY_SQRT": 225,
        "DIST_ENEMY_GETUP_LAY": 10,
        "DIST_ENEMY_GETUP_LAY_SQRT": 100,
        "DIST_ENEMY_NULL_DANGER_LAY": 15,
        "DIST_ENEMY_NULL_DANGER_LAY_SQRT": 225,
        "DIST_GRASS_TERRAIN_SQRT": 0.160000011,
        "DIST_TO_COVER_TO_LAY": 3.5,
        "DIST_TO_COVER_TO_LAY_SQRT": 12.25,
        "LAY_AIM": 0.6,
        "LAY_CHANCE_DANGER": 40,
        "MAX_CAN_LAY_DIST": 200,
        "MAX_CAN_LAY_DIST_SQRT": 40000,
        "MAX_LAY_TIME": 35,
        "MIN_CAN_LAY_DIST": 11,
        "MIN_CAN_LAY_DIST_SQRT": 121
      },
      "Look": {
        "BODY_DELTA_TIME_SEARCH_SEC": 1.7,
        "CAN_LOOK_TO_WALL": true,
        "COME_TO_BODY_DIST": 1.2,
        "CloseDeltaTimeSec": 0.1,
        "DIST_CHECK_WALL": 20,
        "DIST_NOT_TO_IGNORE_WALL": 15,
        "ENEMY_LIGHT_ADD": 48,
        "ENEMY_LIGHT_START_DIST": 90,
        "FAR_DISTANCE": 160,
        "FarDeltaTimeSec": 3,
        "GOAL_TO_FULL_DISSAPEAR": 1.1,
        "GOAL_TO_FULL_DISSAPEAR_SHOOT": 0.03,
        "LOOK_AROUND_DELTA": 1.1,
        "LOOK_LAST_POSENEMY_IF_NO_DANGER_SEC": 25,
        "LOOK_THROUGH_GRASS": false,
        "LightOnVisionDistance": 40,
        "MARKSMAN_VISIBLE_DIST_COEF": 1.15,
        "MAX_VISION_GRASS_METERS": 0.8,
        "MAX_VISION_GRASS_METERS_FLARE": 8,
        "MAX_VISION_GRASS_METERS_FLARE_OPT": 0.125,
        "MAX_VISION_GRASS_METERS_OPT": 0.9090909,
        "MIDDLE_DIST": 90,
        "MIN_LOOK_AROUD_TIME": 20,
        "MiddleDeltaTimeSec": 1,
        "OLD_TIME_POINT": 11,
        "OPTIMIZE_TO_ONLY_BODY": true,
        "POSIBLE_VISION_SPACE": 1.2,
        "VISIBLE_DISNACE_WITH_LIGHT": 100,
        "WAIT_NEW_SENSOR": 2.1,
        "WAIT_NEW__LOOK_SENSOR": 7.8
      },
      "Mind": {
        "AI_POWER_COEF": 120,
        "AMBUSH_WHEN_UNDER_FIRE": true,
        "AMBUSH_WHEN_UNDER_FIRE_TIME_RESIST": 60,
        "ATTACK_ENEMY_IF_PROTECT_DELTA_LAST_TIME_SEEN": 1.5,
        "ATTACK_IMMEDIATLY_CHANCE_0_100": 40,
        "BULLET_FEEL_CLOSE_SDIST": 1,
        "BULLET_FEEL_DIST": 160,
        "CAN_PANIC_IS_PROTECT": false,
        "CAN_RECEIVE_PLAYER_REQUESTS_BEAR": false,
        "CAN_RECEIVE_PLAYER_REQUESTS_SAVAGE": false,
        "CAN_RECEIVE_PLAYER_REQUESTS_USEC": false,
        "CAN_STAND_BY": true,
        "CAN_TAKE_ITEMS": false,
        "CAN_THROW_REQUESTS": true,
        "CAN_USE_LONG_COVER_POINTS": false,
        "CAN_USE_MEDS": true,
        "CHANCE_FUCK_YOU_ON_CONTACT_100": 0.01,
        "CHANCE_SHOOT_WHEN_WARN_PLAYER_100": 25,
        "CHANCE_TO_RUN_CAUSE_DAMAGE_0_100": 35,
        "CHANCE_TO_STAY_WHEN_WARN_PLAYER_100": 80,
        "COVER_DIST_COEF": 1.5,
        "COVER_SECONDS_AFTER_LOSE_VISION": 10,
        "COVER_SELF_ALWAYS_IF_DAMAGED": false,
        "DAMAGE_REDUCTION_TIME_SEC": 30,
        "DANGER_POINT_CHOOSE_COEF": 1,
        "DEFAULT_BEAR_BEHAVIOUR": "Attack",
        "DEFAULT_SAVAGE_BEHAVIOUR": "Warn",
        "DEFAULT_USEC_BEHAVIOUR": "Attack",
        "DIST_TO_ENEMY_YO_CAN_HEAL": 130,
        "DIST_TO_FOUND_SQRT": 400,
        "DIST_TO_STOP_RUN_ENEMY": 15,
        "DOG_FIGHT_IN": 3,
        "DOG_FIGHT_OUT": 6,
        "ENEMY_BOT_TYPES": [],
        "ENEMY_LOOK_AT_ME_ANG": 15,
        "FIND_COVER_TO_GET_POSITION_WITH_SHOOT": 2,
        "FRIENDLY_BOT_TYPES": [],
        "FRIEND_AGR_KILL": 0.2,
        "FRIEND_DEAD_AGR_LOW": -0.2,
        "GROUP_ANY_PHRASE_DELAY": 5,
        "GROUP_EXACTLY_PHRASE_DELAY": 30,
        "HEAL_DELAY_SEC": 5,
        "HIT_DELAY_WHEN_HAVE_SMT": -1,
        "HIT_DELAY_WHEN_PEACE": -1,
        "HIT_POINT_DETECTION": 4,
        "HOLD_IF_PROTECT_DELTA_LAST_TIME_SEEN": 8.5,
        "HOW_WORK_OVER_DEAD_BODY": 1,
        "LASTSEEN_POINT_CHOOSE_COEF": 0.2,
        "LAST_ENEMY_LOOK_TO": 40,
        "MAX_AGGRO_BOT_DIST": 200,
        "MAX_AGGRO_BOT_DIST_SQR": 10000,
        "MAX_SHOOTS_TIME": 4,
        "MAX_START_AGGRESION_COEF": 3,
        "MEDS_ONLY_SAFE_CONTAINER": false,
        "MIN_DAMAGE_SCARE": 20,
        "MIN_SHOOTS_TIME": 2,
        "MIN_START_AGGRESION_COEF": 1,
        "NO_RUN_AWAY_FOR_SAFE": false,
        "PART_PERCENT_TO_HEAL": 0.85,
        "PISTOL_SHOTGUN_AMBUSH_DIST": 30,
        "PROTECT_DELTA_HEAL_SEC": 10,
        "PROTECT_TIME_REAL": true,
        "SEC_TO_MORE_DIST_TO_RUN": 10,
        "SHOOT_INSTEAD_DOG_FIGHT": 9,
        "SIMPLE_POINT_CHOOSE_COEF": 0.4,
        "STANDART_AMBUSH_DIST": 100,
        "SUSPETION_POINT_CHANCE_ADD100": 0,
        "TALK_WITH_QUERY": true,
        "TIME_TO_FIND_ENEMY": 22,
        "TIME_TO_FORGOR_ABOUT_ENEMY_SEC": 52,
        "TIME_TO_RUN_TO_COVER_CAUSE_SHOOT_SEC": 15,
        "WARN_BOT_TYPES": [
          "assault"
        ]
      },
      "Move": {
        "BASESTART_SLOW_DIST": 1.1,
        "BASE_ROTATE_SPEED": 270,
        "BASE_SQRT_START_SERACH": 1225,
        "BASE_START_SERACH": 35,
        "CHANCE_TO_RUN_IF_NO_AMMO_0_100": 100,
        "DELTA_LAST_SEEN_ENEMY": 20,
        "DIST_TO_CAN_CHANGE_WAY": 8,
        "DIST_TO_CAN_CHANGE_WAY_SQR": 64,
        "DIST_TO_START_RAYCAST": 15,
        "DIST_TO_START_RAYCAST_SQR": 225,
        "ETERNITY_STAMINA": true,
        "FAR_DIST": 4,
        "FAR_DIST_SQR": 16,
        "REACH_DIST": 0.5,
        "REACH_DIST_COVER": 2,
        "REACH_DIST_RUN": 1,
        "RUN_IF_CANT_SHOOT": true,
        "RUN_IF_GAOL_FAR_THEN": 10,
        "RUN_TO_COVER_MIN": 2,
        "SEC_TO_CHANGE_TO_RUN": 3,
        "SLOW_COEF": 7,
        "START_SLOW_DIST": 1.5,
        "UPDATE_TIME_RECAL_WAY": 7,
        "Y_APPROXIMATION": 0.7
      },
      "Patrol": {
        "CAN_CHECK_MAGAZINE": false,
        "CAN_CHOOSE_RESERV": true,
        "CAN_WATCH_SECOND_WEAPON": true,
        "CHANCE_TO_CHANGE_WAY_0_100": 30,
        "CHANCE_TO_CUT_WAY_0_100": 75,
        "CHANCE_TO_PLAY_GESTURE_WHEN_CLOSE": -1,
        "CHANCE_TO_SHOOT_DEADBODY": 52,
        "CHANGE_WAY_TIME": 325.1,
        "CLOSE_TO_SELECT_RESERV_WAY": 25,
        "CUT_WAY_MAX_0_1": 0.65,
        "CUT_WAY_MIN_0_1": 0.4,
        "FOLLOWER_START_MOVE_DELAY": 0.8,
        "FRIEND_SEARCH_SEC": 12,
        "GO_TO_NEXT_POINT_DELTA_RESERV_WAY": 25,
        "LOOK_TIME_BASE": 12,
        "MAX_YDIST_TO_START_WARN_REQUEST_TO_REQUESTER": 5,
        "MIN_DIST_TO_CLOSE_TALK": 5,
        "MIN_DIST_TO_CLOSE_TALK_SQR": 25,
        "MIN_TALK_DELAY": 35,
        "RESERVE_OUT_TIME": 60,
        "RESERVE_TIME_STAY": 72,
        "SUSPETION_PLACE_LIFETIME": 7,
        "TALK_DELAY": 31.1,
        "TALK_DELAY_BIG": 45.1,
        "TRY_CHOOSE_RESERV_WAY_ON_START": true,
        "VISION_DIST_COEF_PEACE": 0.95
      },
      "Scattering": {
        "AMPLITUDE_FACTOR": 0.25,
        "AMPLITUDE_SPEED": 0.1,
        "BloodFall": 1.45,
        "Caution": 0.3,
        "DIST_FROM_OLD_POINT_TO_NOT_AIM": 15,
        "DIST_FROM_OLD_POINT_TO_NOT_AIM_SQRT": 225,
        "DIST_NOT_TO_SHOOT": 0.3,
        "FromShot": 0.001,
        "HandDamageAccuracySpeed": 1.3,
        "HandDamageScatteringMinMax": 0.7,
        "LayFactor": 0.1,
        "MaxScatter": 0.4,
        "MinScatter": 0.03,
        "MovingSlowCoef": 1.5,
        "PoseChnageCoef": 0.1,
        "RecoilControlCoefShootDone": 0.0003,
        "RecoilControlCoefShootDoneAuto": 0.00015,
        "RecoilYCoef": 0.0005,
        "RecoilYCoefSppedDown": -0.52,
        "RecoilYMax": 1,
        "SpeedDown": -0.3,
        "SpeedUp": 0.3,
        "SpeedUpAim": 1.4,
        "ToCaution": 0.6,
        "ToLowBotAngularSpeed": 80,
        "ToLowBotSpeed": 2.4,
        "ToSlowBotSpeed": 1.5,
        "ToStopBotAngularSpeed": 40,
        "ToUpBotSpeed": 3.6,
        "TracerCoef": 1.3,
        "WorkingScatter": 0.15
      },
      "Shoot": {
        "AUTOMATIC_FIRE_SCATTERING_COEF": 1.5,
        "BASE_AUTOMATIC_TIME": 0.3,
        "CAN_SHOOTS_TIME_TO_AMBUSH": 993,
        "CHANCE_TO_CHANGE_TO_AUTOMATIC_FIRE_100": 100,
        "CHANCE_TO_CHANGE_WEAPON": -60,
        "CHANCE_TO_CHANGE_WEAPON_WITH_HELMET": -60,
        "DELAY_BEFORE_EXAMINE_MALFUNCTION": 0.5,
        "DELAY_BEFORE_FIX_MALFUNCTION": 0.5,
        "FAR_DIST_ENEMY": 20,
        "FAR_DIST_ENEMY_SQR": 400,
        "FAR_DIST_TO_CHANGE_WEAPON": 30,
        "FINGER_HOLD_SINGLE_SHOT": 0.14,
        "HORIZONT_RECOIL_COEF": 0.04,
        "LOW_DIST_TO_CHANGE_WEAPON": 5,
        "MARKSMAN_DIST_SEK_COEF": 44,
        "MAX_DIST_COEF": 1.35,
        "MAX_RECOIL_PER_METER": 0.04,
        "NOT_TO_SEE_ENEMY_TO_WANT_RELOAD_PERCENT": 0.5,
        "NOT_TO_SEE_ENEMY_TO_WANT_RELOAD_SEC": 2,
        "RECOIL_DELTA_PRESS": 0.15,
        "RECOIL_PER_METER": 0.02,
        "RECOIL_TIME_NORMALIZE": 1,
        "RELOAD_PECNET_NO_ENEMY": 0.6,
        "REPAIR_MALFUNCTION_IMMEDIATE_CHANCE": 25,
        "RUN_DIST_NO_AMMO": 25,
        "RUN_DIST_NO_AMMO_SQRT": 625,
        "SHOOT_FROM_COVER": 4,
        "SUPPRESS_BY_SHOOT_TIME": 6,
        "SUPPRESS_TRIGGERS_DOWN": 3,
        "VALIDATE_MALFUNCTION_CHANCE": 100,
        "WAIT_NEXT_SINGLE_SHOT": 0.2,
        "WAIT_NEXT_SINGLE_SHOT_LONG_MAX": 3.3,
        "WAIT_NEXT_SINGLE_SHOT_LONG_MIN": 0.4
      }
    },
    "impossible": {
      "Aiming": {
        "AIMING_TYPE": 1,
        "ANYTIME_LIGHT_WHEN_AIM_100": -1,
        "ANY_PART_SHOOT_TIME": 15,
        "BASE_HIT_AFFECTION_DELAY_SEC": 0.57,
        "BASE_HIT_AFFECTION_MAX_ANG": 10,
        "BASE_HIT_AFFECTION_MIN_ANG": 4,
        "BASE_SHIEF": 0.05,
        "BETTER_PRECICING_COEF": 0.9,
        "BOTTOM_COEF": 0.1,
        "BOT_MOVE_IF_DELTA": 3.01,
        "COEF_FROM_COVER": 0.45,
        "COEF_IF_MOVE": 1,
        "DAMAGE_PANIC_TIME": 15,
        "DAMAGE_TO_DISCARD_AIM_0_100": 16,
        "DANGER_UP_POINT": 1.3,
        "DIST_TO_SHOOT_NO_OFFSET": 3,
        "DIST_TO_SHOOT_TO_CENTER": 3,
        "FIRST_CONTACT_ADD_CHANCE_100": 80,
        "FIRST_CONTACT_ADD_SEC": 0.1,
        "HARD_AIM": 0.75,
        "MAX_AIMING_UPGRADE_BY_TIME": 0.15,
        "MAX_AIM_PRECICING": 2,
        "MAX_AIM_TIME": 1.5,
        "MAX_TIME_DISCARD_AIM_SEC": 0.6,
        "MIN_DAMAGE_TO_GET_HIT_AFFETS": 1,
        "MIN_TIME_DISCARD_AIM_SEC": 0.3,
        "NEXT_SHOT_MISS_CHANCE_100": 100,
        "NEXT_SHOT_MISS_Y_OFFSET": 1,
        "OFFSET_RECAL_ANYWAY_TIME": 1,
        "PANIC_ACCURATY_COEF": 1.2,
        "PANIC_COEF": 1.2,
        "PANIC_TIME": 2,
        "RECALC_DIST": 0.7,
        "RECALC_MUST_TIME": 3,
        "RECALC_SQR_DIST": 0.48999998,
        "SCATTERING_DIST_MODIF": 0.6,
        "SCATTERING_DIST_MODIF_CLOSE": 0.6,
        "SCATTERING_HAVE_DAMAGE_COEF": 2,
        "SHOOT_TO_CHANGE_PRIORITY": 5525,
        "SHPERE_FRIENDY_FIRE_SIZE": -0.1,
        "TIME_COEF_IF_MOVE": 1.1,
        "WEAPON_ROOT_OFFSET": 0.35,
        "XZ_COEF": 0.1
      },
      "Boss": {
        "BOSS_DIST_TO_SHOOT": 40,
        "BOSS_DIST_TO_SHOOT_SQRT": 1600,
        "BOSS_DIST_TO_WARNING": 40,
        "BOSS_DIST_TO_WARNING_OUT": 40,
        "BOSS_DIST_TO_WARNING_OUT_SQRT": 1600,
        "BOSS_DIST_TO_WARNING_SQRT": 1600,
        "CHANCE_TO_SEND_GRENADE_100": 100,
        "CHANCE_USE_RESERVE_PATROL_100": -30,
        "COVER_TO_SEND": true,
        "DELTA_SEARCH_TIME": 18,
        "EFFECT_PAINKILLER": true,
        "EFFECT_REGENERATION_PER_MIN": 60,
        "KILLA_AFTER_GRENADE_SUPPRESS_DELAY": 2,
        "KILLA_BULLET_TO_RELOAD": 15,
        "KILLA_CLOSEATTACK_DELAY": -1,
        "KILLA_CLOSEATTACK_TIMES": 4,
        "KILLA_CLOSE_ATTACK_DIST": 8,
        "KILLA_CONTUTION_TIME": 5,
        "KILLA_DEF_DIST_SQRT": 225,
        "KILLA_DIST_TO_GO_TO_SUPPRESS": 6,
        "KILLA_DITANCE_TO_BE_ENEMY_BOSS": 45,
        "KILLA_ENEMIES_TO_ATTACK": 3,
        "KILLA_HOLD_DELAY": 5,
        "KILLA_LARGE_ATTACK_DIST": 41,
        "KILLA_MIDDLE_ATTACK_DIST": 22,
        "KILLA_ONE_IS_CLOSE": 30,
        "KILLA_SEARCH_METERS": 20,
        "KILLA_SEARCH_SEC_STOP_AFTER_COMING": 25,
        "KILLA_START_SEARCH_SEC": 40,
        "KILLA_TRIGGER_DOWN_DELAY": 1,
        "KILLA_WAIT_IN_COVER_COEF": 1,
        "KILLA_Y_DELTA_TO_BE_ENEMY_BOSS": 5,
        "KOJANIY_DIST_ENEMY_TOO_CLOSE": 17,
        "KOJANIY_DIST_TO_BE_ENEMY": 200,
        "KOJANIY_DIST_WHEN_READY": 40,
        "KOJANIY_MANY_ENEMIES_COEF": 1.5,
        "KOJANIY_MIN_DIST_TO_LOOT": 20,
        "KOJANIY_MIN_DIST_TO_LOOT_SQRT": 400,
        "MAX_DIST_COVER_BOSS": 25,
        "MAX_DIST_COVER_BOSS_SQRT": 625,
        "MAX_DIST_DECIDER_TO_SEND": 35,
        "MAX_DIST_DECIDER_TO_SEND_SQRT": 1225,
        "PERSONS_SEND": 2,
        "SHALL_WARN": false,
        "TIME_AFTER_LOSE": 15,
        "TIME_AFTER_LOSE_DELTA": 60,
        "WAIT_NO_ATTACK_SAVAGE": 1
      },
      "Change": {
        "FLASH_ACCURATY": 1.6,
        "FLASH_GAIN_SIGHT": 1.8,
        "FLASH_HEARING": 1,
        "FLASH_LAY_CHANCE": 1,
        "FLASH_PRECICING": 1.6,
        "FLASH_SCATTERING": 1.6,
        "FLASH_VISION_DIST": 0.05,
        "SMOKE_ACCURATY": 1.6,
        "SMOKE_GAIN_SIGHT": 1.6,
        "SMOKE_HEARING": 1,
        "SMOKE_LAY_CHANCE": 1.6,
        "SMOKE_PRECICING": 1.6,
        "SMOKE_SCATTERING": 1.6,
        "SMOKE_VISION_DIST": 0.6,
        "STUN_HEARING": 0.01
      },
      "Core": {
        "AccuratySpeed": 0.1,
        "AimingType": "normal",
        "CanGrenade": true,
        "CanRun": true,
        "DamageCoeff": 1,
        "GainSightCoef": 0.05,
        "HearingSense": 3.9,
        "PistolFireDistancePref": 35,
        "RifleFireDistancePref": 100,
        "ScatteringClosePerMeter": 0.12,
        "ScatteringPerMeter": 0.045,
        "ShotgunFireDistancePref": 50,
        "VisibleAngle": 160,
        "VisibleDistance": 142,
        "WaitInCoverBetweenShotsSec": 1
      },
      "Cover": {
        "CAN_END_SHOOT_FROM_COVER_CAUSE_STATIONARY": false,
        "CHANGE_RUN_TO_COVER_SEC": 5,
        "CHANGE_RUN_TO_COVER_SEC_GREANDE": 0.6,
        "CHECK_COVER_ENEMY_LOOK": false,
        "CLOSE_DIST_POINT_SQRT": 4,
        "DELTA_SEEN_FROM_COVE_LAST_POS": 5,
        "DEPENDS_Y_DIST_TO_BOT": true,
        "DIST_CANT_CHANGE_WAY": 5,
        "DIST_CANT_CHANGE_WAY_SQR": 25,
        "DIST_CHECK_SFETY": 9,
        "DOG_FIGHT_AFTER_LEAVE": 4,
        "ENEMY_DIST_TO_GO_OUT": 1,
        "GOOD_DIST_TO_POINT_COEF": 50,
        "HIDE_TO_COVER_TIME": 1.5,
        "HITS_TO_LEAVE_COVER": 1,
        "HITS_TO_LEAVE_COVER_UNKNOWN": 2,
        "LOOK_LAST_ENEMY_POS_LOOKAROUND": 45,
        "LOOK_LAST_ENEMY_POS_MOVING": 1.5,
        "LOOK_TO_HIT_POINT_IF_LAST_ENEMY": 3,
        "MAX_DIST_OF_COVER": 4,
        "MAX_DIST_OF_COVER_SQR": 16,
        "MAX_ITERATIONS": 15,
        "MAX_SPOTTED_TIME_SEC": 14,
        "MIN_DEFENCE_LEVEL": 0,
        "MIN_DIST_TO_ENEMY": 9,
        "MIN_TO_ENEMY_TO_BE_NOT_SAFE": 12,
        "MOVE_TO_COVER_WHEN_TARGET": false,
        "NOT_LOOK_AT_WALL_IS_DANGER": true,
        "OFFSET_LOOK_ALONG_WALL_ANG": 20,
        "RETURN_TO_ATTACK_AFTER_AMBUSH_MAX": 50,
        "RETURN_TO_ATTACK_AFTER_AMBUSH_MIN": 20,
        "REWORK_NOT_TO_SHOOT": false,
        "RUN_COVER_IF_CAN_AND_NO_ENEMIES": true,
        "RUN_IF_FAR": 15,
        "RUN_IF_FAR_SQRT": 225,
        "SHALL_CHANGE_COVER_IF_CAN_SHOOT": true,
        "SHOOT_NEAR_SEC_PERIOD": 1,
        "SHOOT_NEAR_TO_LEAVE": 3,
        "SOUND_TO_GET_SPOTTED": 2,
        "SPOTTED_COVERS_RADIUS": 2.5,
        "SPOTTED_GRENADE_RADIUS": 16,
        "SPOTTED_GRENADE_TIME": 15,
        "STATIONARY_CAN_USE": false,
        "STAY_IF_FAR": 25,
        "STAY_IF_FAR_SQRT": 625,
        "TIME_CHECK_SAFE": 2,
        "TIME_TO_MOVE_TO_COVER": 15,
        "WAIT_INT_COVER_FINDING_ENEMY": 2
      },
      "Grenade": {
        "ADD_GRENADE_AS_DANGER": 65,
        "ADD_GRENADE_AS_DANGER_SQR": 4225,
        "AMBUSH_IF_SMOKE_IN_ZONE_100": 40,
        "AMBUSH_IF_SMOKE_RETURN_TO_ATTACK_SEC": 30,
        "ANG_TYPE": 1,
        "BEWARE_TYPE": 2,
        "BE_ATTENTION_COEF": 4,
        "CAN_THROW_STRAIGHT_CONTACT": true,
        "CHANCE_RUN_FLASHED_100": 100,
        "CHANCE_TO_NOTIFY_ENEMY_GR_100": 100,
        "CHEAT_START_GRENADE_PLACE": true,
        "CLOSE_TO_SMOKE_TIME_DELTA": 5,
        "CLOSE_TO_SMOKE_TO_SHOOT": 10,
        "CLOSE_TO_SMOKE_TO_SHOOT_SQRT": 100,
        "DAMAGE_GRENADE_SUPPRESS_DELTA": 8,
        "DELTA_GRENADE_START_TIME": 0.01,
        "DELTA_NEXT_ATTEMPT": 10,
        "DELTA_NEXT_ATTEMPT_FROM_COVER": 5,
        "FIRST_TIME_SEEN_DELTA_CAN_THROW": 15,
        "FLASH_GRENADE_TIME_COEF": 0.1,
        "GrenadePerMeter": 0.1,
        "GrenadePrecision": 0.05,
        "MAX_FLASHED_DIST_TO_SHOOT": 10,
        "MAX_FLASHED_DIST_TO_SHOOT_SQRT": 100,
        "MAX_THROW_POWER": 25,
        "MIN_DIST_NOT_TO_THROW": 15,
        "MIN_DIST_NOT_TO_THROW_SQR": 64,
        "MIN_THROW_DIST_PERCENT_0_1": 0.7,
        "MIN_THROW_GRENADE_DIST": 12,
        "MIN_THROW_GRENADE_DIST_SQRT": 144,
        "NEAR_DELTA_THROW_TIME_SEC": 2,
        "NO_RUN_FROM_AI_GRENADES": true,
        "REQUEST_DIST_MUST_THROW": 2,
        "REQUEST_DIST_MUST_THROW_SQRT": 4,
        "RUN_AWAY": 22,
        "RUN_AWAY_SQR": 484,
        "SHOOT_TO_SMOKE_CHANCE_100": 50,
        "SIZE_SPOTTED_COEF": 2,
        "SMOKE_CHECK_DELTA": 1,
        "SMOKE_SUPPRESS_DELTA": 20,
        "STOP_WHEN_THROW_GRENADE": true,
        "STRAIGHT_CONTACT_DELTA_SEC": 3,
        "STUN_SUPPRESS_DELTA": 9,
        "TIME_SHOOT_TO_FLASH": 4,
        "WAIT_TIME_TURN_AWAY": 1.2
      },
      "Hearing": {
        "BOT_CLOSE_PANIC_DIST": 1,
        "CHANCE_TO_HEAR_SIMPLE_SOUND_0_1": 0.98,
        "CLOSE_DIST": 36,
        "DEAD_BODY_SOUND_RAD": 30,
        "DISPERSION_COEF": 10,
        "DIST_PLACE_TO_FIND_POINT": 70,
        "FAR_DIST": 66,
        "HEAR_DELAY_WHEN_HAVE_SMT": 0,
        "HEAR_DELAY_WHEN_PEACE": 0,
        "LOOK_ONLY_DANGER": false,
        "LOOK_ONLY_DANGER_DELTA": 9,
        "RESET_TIMER_DIST": 17,
        "SOUND_DIR_DEEFREE": 30
      },
      "Lay": {
        "ATTACK_LAY_CHANCE": 25,
        "CHECK_SHOOT_WHEN_LAYING": false,
        "CLEAR_POINTS_OF_SCARE_SEC": 20,
        "DAMAGE_TIME_TO_GETUP": 3,
        "DELTA_AFTER_GETUP": 10,
        "DELTA_GETUP": 2.7,
        "DELTA_LAY_CHECK": 2,
        "DELTA_WANT_LAY_CHECL_SEC": 5,
        "DIST_ENEMY_CAN_LAY": 15,
        "DIST_ENEMY_CAN_LAY_SQRT": 225,
        "DIST_ENEMY_GETUP_LAY": 10,
        "DIST_ENEMY_GETUP_LAY_SQRT": 100,
        "DIST_ENEMY_NULL_DANGER_LAY": 15,
        "DIST_ENEMY_NULL_DANGER_LAY_SQRT": 225,
        "DIST_GRASS_TERRAIN_SQRT": 0.160000011,
        "DIST_TO_COVER_TO_LAY": 3.5,
        "DIST_TO_COVER_TO_LAY_SQRT": 12.25,
        "LAY_AIM": 0.6,
        "LAY_CHANCE_DANGER": 40,
        "MAX_CAN_LAY_DIST": 200,
        "MAX_CAN_LAY_DIST_SQRT": 40000,
        "MAX_LAY_TIME": 35,
        "MIN_CAN_LAY_DIST": 11,
        "MIN_CAN_LAY_DIST_SQRT": 121
      },
      "Look": {
        "BODY_DELTA_TIME_SEARCH_SEC": 1.7,
        "CAN_LOOK_TO_WALL": true,
        "COME_TO_BODY_DIST": 1.2,
        "CloseDeltaTimeSec": 0.1,
        "DIST_CHECK_WALL": 20,
        "DIST_NOT_TO_IGNORE_WALL": 15,
        "ENEMY_LIGHT_ADD": 48,
        "ENEMY_LIGHT_START_DIST": 90,
        "FAR_DISTANCE": 160,
        "FarDeltaTimeSec": 3,
        "GOAL_TO_FULL_DISSAPEAR": 1.1,
        "GOAL_TO_FULL_DISSAPEAR_SHOOT": 0.03,
        "LOOK_AROUND_DELTA": 1.1,
        "LOOK_LAST_POSENEMY_IF_NO_DANGER_SEC": 25,
        "LOOK_THROUGH_GRASS": false,
        "LightOnVisionDistance": 40,
        "MARKSMAN_VISIBLE_DIST_COEF": 1.15,
        "MAX_VISION_GRASS_METERS": 0.8,
        "MAX_VISION_GRASS_METERS_FLARE": 8,
        "MAX_VISION_GRASS_METERS_FLARE_OPT": 0.125,
        "MAX_VISION_GRASS_METERS_OPT": 0.9090909,
        "MIDDLE_DIST": 90,
        "MIN_LOOK_AROUD_TIME": 20,
        "MiddleDeltaTimeSec": 1,
        "OLD_TIME_POINT": 11,
        "OPTIMIZE_TO_ONLY_BODY": true,
        "POSIBLE_VISION_SPACE": 1.2,
        "VISIBLE_DISNACE_WITH_LIGHT": 100,
        "WAIT_NEW_SENSOR": 2.1,
        "WAIT_NEW__LOOK_SENSOR": 7.8
      },
      "Mind": {
        "AI_POWER_COEF": 120,
        "AMBUSH_WHEN_UNDER_FIRE": true,
        "AMBUSH_WHEN_UNDER_FIRE_TIME_RESIST": 60,
        "ATTACK_ENEMY_IF_PROTECT_DELTA_LAST_TIME_SEEN": 1.5,
        "ATTACK_IMMEDIATLY_CHANCE_0_100": 40,
        "BULLET_FEEL_CLOSE_SDIST": 1,
        "BULLET_FEEL_DIST": 160,
        "CAN_PANIC_IS_PROTECT": false,
        "CAN_RECEIVE_PLAYER_REQUESTS_BEAR": false,
        "CAN_RECEIVE_PLAYER_REQUESTS_SAVAGE": false,
        "CAN_RECEIVE_PLAYER_REQUESTS_USEC": false,
        "CAN_STAND_BY": true,
        "CAN_TAKE_ITEMS": false,
        "CAN_THROW_REQUESTS": true,
        "CAN_USE_LONG_COVER_POINTS": false,
        "CAN_USE_MEDS": true,
        "CHANCE_FUCK_YOU_ON_CONTACT_100": 0.01,
        "CHANCE_SHOOT_WHEN_WARN_PLAYER_100": 25,
        "CHANCE_TO_RUN_CAUSE_DAMAGE_0_100": 35,
        "CHANCE_TO_STAY_WHEN_WARN_PLAYER_100": 80,
        "COVER_DIST_COEF": 1.5,
        "COVER_SECONDS_AFTER_LOSE_VISION": 10,
        "COVER_SELF_ALWAYS_IF_DAMAGED": false,
        "DAMAGE_REDUCTION_TIME_SEC": 30,
        "DANGER_POINT_CHOOSE_COEF": 1,
        "DEFAULT_BEAR_BEHAVIOUR": "Attack",
        "DEFAULT_SAVAGE_BEHAVIOUR": "Warn",
        "DEFAULT_USEC_BEHAVIOUR": "Attack",
        "DIST_TO_ENEMY_YO_CAN_HEAL": 130,
        "DIST_TO_FOUND_SQRT": 400,
        "DIST_TO_STOP_RUN_ENEMY": 15,
        "DOG_FIGHT_IN": 3,
        "DOG_FIGHT_OUT": 6,
        "ENEMY_BOT_TYPES": [],
        "ENEMY_LOOK_AT_ME_ANG": 15,
        "FIND_COVER_TO_GET_POSITION_WITH_SHOOT": 2,
        "FRIENDLY_BOT_TYPES": [],
        "FRIEND_AGR_KILL": 0.2,
        "FRIEND_DEAD_AGR_LOW": -0.2,
        "GROUP_ANY_PHRASE_DELAY": 5,
        "GROUP_EXACTLY_PHRASE_DELAY": 30,
        "HEAL_DELAY_SEC": 5,
        "HIT_DELAY_WHEN_HAVE_SMT": -1,
        "HIT_DELAY_WHEN_PEACE": -1,
        "HIT_POINT_DETECTION": 4,
        "HOLD_IF_PROTECT_DELTA_LAST_TIME_SEEN": 8.5,
        "HOW_WORK_OVER_DEAD_BODY": 1,
        "LASTSEEN_POINT_CHOOSE_COEF": 0.2,
        "LAST_ENEMY_LOOK_TO": 40,
        "MAX_AGGRO_BOT_DIST": 200,
        "MAX_AGGRO_BOT_DIST_SQR": 10000,
        "MAX_SHOOTS_TIME": 4,
        "MAX_START_AGGRESION_COEF": 3,
        "MEDS_ONLY_SAFE_CONTAINER": false,
        "MIN_DAMAGE_SCARE": 20,
        "MIN_SHOOTS_TIME": 2,
        "MIN_START_AGGRESION_COEF": 1,
        "NO_RUN_AWAY_FOR_SAFE": false,
        "PART_PERCENT_TO_HEAL": 0.85,
        "PISTOL_SHOTGUN_AMBUSH_DIST": 30,
        "PROTECT_DELTA_HEAL_SEC": 10,
        "PROTECT_TIME_REAL": true,
        "SEC_TO_MORE_DIST_TO_RUN": 10,
        "SHOOT_INSTEAD_DOG_FIGHT": 9,
        "SIMPLE_POINT_CHOOSE_COEF": 0.4,
        "STANDART_AMBUSH_DIST": 100,
        "SUSPETION_POINT_CHANCE_ADD100": 0,
        "TALK_WITH_QUERY": true,
        "TIME_TO_FIND_ENEMY": 22,
        "TIME_TO_FORGOR_ABOUT_ENEMY_SEC": 52,
        "TIME_TO_RUN_TO_COVER_CAUSE_SHOOT_SEC": 15,
        "WARN_BOT_TYPES": [
          "assault"
        ]
      },
      "Move": {
        "BASESTART_SLOW_DIST": 1.1,
        "BASE_ROTATE_SPEED": 270,
        "BASE_SQRT_START_SERACH": 1225,
        "BASE_START_SERACH": 35,
        "CHANCE_TO_RUN_IF_NO_AMMO_0_100": 100,
        "DELTA_LAST_SEEN_ENEMY": 20,
        "DIST_TO_CAN_CHANGE_WAY": 8,
        "DIST_TO_CAN_CHANGE_WAY_SQR": 64,
        "DIST_TO_START_RAYCAST": 15,
        "DIST_TO_START_RAYCAST_SQR": 225,
        "ETERNITY_STAMINA": true,
        "FAR_DIST": 4,
        "FAR_DIST_SQR": 16,
        "REACH_DIST": 0.5,
        "REACH_DIST_COVER": 2,
        "REACH_DIST_RUN": 1,
        "RUN_IF_CANT_SHOOT": true,
        "RUN_IF_GAOL_FAR_THEN": 10,
        "RUN_TO_COVER_MIN": 2,
        "SEC_TO_CHANGE_TO_RUN": 3,
        "SLOW_COEF": 7,
        "START_SLOW_DIST": 1.5,
        "UPDATE_TIME_RECAL_WAY": 7,
        "Y_APPROXIMATION": 0.7
      },
      "Patrol": {
        "CAN_CHECK_MAGAZINE": false,
        "CAN_CHOOSE_RESERV": true,
        "CAN_WATCH_SECOND_WEAPON": true,
        "CHANCE_TO_CHANGE_WAY_0_100": 30,
        "CHANCE_TO_CUT_WAY_0_100": 75,
        "CHANCE_TO_PLAY_GESTURE_WHEN_CLOSE": -1,
        "CHANCE_TO_SHOOT_DEADBODY": 52,
        "CHANGE_WAY_TIME": 325.1,
        "CLOSE_TO_SELECT_RESERV_WAY": 25,
        "CUT_WAY_MAX_0_1": 0.65,
        "CUT_WAY_MIN_0_1": 0.4,
        "FOLLOWER_START_MOVE_DELAY": 0.8,
        "FRIEND_SEARCH_SEC": 12,
        "GO_TO_NEXT_POINT_DELTA_RESERV_WAY": 25,
        "LOOK_TIME_BASE": 12,
        "MAX_YDIST_TO_START_WARN_REQUEST_TO_REQUESTER": 5,
        "MIN_DIST_TO_CLOSE_TALK": 5,
        "MIN_DIST_TO_CLOSE_TALK_SQR": 25,
        "MIN_TALK_DELAY": 35,
        "RESERVE_OUT_TIME": 60,
        "RESERVE_TIME_STAY": 72,
        "SUSPETION_PLACE_LIFETIME": 7,
        "TALK_DELAY": 31.1,
        "TALK_DELAY_BIG": 45.1,
        "TRY_CHOOSE_RESERV_WAY_ON_START": true,
        "VISION_DIST_COEF_PEACE": 0.95
      },
      "Scattering": {
        "AMPLITUDE_FACTOR": 0.25,
        "AMPLITUDE_SPEED": 0.1,
        "BloodFall": 1.45,
        "Caution": 0.3,
        "DIST_FROM_OLD_POINT_TO_NOT_AIM": 15,
        "DIST_FROM_OLD_POINT_TO_NOT_AIM_SQRT": 225,
        "DIST_NOT_TO_SHOOT": 0.3,
        "FromShot": 0.001,
        "HandDamageAccuracySpeed": 1.3,
        "HandDamageScatteringMinMax": 0.7,
        "LayFactor": 0.1,
        "MaxScatter": 0.4,
        "MinScatter": 0.03,
        "MovingSlowCoef": 1.5,
        "PoseChnageCoef": 0.1,
        "RecoilControlCoefShootDone": 0.0003,
        "RecoilControlCoefShootDoneAuto": 0.00015,
        "RecoilYCoef": 0.0005,
        "RecoilYCoefSppedDown": -0.52,
        "RecoilYMax": 1,
        "SpeedDown": -0.3,
        "SpeedUp": 0.3,
        "SpeedUpAim": 1.4,
        "ToCaution": 0.6,
        "ToLowBotAngularSpeed": 80,
        "ToLowBotSpeed": 2.4,
        "ToSlowBotSpeed": 1.5,
        "ToStopBotAngularSpeed": 40,
        "ToUpBotSpeed": 3.6,
        "TracerCoef": 1.3,
        "WorkingScatter": 0.15
      },
      "Shoot": {
        "AUTOMATIC_FIRE_SCATTERING_COEF": 1.5,
        "BASE_AUTOMATIC_TIME": 0.3,
        "CAN_SHOOTS_TIME_TO_AMBUSH": 993,
        "CHANCE_TO_CHANGE_TO_AUTOMATIC_FIRE_100": 100,
        "CHANCE_TO_CHANGE_WEAPON": -60,
        "CHANCE_TO_CHANGE_WEAPON_WITH_HELMET": -60,
        "DELAY_BEFORE_EXAMINE_MALFUNCTION": 0.5,
        "DELAY_BEFORE_FIX_MALFUNCTION": 0.5,
        "FAR_DIST_ENEMY": 20,
        "FAR_DIST_ENEMY_SQR": 400,
        "FAR_DIST_TO_CHANGE_WEAPON": 30,
        "FINGER_HOLD_SINGLE_SHOT": 0.14,
        "HORIZONT_RECOIL_COEF": 0.04,
        "LOW_DIST_TO_CHANGE_WEAPON": 5,
        "MARKSMAN_DIST_SEK_COEF": 44,
        "MAX_DIST_COEF": 1.35,
        "MAX_RECOIL_PER_METER": 0.04,
        "NOT_TO_SEE_ENEMY_TO_WANT_RELOAD_PERCENT": 0.5,
        "NOT_TO_SEE_ENEMY_TO_WANT_RELOAD_SEC": 2,
        "RECOIL_DELTA_PRESS": 0.15,
        "RECOIL_PER_METER": 0.02,
        "RECOIL_TIME_NORMALIZE": 1,
        "RELOAD_PECNET_NO_ENEMY": 0.6,
        "REPAIR_MALFUNCTION_IMMEDIATE_CHANCE": 25,
        "RUN_DIST_NO_AMMO": 25,
        "RUN_DIST_NO_AMMO_SQRT": 625,
        "SHOOT_FROM_COVER": 4,
        "SUPPRESS_BY_SHOOT_TIME": 6,
        "SUPPRESS_TRIGGERS_DOWN": 3,
        "VALIDATE_MALFUNCTION_CHANCE": 100,
        "WAIT_NEXT_SINGLE_SHOT": 0.2,
        "WAIT_NEXT_SINGLE_SHOT_LONG_MAX": 3.3,
        "WAIT_NEXT_SINGLE_SHOT_LONG_MIN": 0.4
      }
    },
    "normal": {
      "Aiming": {
        "AIMING_TYPE": 1,
        "ANYTIME_LIGHT_WHEN_AIM_100": -1,
        "ANY_PART_SHOOT_TIME": 15,
        "BASE_HIT_AFFECTION_DELAY_SEC": 0.57,
        "BASE_HIT_AFFECTION_MAX_ANG": 10,
        "BASE_HIT_AFFECTION_MIN_ANG": 4,
        "BASE_SHIEF": 0.05,
        "BETTER_PRECICING_COEF": 0.9,
        "BOTTOM_COEF": 0.1,
        "BOT_MOVE_IF_DELTA": 3.01,
        "COEF_FROM_COVER": 0.45,
        "COEF_IF_MOVE": 1,
        "DAMAGE_PANIC_TIME": 15,
        "DAMAGE_TO_DISCARD_AIM_0_100": 16,
        "DANGER_UP_POINT": 1.3,
        "DIST_TO_SHOOT_NO_OFFSET": 3,
        "DIST_TO_SHOOT_TO_CENTER": 3,
        "FIRST_CONTACT_ADD_CHANCE_100": 80,
        "FIRST_CONTACT_ADD_SEC": 0.1,
        "HARD_AIM": 0.75,
        "MAX_AIMING_UPGRADE_BY_TIME": 0.15,
        "MAX_AIM_PRECICING": 2,
        "MAX_AIM_TIME": 1.5,
        "MAX_TIME_DISCARD_AIM_SEC": 0.6,
        "MIN_DAMAGE_TO_GET_HIT_AFFETS": 1,
        "MIN_TIME_DISCARD_AIM_SEC": 0.3,
        "NEXT_SHOT_MISS_CHANCE_100": 100,
        "NEXT_SHOT_MISS_Y_OFFSET": 1,
        "OFFSET_RECAL_ANYWAY_TIME": 1,
        "PANIC_ACCURATY_COEF": 1.2,
        "PANIC_COEF": 1.2,
        "PANIC_TIME": 2,
        "RECALC_DIST": 0.7,
        "RECALC_MUST_TIME": 3,
        "RECALC_SQR_DIST": 0.48999998,
        "SCATTERING_DIST_MODIF": 0.6,
        "SCATTERING_DIST_MODIF_CLOSE": 0.6,
        "SCATTERING_HAVE_DAMAGE_COEF": 2,
        "SHOOT_TO_CHANGE_PRIORITY": 5525,
        "SHPERE_FRIENDY_FIRE_SIZE": -0.1,
        "TIME_COEF_IF_MOVE": 1.1,
        "WEAPON_ROOT_OFFSET": 0.35,
        "XZ_COEF": 0.1
      },
      "Boss": {
        "BOSS_DIST_TO_SHOOT": 40,
        "BOSS_DIST_TO_SHOOT_SQRT": 1600,
        "BOSS_DIST_TO_WARNING": 40,
        "BOSS_DIST_TO_WARNING_OUT": 40,
        "BOSS_DIST_TO_WARNING_OUT_SQRT": 1600,
        "BOSS_DIST_TO_WARNING_SQRT": 1600,
        "CHANCE_TO_SEND_GRENADE_100": 100,
        "CHANCE_USE_RESERVE_PATROL_100": -30,
        "COVER_TO_SEND": true,
        "DELTA_SEARCH_TIME": 18,
        "EFFECT_PAINKILLER": true,
        "EFFECT_REGENERATION_PER_MIN": 60,
        "KILLA_AFTER_GRENADE_SUPPRESS_DELAY": 2,
        "KILLA_BULLET_TO_RELOAD": 15,
        "KILLA_CLOSEATTACK_DELAY": -1,
        "KILLA_CLOSEATTACK_TIMES": 4,
        "KILLA_CLOSE_ATTACK_DIST": 8,
        "KILLA_CONTUTION_TIME": 5,
        "KILLA_DEF_DIST_SQRT": 225,
        "KILLA_DIST_TO_GO_TO_SUPPRESS": 6,
        "KILLA_DITANCE_TO_BE_ENEMY_BOSS": 45,
        "KILLA_ENEMIES_TO_ATTACK": 3,
        "KILLA_HOLD_DELAY": 5,
        "KILLA_LARGE_ATTACK_DIST": 41,
        "KILLA_MIDDLE_ATTACK_DIST": 22,
        "KILLA_ONE_IS_CLOSE": 30,
        "KILLA_SEARCH_METERS": 20,
        "KILLA_SEARCH_SEC_STOP_AFTER_COMING": 25,
        "KILLA_START_SEARCH_SEC": 40,
        "KILLA_TRIGGER_DOWN_DELAY": 1,
        "KILLA_WAIT_IN_COVER_COEF": 1,
        "KILLA_Y_DELTA_TO_BE_ENEMY_BOSS": 5,
        "KOJANIY_DIST_ENEMY_TOO_CLOSE": 17,
        "KOJANIY_DIST_TO_BE_ENEMY": 200,
        "KOJANIY_DIST_WHEN_READY": 40,
        "KOJANIY_MANY_ENEMIES_COEF": 1.5,
        "KOJANIY_MIN_DIST_TO_LOOT": 20,
        "KOJANIY_MIN_DIST_TO_LOOT_SQRT": 400,
        "MAX_DIST_COVER_BOSS": 25,
        "MAX_DIST_COVER_BOSS_SQRT": 625,
        "MAX_DIST_DECIDER_TO_SEND": 35,
        "MAX_DIST_DECIDER_TO_SEND_SQRT": 1225,
        "PERSONS_SEND": 2,
        "SHALL_WARN": false,
        "TIME_AFTER_LOSE": 15,
        "TIME_AFTER_LOSE_DELTA": 60,
        "WAIT_NO_ATTACK_SAVAGE": 1
      },
      "Change": {
        "FLASH_ACCURATY": 1.6,
        "FLASH_GAIN_SIGHT": 1.8,
        "FLASH_HEARING": 1,
        "FLASH_LAY_CHANCE": 1,
        "FLASH_PRECICING": 1.6,
        "FLASH_SCATTERING": 1.6,
        "FLASH_VISION_DIST": 0.05,
        "SMOKE_ACCURATY": 1.6,
        "SMOKE_GAIN_SIGHT": 1.6,
        "SMOKE_HEARING": 1,
        "SMOKE_LAY_CHANCE": 1.6,
        "SMOKE_PRECICING": 1.6,
        "SMOKE_SCATTERING": 1.6,
        "SMOKE_VISION_DIST": 0.6,
        "STUN_HEARING": 0.01
      },
      "Core": {
        "AccuratySpeed": 0.1,
        "AimingType": "normal",
        "CanGrenade": true,
        "CanRun": true,
        "DamageCoeff": 1,
        "GainSightCoef": 0.05,
        "HearingSense": 3.9,
        "PistolFireDistancePref": 35,
        "RifleFireDistancePref": 100,
        "ScatteringClosePerMeter": 0.12,
        "ScatteringPerMeter": 0.045,
        "ShotgunFireDistancePref": 50,
        "VisibleAngle": 160,
        "VisibleDistance": 142,
        "WaitInCoverBetweenShotsSec": 1
      },
      "Cover": {
        "CAN_END_SHOOT_FROM_COVER_CAUSE_STATIONARY": false,
        "CHANGE_RUN_TO_COVER_SEC": 5,
        "CHANGE_RUN_TO_COVER_SEC_GREANDE": 0.6,
        "CHECK_COVER_ENEMY_LOOK": false,
        "CLOSE_DIST_POINT_SQRT": 4,
        "DELTA_SEEN_FROM_COVE_LAST_POS": 5,
        "DEPENDS_Y_DIST_TO_BOT": true,
        "DIST_CANT_CHANGE_WAY": 5,
        "DIST_CANT_CHANGE_WAY_SQR": 25,
        "DIST_CHECK_SFETY": 9,
        "DOG_FIGHT_AFTER_LEAVE": 4,
        "ENEMY_DIST_TO_GO_OUT": 1,
        "GOOD_DIST_TO_POINT_COEF": 50,
        "HIDE_TO_COVER_TIME": 1.5,
        "HITS_TO_LEAVE_COVER": 1,
        "HITS_TO_LEAVE_COVER_UNKNOWN": 2,
        "LOOK_LAST_ENEMY_POS_LOOKAROUND": 45,
        "LOOK_LAST_ENEMY_POS_MOVING": 1.5,
        "LOOK_TO_HIT_POINT_IF_LAST_ENEMY": 3,
        "MAX_DIST_OF_COVER": 4,
        "MAX_DIST_OF_COVER_SQR": 16,
        "MAX_ITERATIONS": 15,
        "MAX_SPOTTED_TIME_SEC": 14,
        "MIN_DEFENCE_LEVEL": 0,
        "MIN_DIST_TO_ENEMY": 9,
        "MIN_TO_ENEMY_TO_BE_NOT_SAFE": 12,
        "MOVE_TO_COVER_WHEN_TARGET": false,
        "NOT_LOOK_AT_WALL_IS_DANGER": true,
        "OFFSET_LOOK_ALONG_WALL_ANG": 20,
        "RETURN_TO_ATTACK_AFTER_AMBUSH_MAX": 50,
        "RETURN_TO_ATTACK_AFTER_AMBUSH_MIN": 20,
        "REWORK_NOT_TO_SHOOT": false,
        "RUN_COVER_IF_CAN_AND_NO_ENEMIES": true,
        "RUN_IF_FAR": 15,
        "RUN_IF_FAR_SQRT": 225,
        "SHALL_CHANGE_COVER_IF_CAN_SHOOT": true,
        "SHOOT_NEAR_SEC_PERIOD": 1,
        "SHOOT_NEAR_TO_LEAVE": 3,
        "SOUND_TO_GET_SPOTTED": 2,
        "SPOTTED_COVERS_RADIUS": 2.5,
        "SPOTTED_GRENADE_RADIUS": 16,
        "SPOTTED_GRENADE_TIME": 15,
        "STATIONARY_CAN_USE": false,
        "STAY_IF_FAR": 25,
        "STAY_IF_FAR_SQRT": 625,
        "TIME_CHECK_SAFE": 2,
        "TIME_TO_MOVE_TO_COVER": 15,
        "WAIT_INT_COVER_FINDING_ENEMY": 2
      },
      "Grenade": {
        "ADD_GRENADE_AS_DANGER": 65,
        "ADD_GRENADE_AS_DANGER_SQR": 4225,
        "AMBUSH_IF_SMOKE_IN_ZONE_100": 40,
        "AMBUSH_IF_SMOKE_RETURN_TO_ATTACK_SEC": 30,
        "ANG_TYPE": 1,
        "BEWARE_TYPE": 2,
        "BE_ATTENTION_COEF": 4,
        "CAN_THROW_STRAIGHT_CONTACT": true,
        "CHANCE_RUN_FLASHED_100": 100,
        "CHANCE_TO_NOTIFY_ENEMY_GR_100": 100,
        "CHEAT_START_GRENADE_PLACE": true,
        "CLOSE_TO_SMOKE_TIME_DELTA": 5,
        "CLOSE_TO_SMOKE_TO_SHOOT": 10,
        "CLOSE_TO_SMOKE_TO_SHOOT_SQRT": 100,
        "DAMAGE_GRENADE_SUPPRESS_DELTA": 8,
        "DELTA_GRENADE_START_TIME": 0.01,
        "DELTA_NEXT_ATTEMPT": 10,
        "DELTA_NEXT_ATTEMPT_FROM_COVER": 5,
        "FIRST_TIME_SEEN_DELTA_CAN_THROW": 15,
        "FLASH_GRENADE_TIME_COEF": 0.1,
        "GrenadePerMeter": 0.1,
        "GrenadePrecision": 0.05,
        "MAX_FLASHED_DIST_TO_SHOOT": 10,
        "MAX_FLASHED_DIST_TO_SHOOT_SQRT": 100,
        "MAX_THROW_POWER": 25,
        "MIN_DIST_NOT_TO_THROW": 15,
        "MIN_DIST_NOT_TO_THROW_SQR": 64,
        "MIN_THROW_DIST_PERCENT_0_1": 0.7,
        "MIN_THROW_GRENADE_DIST": 12,
        "MIN_THROW_GRENADE_DIST_SQRT": 144,
        "NEAR_DELTA_THROW_TIME_SEC": 2,
        "NO_RUN_FROM_AI_GRENADES": true,
        "REQUEST_DIST_MUST_THROW": 2,
        "REQUEST_DIST_MUST_THROW_SQRT": 4,
        "RUN_AWAY": 22,
        "RUN_AWAY_SQR": 484,
        "SHOOT_TO_SMOKE_CHANCE_100": 50,
        "SIZE_SPOTTED_COEF": 2,
        "SMOKE_CHECK_DELTA": 1,
        "SMOKE_SUPPRESS_DELTA": 20,
        "STOP_WHEN_THROW_GRENADE": true,
        "STRAIGHT_CONTACT_DELTA_SEC": 3,
        "STUN_SUPPRESS_DELTA": 9,
        "TIME_SHOOT_TO_FLASH": 4,
        "WAIT_TIME_TURN_AWAY": 1.2
      },
      "Hearing": {
        "BOT_CLOSE_PANIC_DIST": 1,
        "CHANCE_TO_HEAR_SIMPLE_SOUND_0_1": 0.98,
        "CLOSE_DIST": 36,
        "DEAD_BODY_SOUND_RAD": 30,
        "DISPERSION_COEF": 10,
        "DIST_PLACE_TO_FIND_POINT": 70,
        "FAR_DIST": 66,
        "HEAR_DELAY_WHEN_HAVE_SMT": 0,
        "HEAR_DELAY_WHEN_PEACE": 0,
        "LOOK_ONLY_DANGER": false,
        "LOOK_ONLY_DANGER_DELTA": 9,
        "RESET_TIMER_DIST": 17,
        "SOUND_DIR_DEEFREE": 30
      },
      "Lay": {
        "ATTACK_LAY_CHANCE": 25,
        "CHECK_SHOOT_WHEN_LAYING": false,
        "CLEAR_POINTS_OF_SCARE_SEC": 20,
        "DAMAGE_TIME_TO_GETUP": 3,
        "DELTA_AFTER_GETUP": 10,
        "DELTA_GETUP": 2.7,
        "DELTA_LAY_CHECK": 2,
        "DELTA_WANT_LAY_CHECL_SEC": 5,
        "DIST_ENEMY_CAN_LAY": 15,
        "DIST_ENEMY_CAN_LAY_SQRT": 225,
        "DIST_ENEMY_GETUP_LAY": 10,
        "DIST_ENEMY_GETUP_LAY_SQRT": 100,
        "DIST_ENEMY_NULL_DANGER_LAY": 15,
        "DIST_ENEMY_NULL_DANGER_LAY_SQRT": 225,
        "DIST_GRASS_TERRAIN_SQRT": 0.160000011,
        "DIST_TO_COVER_TO_LAY": 3.5,
        "DIST_TO_COVER_TO_LAY_SQRT": 12.25,
        "LAY_AIM": 0.6,
        "LAY_CHANCE_DANGER": 40,
        "MAX_CAN_LAY_DIST": 200,
        "MAX_CAN_LAY_DIST_SQRT": 40000,
        "MAX_LAY_TIME": 35,
        "MIN_CAN_LAY_DIST": 11,
        "MIN_CAN_LAY_DIST_SQRT": 121
      },
      "Look": {
        "BODY_DELTA_TIME_SEARCH_SEC": 1.7,
        "CAN_LOOK_TO_WALL": true,
        "COME_TO_BODY_DIST": 1.2,
        "CloseDeltaTimeSec": 0.1,
        "DIST_CHECK_WALL": 20,
        "DIST_NOT_TO_IGNORE_WALL": 15,
        "ENEMY_LIGHT_ADD": 48,
        "ENEMY_LIGHT_START_DIST": 90,
        "FAR_DISTANCE": 160,
        "FarDeltaTimeSec": 3,
        "GOAL_TO_FULL_DISSAPEAR": 1.1,
        "GOAL_TO_FULL_DISSAPEAR_SHOOT": 0.03,
        "LOOK_AROUND_DELTA": 1.1,
        "LOOK_LAST_POSENEMY_IF_NO_DANGER_SEC": 25,
        "LOOK_THROUGH_GRASS": false,
        "LightOnVisionDistance": 40,
        "MARKSMAN_VISIBLE_DIST_COEF": 1.15,
        "MAX_VISION_GRASS_METERS": 0.8,
        "MAX_VISION_GRASS_METERS_FLARE": 8,
        "MAX_VISION_GRASS_METERS_FLARE_OPT": 0.125,
        "MAX_VISION_GRASS_METERS_OPT": 0.9090909,
        "MIDDLE_DIST": 90,
        "MIN_LOOK_AROUD_TIME": 20,
        "MiddleDeltaTimeSec": 1,
        "OLD_TIME_POINT": 11,
        "OPTIMIZE_TO_ONLY_BODY": true,
        "POSIBLE_VISION_SPACE": 1.2,
        "VISIBLE_DISNACE_WITH_LIGHT": 100,
        "WAIT_NEW_SENSOR": 2.1,
        "WAIT_NEW__LOOK_SENSOR": 7.8
      },
      "Mind": {
        "AI_POWER_COEF": 120,
        "AMBUSH_WHEN_UNDER_FIRE": true,
        "AMBUSH_WHEN_UNDER_FIRE_TIME_RESIST": 60,
        "ATTACK_ENEMY_IF_PROTECT_DELTA_LAST_TIME_SEEN": 1.5,
        "ATTACK_IMMEDIATLY_CHANCE_0_100": 40,
        "BULLET_FEEL_CLOSE_SDIST": 1,
        "BULLET_FEEL_DIST": 160,
        "CAN_PANIC_IS_PROTECT": false,
        "CAN_RECEIVE_PLAYER_REQUESTS_BEAR": false,
        "CAN_RECEIVE_PLAYER_REQUESTS_SAVAGE": false,
        "CAN_RECEIVE_PLAYER_REQUESTS_USEC": false,
        "CAN_STAND_BY": true,
        "CAN_TAKE_ITEMS": false,
        "CAN_THROW_REQUESTS": true,
        "CAN_USE_LONG_COVER_POINTS": false,
        "CAN_USE_MEDS": true,
        "CHANCE_FUCK_YOU_ON_CONTACT_100": 0.01,
        "CHANCE_SHOOT_WHEN_WARN_PLAYER_100": 25,
        "CHANCE_TO_RUN_CAUSE_DAMAGE_0_100": 35,
        "CHANCE_TO_STAY_WHEN_WARN_PLAYER_100": 80,
        "COVER_DIST_COEF": 1.5,
        "COVER_SECONDS_AFTER_LOSE_VISION": 10,
        "COVER_SELF_ALWAYS_IF_DAMAGED": false,
        "DAMAGE_REDUCTION_TIME_SEC": 30,
        "DANGER_POINT_CHOOSE_COEF": 1,
        "DEFAULT_BEAR_BEHAVIOUR": "Attack",
        "DEFAULT_SAVAGE_BEHAVIOUR": "Warn",
        "DEFAULT_USEC_BEHAVIOUR": "Attack",
        "DIST_TO_ENEMY_YO_CAN_HEAL": 130,
        "DIST_TO_FOUND_SQRT": 400,
        "DIST_TO_STOP_RUN_ENEMY": 15,
        "DOG_FIGHT_IN": 3,
        "DOG_FIGHT_OUT": 6,
        "ENEMY_BOT_TYPES": [],
        "ENEMY_LOOK_AT_ME_ANG": 15,
        "FIND_COVER_TO_GET_POSITION_WITH_SHOOT": 2,
        "FRIENDLY_BOT_TYPES": [],
        "FRIEND_AGR_KILL": 0.2,
        "FRIEND_DEAD_AGR_LOW": -0.2,
        "GROUP_ANY_PHRASE_DELAY": 5,
        "GROUP_EXACTLY_PHRASE_DELAY": 30,
        "HEAL_DELAY_SEC": 5,
        "HIT_DELAY_WHEN_HAVE_SMT": -1,
        "HIT_DELAY_WHEN_PEACE": -1,
        "HIT_POINT_DETECTION": 4,
        "HOLD_IF_PROTECT_DELTA_LAST_TIME_SEEN": 8.5,
        "HOW_WORK_OVER_DEAD_BODY": 1,
        "LASTSEEN_POINT_CHOOSE_COEF": 0.2,
        "LAST_ENEMY_LOOK_TO": 40,
        "MAX_AGGRO_BOT_DIST": 200,
        "MAX_AGGRO_BOT_DIST_SQR": 10000,
        "MAX_SHOOTS_TIME": 4,
        "MAX_START_AGGRESION_COEF": 3,
        "MEDS_ONLY_SAFE_CONTAINER": false,
        "MIN_DAMAGE_SCARE": 20,
        "MIN_SHOOTS_TIME": 2,
        "MIN_START_AGGRESION_COEF": 1,
        "NO_RUN_AWAY_FOR_SAFE": false,
        "PART_PERCENT_TO_HEAL": 0.85,
        "PISTOL_SHOTGUN_AMBUSH_DIST": 30,
        "PROTECT_DELTA_HEAL_SEC": 10,
        "PROTECT_TIME_REAL": true,
        "SEC_TO_MORE_DIST_TO_RUN": 10,
        "SHOOT_INSTEAD_DOG_FIGHT": 9,
        "SIMPLE_POINT_CHOOSE_COEF": 0.4,
        "STANDART_AMBUSH_DIST": 100,
        "SUSPETION_POINT_CHANCE_ADD100": 0,
        "TALK_WITH_QUERY": true,
        "TIME_TO_FIND_ENEMY": 22,
        "TIME_TO_FORGOR_ABOUT_ENEMY_SEC": 52,
        "TIME_TO_RUN_TO_COVER_CAUSE_SHOOT_SEC": 15,
        "WARN_BOT_TYPES": [
          "assault"
        ]
      },
      "Move": {
        "BASESTART_SLOW_DIST": 1.1,
        "BASE_ROTATE_SPEED": 270,
        "BASE_SQRT_START_SERACH": 1225,
        "BASE_START_SERACH": 35,
        "CHANCE_TO_RUN_IF_NO_AMMO_0_100": 100,
        "DELTA_LAST_SEEN_ENEMY": 20,
        "DIST_TO_CAN_CHANGE_WAY": 8,
        "DIST_TO_CAN_CHANGE_WAY_SQR": 64,
        "DIST_TO_START_RAYCAST": 15,
        "DIST_TO_START_RAYCAST_SQR": 225,
        "ETERNITY_STAMINA": true,
        "FAR_DIST": 4,
        "FAR_DIST_SQR": 16,
        "REACH_DIST": 0.5,
        "REACH_DIST_COVER": 2,
        "REACH_DIST_RUN": 1,
        "RUN_IF_CANT_SHOOT": true,
        "RUN_IF_GAOL_FAR_THEN": 10,
        "RUN_TO_COVER_MIN": 2,
        "SEC_TO_CHANGE_TO_RUN": 3,
        "SLOW_COEF": 7,
        "START_SLOW_DIST": 1.5,
        "UPDATE_TIME_RECAL_WAY": 7,
        "Y_APPROXIMATION": 0.7
      },
      "Patrol": {
        "CAN_CHECK_MAGAZINE": false,
        "CAN_CHOOSE_RESERV": true,
        "CAN_WATCH_SECOND_WEAPON": true,
        "CHANCE_TO_CHANGE_WAY_0_100": 30,
        "CHANCE_TO_CUT_WAY_0_100": 75,
        "CHANCE_TO_PLAY_GESTURE_WHEN_CLOSE": -1,
        "CHANCE_TO_SHOOT_DEADBODY": 52,
        "CHANGE_WAY_TIME": 325.1,
        "CLOSE_TO_SELECT_RESERV_WAY": 25,
        "CUT_WAY_MAX_0_1": 0.65,
        "CUT_WAY_MIN_0_1": 0.4,
        "FOLLOWER_START_MOVE_DELAY": 0.8,
        "FRIEND_SEARCH_SEC": 12,
        "GO_TO_NEXT_POINT_DELTA_RESERV_WAY": 25,
        "LOOK_TIME_BASE": 12,
        "MAX_YDIST_TO_START_WARN_REQUEST_TO_REQUESTER": 5,
        "MIN_DIST_TO_CLOSE_TALK": 5,
        "MIN_DIST_TO_CLOSE_TALK_SQR": 25,
        "MIN_TALK_DELAY": 35,
        "RESERVE_OUT_TIME": 60,
        "RESERVE_TIME_STAY": 72,
        "SUSPETION_PLACE_LIFETIME": 7,
        "TALK_DELAY": 31.1,
        "TALK_DELAY_BIG": 45.1,
        "TRY_CHOOSE_RESERV_WAY_ON_START": true,
        "VISION_DIST_COEF_PEACE": 0.95
      },
      "Scattering": {
        "AMPLITUDE_FACTOR": 0.25,
        "AMPLITUDE_SPEED": 0.1,
        "BloodFall": 1.45,
        "Caution": 0.3,
        "DIST_FROM_OLD_POINT_TO_NOT_AIM": 15,
        "DIST_FROM_OLD_POINT_TO_NOT_AIM_SQRT": 225,
        "DIST_NOT_TO_SHOOT": 0.3,
        "FromShot": 0.001,
        "HandDamageAccuracySpeed": 1.3,
        "HandDamageScatteringMinMax": 0.7,
        "LayFactor": 0.1,
        "MaxScatter": 0.4,
        "MinScatter": 0.03,
        "MovingSlowCoef": 1.5,
        "PoseChnageCoef": 0.1,
        "RecoilControlCoefShootDone": 0.0003,
        "RecoilControlCoefShootDoneAuto": 0.00015,
        "RecoilYCoef": 0.0005,
        "RecoilYCoefSppedDown": -0.52,
        "RecoilYMax": 1,
        "SpeedDown": -0.3,
        "SpeedUp": 0.3,
        "SpeedUpAim": 1.4,
        "ToCaution": 0.6,
        "ToLowBotAngularSpeed": 80,
        "ToLowBotSpeed": 2.4,
        "ToSlowBotSpeed": 1.5,
        "ToStopBotAngularSpeed": 40,
        "ToUpBotSpeed": 3.6,
        "TracerCoef": 1.3,
        "WorkingScatter": 0.15
      },
      "Shoot": {
        "AUTOMATIC_FIRE_SCATTERING_COEF": 1.5,
        "BASE_AUTOMATIC_TIME": 0.3,
        "CAN_SHOOTS_TIME_TO_AMBUSH": 993,
        "CHANCE_TO_CHANGE_TO_AUTOMATIC_FIRE_100": 100,
        "CHANCE_TO_CHANGE_WEAPON": -60,
        "CHANCE_TO_CHANGE_WEAPON_WITH_HELMET": -60,
        "DELAY_BEFORE_EXAMINE_MALFUNCTION": 0.5,
        "DELAY_BEFORE_FIX_MALFUNCTION": 0.5,
        "FAR_DIST_ENEMY": 20,
        "FAR_DIST_ENEMY_SQR": 400,
        "FAR_DIST_TO_CHANGE_WEAPON": 30,
        "FINGER_HOLD_SINGLE_SHOT": 0.14,
        "HORIZONT_RECOIL_COEF": 0.04,
        "LOW_DIST_TO_CHANGE_WEAPON": 5,
        "MARKSMAN_DIST_SEK_COEF": 44,
        "MAX_DIST_COEF": 1.35,
        "MAX_RECOIL_PER_METER": 0.04,
        "NOT_TO_SEE_ENEMY_TO_WANT_RELOAD_PERCENT": 0.5,
        "NOT_TO_SEE_ENEMY_TO_WANT_RELOAD_SEC": 2,
        "RECOIL_DELTA_PRESS": 0.15,
        "RECOIL_PER_METER": 0.02,
        "RECOIL_TIME_NORMALIZE": 1,
        "RELOAD_PECNET_NO_ENEMY": 0.6,
        "REPAIR_MALFUNCTION_IMMEDIATE_CHANCE": 25,
        "RUN_DIST_NO_AMMO": 25,
        "RUN_DIST_NO_AMMO_SQRT": 625,
        "SHOOT_FROM_COVER": 4,
        "SUPPRESS_BY_SHOOT_TIME": 6,
        "SUPPRESS_TRIGGERS_DOWN": 3,
        "VALIDATE_MALFUNCTION_CHANCE": 100,
        "WAIT_NEXT_SINGLE_SHOT": 0.2,
        "WAIT_NEXT_SINGLE_SHOT_LONG_MAX": 3.3,
        "WAIT_NEXT_SINGLE_SHOT_LONG_MIN": 0.4
      }
    }
  },
  "experience": {
    "aggressorBonus": 0.02,
    "level": {
      "max": 1,
      "min": 0
    },
    "reward": {
      "max": 350,
      "min": 350
    },
    "standingForKill": -0.05
  },
  "firstName": [
    "Лор",
    "Лаборант",
    "Пилюля",
    "Дерматолог",
    "Стоматолог",
    "Заведующий",
    "Анестезиолог",
    "Хирург",
    "Медсестра",
    "Медбрат",
    "Проктолог",
    "Гомеопат",
    "Физиолог",
    "Жгут",
    "Терапевт",
    "Травматолог",
    "Шприц",
    "Кардиолог",
    "Невролог",
    "Психиатр",
    "Главврач",
    "Иммунолог",
    "Труповоз",
    "Уролог",
    "Фармацевт",
    "Фельдшер",
    "Ревматолог",
    "Окулист",
    "Акушер",
    "Венеролог",
    "Парацетамол"
  ],
  "generation": {
    "items": {
      "backpackLoot": {
        "weights": {
          "0": 1,
          "1": 1,
          "2": 2,
          "3": 1,
          "4": 1,
          "5": 1,
          "6": 1,
          "7": 0
        },
        "whitelist": []
      },
      "drugs": {
        "weights": {
          "0": 1,
          "1": 2,
          "2": 2
        },
        "whitelist": []
      },
      "grenades": {
        "weights": {
          "0": 1,
          "1": 2,
          "2": 1,
          "3": 1,
          "4": 0,
          "5": 0
        },
        "whitelist": []
      },
      "healing": {
        "weights": {
          "0": 1,
          "1": 2,
          "2": 2
        },
        "whitelist": []
      },
      "magazines": {
        "weights": {
          "0": 0,
          "1": 0,
          "2": 1,
          "3": 3,
          "4": 1
        },
        "whitelist": []
      },
      "pocketLoot": {
        "weights": {
          "0": 1,
          "1": 6,
          "2": 3,
          "3": 1,
          "4": 1
        },
        "whitelist": []
      },
      "specialItems": {
        "weights": {
          "0": 1,
          "1": 0
        },
        "whitelist": []
      },
      "stims": {
        "weights": {
          "0": 1,
          "1": 2,
          "2": 1
        },
        "whitelist": []
      },
      "vestLoot": {
        "weights": {
          "0": 1,
          "1": 1,
          "2": 2,
          "3": 1,
          "4": 0,
          "5": 0,
          "6": 0
        },
        "whitelist": []
      }
    }
  },
  "health": {
    "BodyParts": [
      {
        "Chest": {
          "max": 200,
          "min": 200
        },
        "Head": {
          "max": 55,
          "min": 55
        },
        "LeftArm": {
          "max": 140,
          "min": 140
        },
        "LeftLeg": {
          "max": 170,
          "min": 170
        },
        "RightArm": {
          "max": 140,
          "min": 140
        },
        "RightLeg": {
          "max": 170,
          "min": 170
        },
        "Stomach": {
          "max": 180,
          "min": 180
        }
      }
    ],
    "Energy": {
      "max": 100,
      "min": 100
    },
    "Hydration": {
      "max": 100,
      "min": 100
    },
    "Temperature": {
      "max": 40,
      "min": 36
    }
  },
  "inventory": {
    "Ammo": {
      "Caliber12g": {
        "5d6e68a8a4b9360b6c0d54e2": 19,
        "5d6e68d1a4b93622fe60e845": 298
      },
      "Caliber545x39": {
        "56dff061d2720bb5668b4567": 52,
        "5c0d5e4486f77478390952fe": 5
      },
      "Caliber762x39": {
        "59e0d99486f7744a32234762": 41,
        "59e4cf5286f7741778269d8a": 587,
        "59e4d3d286f774176a36250a": 185,
        "64b7af434b75259c590fa893": 92,
        "64b7af5a8532cf95ee0a0dbd": 354
      },
      "Caliber762x51": {
        "5a608bf24f39f98ffc77720e": 22,
        "5e023e88277cce2b522ff2b1": 278,
        "5efb0c1bd79ff02a1f5e68d9": 3
      }
    },
    "equipment": {
      "ArmBand": {},
      "ArmorVest": {
        "545cdb794bdc2d3a198b456a": 32,
        "5ab8e79e86f7742d8b372e78": 493,
        "5b44d22286f774172b0c9de8": 445,
        "5ca2151486f774244a3b8d30": 119,
        "5e9dacf986f774054d6b89f4": 299,
        "5f5f41476bdad616ad46d631": 1031,
        "6038b4b292ec1c3103795a0b": 35,
        "6038b4ca92ec1c3103795a0d": 33
      },
      "Backpack": {
        "56e33634d2720bd8058b456b": 566,
        "5ab8ebf186f7742d8b372e80": 662,
        "5b44c6ae86f7742d1627baea": 641,
        "5ca20d5986f774331e7c9602": 594,
        "5e4abc6786f77406812bd572": 593,
        "6034d103ca006d2dca39b3f0": 70
      },
      "Earpiece": {},
      "Eyewear": {
        "59e770b986f7742cbd762754": 1
      },
      "FaceCover": {
        "5b432f3d5acfc4704b4a1dfb": 2689,
        "5e54f79686f7744022011103": 37,
        "5fd8d28367cb5e077335170f": 115
      },
      "FirstPrimaryWeapon": {
        "576165642459773c7a400233": 634,
        "5839a40f24597726f856b511": 627,
        "59d6088586f774275f37482f": 648,
        "59e6152586f77473dc057aa1": 611,
        "5c501a4d2e221602b412b540": 606
      },
      "Headwear": {
        "5aa2b89be5b5b0001569311f": 501,
        "5aa2b9ede5b5b000137b758b": 159,
        "5aa7d193e5b5b000171d063f": 582,
        "5aa7e276e5b5b000171d0647": 126,
        "5aa7e454e5b5b0214e506fa2": 805,
        "5aa7e4a4e5b5b000137b76f2": 758,
        "5b40e4035acfc47a87740943": 123,
        "5d6d3716a4b9361bc8618872": 61
      },
      "Holster": {},
      "Pockets": {
        "557ffd194bdc2d28148b457f": 1
      },
      "Scabbard": {},
      "SecondPrimaryWeapon": {},
      "SecuredContainer": {
        "5c0a794586f77461c458f892": 1
      },
      "TacticalVest": {
        "59e7643b86f7742cbf2c109a": 1008,
        "5ca20abf86f77418567a43f2": 944,
        "5e4abfed86f77406a2713cf7": 941,
        "5fd4c60f875c30179f5d04c2": 233
      }
    },
    "items": {
      "Backpack": [
        "5d02778e86f774203e7dedbe",
        "5ed515c8d380ab312177c0fa",
        "5ed5166ad380ab312177c100",
        "544fb37f4bdc2dee738b4567",
        "60098af40accd37ef2175f27",
        "5ed515ece452db0eb56fc028",
        "57513fcc24597720a31c09a6",
        "5ed51652f6c34d2cc26336a1",
        "544fb25a4bdc2dfb738b4567",
        "5ed515f6915ec335206e4152",
        "5755356824597772cb798962",
        "5751a25924597722c463c472",
        "5ed5160a87bb8443d10680b5",
        "5af0548586f7743a532b7e99",
        "575146b724597720a27126d5",
        "544fb3f34bdc2d03748b456a",
        "5d02797c86f774203f38e30a",
        "544fb3364bdc2d34748b456a",
        "637b60c3b7afa97bfc3d7001",
        "544fb45d4bdc2dee738b4568",
        "57513f9324597720a7128161",
        "637b6179104668754b72f8f5",
        "5c0e531d86f7747fa23f4d42",
        "5ed515e03a40a50460332579",
        "5f745ee30acaeb0d490d8c5b",
        "5af0454c86f7746bf20992e8",
        "637b620db7afa97bfc3d7009",
        "573474f924597738002c6174",
        "590c2d8786f774245b1f03f3",
        "590c661e86f7741e566b646a",
        "5fca13ca637ee0341a484f46",
        "5e831507ea0a7c419c2f9bd9",
        "59e3658a86f7741776641ac4",
        "5c0fa877d174af02a012e1cf",
        "5c0e534186f7747fa1419867",
        "5c0e530286f7747fa1419862",
        "5c0e533786f7747fa23f4d47",
        "5751496424597720a27126da",
        "60098ad7c2240c0fe85c570a",
        "5c1267ee86f77416ec610f72",
        "5e2af37686f774755a234b65",
        "5bc9bdb8d4351e003562b8a1",
        "57347b8b24597737dd42e192",
        "637b6251104668754b72f8f9",
        "62a09cfe4f842e1bd12da3e4",
        "573478bc24597738002c6175",
        "544fb62a4bdc2dfb738b4568",
        "5d4042a986f7743185265463",
        "5d235b4d86f7742e017bc88a",
        "59faff1d86f7746c51718c9c",
        "590c695186f7741e566b64a2",
        "590c678286f77426c9660122",
        "590c657e86f77412b013051d",
        "590c2c9c86f774245b1f03f2",
        "5fca138c2a7b221b2852a5c6",
        "5c0e531286f7747fa54205c2",
        "5755383e24597772cb798966",
        "56742c2e4bdc2d95058b456d",
        "59fafb5d86f774067a6f2084",
        "60391b0fb847c71012789415",
        "5e8488fa988a8701445df1e4",
        "57514643245977207f2c2d09",
        "590c2b4386f77425357b6123",
        "5bc9c377d4351e3bac12251b",
        "637b612fb7afa97bfc3d7005",
        "590c311186f77424d1667482",
        "5751a89d24597722aa0e8db0",
        "62a09f32621468534a797acb",
        "5e8f3423fd7471236e6e3b64",
        "590de71386f774347051a052",
        "61bf83814088ec1a363d7097",
        "57513f07245977207e26a311",
        "5734758f24597738025ee253",
        "5751435d24597720a27126d1",
        "5c10c8fd86f7743d7d706df3",
        "60b0f93284c20f0feb453da7",
        "56742c284bdc2d98058b456d",
        "619cbfeb6b8a1b37a54eebfa",
        "5bc9bc53d4351e00367fbcee",
        "5d1b31ce86f7742523398394",
        "575062b524597720a31c09a1",
        "5d403f9186f7743cac3f229b",
        "59e3639286f7741777737013",
        "63a0b208f444d32d6f03ea1e",
        "5448fee04bdc2dbc018b4567",
        "5e2af2bc86f7746d3f3c33fc",
        "60098b1705871270cd5352a1",
        "5d1b36a186f7742523398433",
        "59faf7ca86f7740dbe19f6c2",
        "5b43575a86f77424f443fe62",
        "5d235a5986f77443f6329bc6",
        "62a0a098de7ac8199358053b",
        "62a091170b9d3c46de5b6cf2",
        "5d40407c86f774318526545a",
        "590a373286f774287540368b",
        "62a0a0bb621468534a797ad5",
        "60391a8b3364dc22b04d0ce5",
        "590c2e1186f77425357b6124",
        "5d40419286f774318526545f",
        "619cbfccbedcde2f5b3f7bdd",
        "5e54f62086f774219b0f1937",
        "60391afc25aff57af81f7085",
        "590c5c9f86f77477c91c36e7",
        "5d1b317c86f7742523398392",
        "5d63d33b86f7746ea9275524",
        "5d1b371186f774253763a656",
        "590de7e986f7741b096e5f32",
        "590c5bbd86f774785762df04",
        "5af04b6486f774195a3ebb49",
        "59e3647686f774176a362507",
        "5d40425986f7743185265461",
        "5bc9b355d4351e6d1509862a",
        "5d1b376e86f774252519444e"
      ],
      "Pockets": [
        "5710c24ad2720bc3458b45a3",
        "5448be9a4bdc2dfd2f8b456a",
        "5c503ad32e2216398b5aada2"
      ],
      "SecuredContainer": [
        "5e99711486f7744bfc4af328",
        "5e99735686f7744bfc4af32c",
        "59e0d99486f7744a32234762",
        "5c0d5e4486f77478390952fe",
        "59e4cf5286f7741778269d8a",
        "5d6e68d1a4b93622fe60e845",
        "5a608bf24f39f98ffc77720e",
        "56dff061d2720bb5668b4567",
        "59e4d3d286f774176a36250a",
        "5e023e88277cce2b522ff2b1",
        "5d6e68a8a4b9360b6c0d54e2",
        "5efb0c1bd79ff02a1f5e68d9",
        "64b7af5a8532cf95ee0a0dbd",
        "64b7af434b75259c590fa893"
      ],
      "SpecialLoot": [],
      "TacticalVest": [
        "59d625f086f774661516605d",
        "590c678286f77426c9660122",
        "5c10c8fd86f7743d7d706df3",
        "544fb3f34bdc2d03748b456a",
        "55d482194bdc2d1d4e8b456b",
        "5a01c29586f77474660c694c",
        "5c0e531d86f7747fa23f4d42",
        "57616a9e2459773c7a400234",
        "5c0e531286f7747fa54205c2",
        "5ed515c8d380ab312177c0fa",
        "5c0e533786f7747fa23f4d47",
        "637b620db7afa97bfc3d7009",
        "637b6179104668754b72f8f5",
        "637b60c3b7afa97bfc3d7001",
        "5c0e530286f7747fa1419862",
        "5ed5160a87bb8443d10680b5",
        "5c0e534186f7747fa1419867",
        "637b612fb7afa97bfc3d7005",
        "5ed515ece452db0eb56fc028",
        "5fca138c2a7b221b2852a5c6",
        "5ed51652f6c34d2cc26336a1",
        "5fca13ca637ee0341a484f46",
        "5ed515f6915ec335206e4152",
        "5ed515e03a40a50460332579",
        "637b6251104668754b72f8f9",
        "5ed5166ad380ab312177c100"
      ]
    },
    "mods": {
      "576165642459773c7a400233": {
        "mod_handguard": [
          "576169e62459773c69055191",
          "5827272a24597748c74bdeea"
        ],
        "mod_magazine": [
          "5cf8f3b0d7f00c00217872ef"
        ],
        "mod_mount_000": [
          "5947db3f86f77447880cf76f"
        ],
        "mod_muzzle": [
          "576167ab2459773cad038c43"
        ],
        "mod_pistol_grip": [
          "5649ade84bdc2d1b2b8b4587"
        ],
        "mod_reciever": [
          "57616c112459773cce774d66"
        ],
        "mod_sight_rear": [
          "57a9b9ce2459770ee926038d"
        ],
        "mod_stock": [
          "57616ca52459773c69055192"
        ]
      },
      "57ffa9f4245977728561e844": {
        "mod_tactical_000": [
          "560d657b4bdc2da74d8b4572"
        ]
      },
      "5827272a24597748c74bdeea": {
        "mod_foregrip": [
          "5cf4fb76d7f00c065703d3ac"
        ],
        "mod_tactical_002": [
          "5a5f1ce64f39f90b401987bc"
        ]
      },
      "5839a40f24597726f856b511": {
        "mod_gas_block": [
          "59d36a0086f7747e673f3946"
        ],
        "mod_magazine": [
          "55d482194bdc2d1d4e8b456b"
        ],
        "mod_mount_000": [
          "5947db3f86f77447880cf76f"
        ],
        "mod_muzzle": [
          "57ffb0e42459777d047111c5"
        ],
        "mod_pistol_grip": [
          "5649ad3f4bdc2df8348b4585"
        ],
        "mod_reciever": [
          "5839a7742459773cf9693481"
        ],
        "mod_stock": [
          "57dc347d245977596754e7a1"
        ]
      },
      "5947db3f86f77447880cf76f": {
        "mod_tactical": [
          "591c4e1186f77410354b316e"
        ]
      },
      "59d36a0086f7747e673f3946": {
        "mod_handguard": [
          "57ffa9f4245977728561e844"
        ]
      },
      "59d6088586f774275f37482f": {
        "mod_gas_block": [
          "59d64ec286f774171d1e0a42"
        ],
        "mod_magazine": [
          "5a01c29586f77474660c694c"
        ],
        "mod_muzzle": [
          "59d64fc686f774171b243fe2"
        ],
        "mod_pistol_grip": [
          "59e62cc886f77440d40b52a1"
        ],
        "mod_reciever": [
          "59d6507c86f7741b846413a2"
        ],
        "mod_sight_rear": [
          "59d650cf86f7741b846413a4"
        ],
        "mod_stock": [
          "59d6514b86f774171a068a08"
        ]
      },
      "59d64ec286f774171d1e0a42": {
        "mod_handguard": [
          "5648b4534bdc2d3d1c8b4580",
          "5c617a5f2e2216000f1e81b3"
        ]
      },
      "59e6152586f77473dc057aa1": {
        "mod_gas_block": [
          "59d64ec286f774171d1e0a42"
        ],
        "mod_magazine": [
          "59d625f086f774661516605d"
        ],
        "mod_muzzle": [
          "59e61eb386f77440d64f5daf"
        ],
        "mod_pistol_grip": [
          "59e6318286f77444dd62c4cc"
        ],
        "mod_reciever": [
          "59e6449086f7746c9f75e822"
        ],
        "mod_sight_rear": [
          "59d650cf86f7741b846413a4"
        ],
        "mod_stock": [
          "59e6227d86f77440d64f5dc2"
        ]
      },
      "5aa7e276e5b5b000171d0647": {
        "mod_equipment": [
          "5aa7e373e5b5b000137b76f0"
        ]
      },
      "5aa7e454e5b5b0214e506fa2": {
        "mod_equipment": [
          "5aa7e3abe5b5b000171d064d"
        ]
      },
      "5aa7e4a4e5b5b000137b76f2": {
        "mod_equipment": [
          "5aa7e3abe5b5b000171d064d"
        ]
      },
      "5c501a4d2e221602b412b540": {
        "mod_gas_block": [
          "5c5039be2e221602b177c9ff"
        ],
        "mod_magazine": [
          "5c503ad32e2216398b5aada2"
        ],
        "mod_mount": [
          "5cf638cbd7f00c06595bc936"
        ],
        "mod_reciever": [
          "5c503d0a2e221602b542b7ef"
        ],
        "mod_sight_rear": [
          "5c503b1c2e221602b21d6e9d"
        ],
        "mod_stock": [
          "5c503af12e221602b177ca02"
        ]
      },
      "5c617a5f2e2216000f1e81b3": {
        "mod_foregrip": [
          "5c1bc7752e221602b1779b34"
        ],
        "mod_tactical": [
          "5b07dd285acfc4001754240d"
        ]
      },
      "5cf638cbd7f00c06595bc936": {
        "mod_tactical": [
          "5cf639aad7f00c065703d455"
        ]
      },
      "5d6d3716a4b9361bc8618872": {
        "mod_equipment_000": [
          "5d6d3829a4b9361bc8618943"
        ]
      }
    }
  },
  "lastName": [],
  "skills": {
    "Common": {
      "Endurance": {
        "max": 5100,
        "min": 5100
      },
      "Health": {
        "max": 5100,
        "min": 5100
      },
      "MagDrills": {
        "max": 5100,
        "min": 5100
      },
      "Strength": {
        "max": 5100,
        "min": 5100
      },
      "StressResistance": {
        "max": 5100,
        "min": 5100
      },
      "Vitality": {
        "max": 5100,
        "min": 5100
      }
    }
  }
}
