{
  "items": [
    {
      "_id": "6507ff1e644a656aee0f722f",
      "_tpl": "5645bcc04bdc2d363b8b4572",
      "parentId": "hideout",
      "slotId": "hideout",
      "upd": {
        "StackObjectsCount": 57522,
        "BuyRestrictionMax": 8,
        "BuyRestrictionCurrent": 0
      }
    },
    {
      "_id": "6507ff1e644a656aee0f7235",
      "_tpl": "5645bc214bdc2d363b8b4571",
      "parentId": "hideout",
      "slotId": "hideout",
      "upd": {
        "StackObjectsCount": 32959
      }
    },
    {
      "_id": "6507ff1e644a656aee0f7237",
      "_tpl": "544a5caa4bdc2d1a388b4568",
      "parentId": "hideout",
      "slotId": "hideout",
      "upd": {
        "StackObjectsCount": 4985,
        "BuyRestrictionMax": 2,
        "BuyRestrictionCurrent": 0
      }
    },
    {
      "_id": "6507ff1e644a656aee0f7239",
      "_tpl": "545cdae64bdc2d39198b4568",
      "parentId": "hideout",
      "slotId": "hideout",
      "upd": {
        "StackObjectsCount": 14826,
        "BuyRestrictionMax": 2,
        "BuyRestrictionCurrent": 0
      }
    },
    {
      "_id": "6507ff1e644a656aee0f723b",
      "_tpl": "545cdb794bdc2d3a198b456a",
      "parentId": "hideout",
      "slotId": "hideout",
      "upd": {
        "StackObjectsCount": 188,
        "BuyRestrictionMax": 2,
        "BuyRestrictionCurrent": 0
      }
    },
    {
      "_id": "6507ff1e644a656aee0f723d",
      "_tpl": "59e7643b86f7742cbf2c109a",
      "parentId": "hideout",
      "slotId": "hideout",
      "upd": {
        "StackObjectsCount": 7036,
        "BuyRestrictionMax": 4,
        "BuyRestrictionCurrent": 0
      }
    },
    {
      "_id": "6507ff1e644a656aee0f723f",
      "_tpl": "5648a69d4bdc2ded0b8b457b",
      "parentId": "hideout",
      "slotId": "hideout",
      "upd": {
        "StackObjectsCount": 38059,
        "BuyRestrictionMax": 6,
        "BuyRestrictionCurrent": 0
      }
    },
    {
      "_id": "6507ff1e644a656aee0f7241",
      "_tpl": "544a5cde4bdc2d39388b456b",
      "parentId": "hideout",
      "slotId": "hideout",
      "upd": {
        "StackObjectsCount": 106865,
        "BuyRestrictionMax": 8,
        "BuyRestrictionCurrent": 0
      }
    },
    {
      "_id": "6507ff1e644a656aee0f7243",
      "_tpl": "592c2d1a86f7746dbe2af32a",
      "parentId": "hideout",
      "slotId": "hideout",
      "upd": {
        "StackObjectsCount": 100
      }
    },
    {
      "_id": "6507ff1e644a656aee0f7245",
      "_tpl": "5929a2a086f7744f4b234d43",
      "parentId": "hideout",
      "slotId": "hideout",
      "upd": {
        "StackObjectsCount": 5734,
        "BuyRestrictionMax": 6,
        "BuyRestrictionCurrent": 0
      }
    },
    {
      "_id": "6507ff1e644a656aee0f7247",
      "_tpl": "545cdae64bdc2d39198b4568",
      "parentId": "hideout",
      "slotId": "hideout",
      "upd": {
        "StackObjectsCount": 8145,
        "BuyRestrictionMax": 3,
        "BuyRestrictionCurrent": 0
      }
    },
    {
      "_id": "6507ff1e644a656aee0f7249",
      "_tpl": "557ff21e4bdc2d89578b4586",
      "parentId": "hideout",
      "slotId": "hideout",
      "upd": {
        "UnlimitedCount": true,
        "StackObjectsCount": 1695000
      }
    },
    {
      "_id": "6507ff1e644a656aee0f724b",
      "_tpl": "59e7711e86f7746cae05fbe1",
      "parentId": "hideout",
      "slotId": "hideout",
      "upd": {
        "UnlimitedCount": true,
        "StackObjectsCount": 1690000
      }
    },
    {
      "_id": "6507ff1e644a656aee0f724d",
      "_tpl": "5648a7494bdc2d9d488b4583",
      "parentId": "hideout",
      "slotId": "hideout",
      "upd": {
        "UnlimitedCount": true,
        "StackObjectsCount": 1724000
      }
    },
    {
      "_id": "6507ff1e644a656aee0f724f",
      "_tpl": "5aa7e3abe5b5b000171d064d",
      "parentId": "hideout",
      "slotId": "hideout",
      "upd": {
        "StackObjectsCount": 1902
      }
    },
    {
      "_id": "6507ff1e644a656aee0f7251",
      "_tpl": "5aa2b9ede5b5b000137b758b",
      "parentId": "hideout",
      "slotId": "hideout",
      "upd": {
        "StackObjectsCount": 1995,
        "BuyRestrictionMax": 3,
        "BuyRestrictionCurrent": 0
      }
    },
    {
      "_id": "6507ff1e644a656aee0f7253",
      "_tpl": "545cdb794bdc2d3a198b456a",
      "parentId": "hideout",
      "slotId": "hideout",
      "upd": {
        "StackObjectsCount": 150
      }
    },
    {
      "_id": "6507ff1e644a656aee0f7255",
      "_tpl": "5c0e774286f77468413cc5b2",
      "parentId": "hideout",
      "slotId": "hideout",
      "upd": {
        "StackObjectsCount": 190,
        "BuyRestrictionMax": 1,
        "BuyRestrictionCurrent": 0
      }
    },
    {
      "_id": "6507ff1e644a656aee0f7257",
      "_tpl": "5aa2b87de5b5b00016327c25",
      "parentId": "hideout",
      "slotId": "hideout",
      "upd": {
        "StackObjectsCount": 19899
      }
    },
    {
      "_id": "6507ff1e644a656aee0f7259",
      "_tpl": "5aa7d193e5b5b000171d063f",
      "parentId": "hideout",
      "slotId": "hideout",
      "upd": {
        "StackObjectsCount": 4992,
        "BuyRestrictionMax": 6,
        "BuyRestrictionCurrent": 0
      }
    },
    {
      "_id": "6507ff1e644a656aee0f725b",
      "_tpl": "5aa2b986e5b5b00014028f4c",
      "parentId": "hideout",
      "slotId": "hideout",
      "upd": {
        "StackObjectsCount": 7532
      }
    },
    {
      "_id": "6507ff1e644a656aee0f725d",
      "_tpl": "5ac8d6885acfc400180ae7b0",
      "parentId": "hideout",
      "slotId": "hideout",
      "upd": {
        "StackObjectsCount": 1326,
        "BuyRestrictionMax": 1,
        "BuyRestrictionCurrent": 0
      }
    },
    {
      "_id": "6507ff1e644a656aee0f725f",
      "_tpl": "5ab8e4ed86f7742d8e50c7fa",
      "parentId": "hideout",
      "slotId": "hideout",
      "upd": {
        "StackObjectsCount": 1834,
        "BuyRestrictionMax": 1,
        "BuyRestrictionCurrent": 0
      }
    },
    {
      "_id": "6507ff1e644a656aee0f7261",
      "_tpl": "5bffe7930db834001b734a39",
      "parentId": "hideout",
      "slotId": "hideout",
      "upd": {
        "StackObjectsCount": 200,
        "BuyRestrictionMax": 1,
        "BuyRestrictionCurrent": 0
      }
    },
    {
      "_id": "6507ff1e644a656aee0f7263",
      "_tpl": "5c0e3eb886f7742015526062",
      "parentId": "hideout",
      "slotId": "hideout",
      "upd": {
        "StackObjectsCount": 14826,
        "BuyRestrictionMax": 1,
        "BuyRestrictionCurrent": 0
      }
    },
    {
      "_id": "6507ff1e644a656aee0f7265",
      "_tpl": "5b432b2f5acfc4771e1c6622",
      "parentId": "hideout",
      "slotId": "hideout",
      "upd": {
        "StackObjectsCount": 1653,
        "BuyRestrictionMax": 7,
        "BuyRestrictionCurrent": 0
      }
    },
    {
      "_id": "6507ff1e644a656aee0f7267",
      "_tpl": "5ab8dced86f774646209ec87",
      "parentId": "hideout",
      "slotId": "hideout",
      "upd": {
        "StackObjectsCount": 1829,
        "BuyRestrictionMax": 2,
        "BuyRestrictionCurrent": 0
      }
    },
    {
      "_id": "6507ff1e644a656aee0f7269",
      "_tpl": "5c0e722886f7740458316a57",
      "parentId": "hideout",
      "slotId": "hideout",
      "upd": {
        "StackObjectsCount": 1870
      }
    },
    {
      "_id": "6507ff1e644a656aee0f726b",
      "_tpl": "5c06c6a80db834001b735491",
      "parentId": "hideout",
      "slotId": "hideout",
      "upd": {
        "UnlimitedCount": true,
        "StackObjectsCount": 1740000
      }
    },
    {
      "_id": "6507ff1e644a656aee0f726d",
      "_tpl": "5c0e6a1586f77404597b4965",
      "parentId": "hideout",
      "slotId": "hideout",
      "upd": {
        "StackObjectsCount": 1984
      }
    },
    {
      "_id": "6507ff1e644a656aee0f726f",
      "_tpl": "5b46238386f7741a693bcf9c",
      "parentId": "hideout",
      "slotId": "hideout",
      "upd": {
        "StackObjectsCount": 7972,
        "BuyRestrictionMax": 4,
        "BuyRestrictionCurrent": 0
      }
    },
    {
      "_id": "6507ff1e644a656aee0f7271",
      "_tpl": "5c0e57ba86f7747fa141986d",
      "parentId": "hideout",
      "slotId": "hideout",
      "upd": {
        "StackObjectsCount": 1878
      }
    },
    {
      "_id": "6507ff1e644a656aee0f7273",
      "_tpl": "5b4325355acfc40019478126",
      "parentId": "hideout",
      "slotId": "hideout",
      "upd": {
        "UnlimitedCount": true,
        "StackObjectsCount": 1690000,
        "BuyRestrictionMax": 7,
        "BuyRestrictionCurrent": 0
      }
    },
    {
      "_id": "6507ff1e644a656aee0f7275",
      "_tpl": "5a7c4850e899ef00150be885",
      "parentId": "hideout",
      "slotId": "hideout",
      "upd": {
        "StackObjectsCount": 5083,
        "BuyRestrictionMax": 4,
        "BuyRestrictionCurrent": 0
      }
    },
    {
      "_id": "6507ff1e644a656aee0f7277",
      "_tpl": "5c0e5bab86f77461f55ed1f3",
      "parentId": "hideout",
      "slotId": "hideout",
      "upd": {
        "StackObjectsCount": 14501,
        "BuyRestrictionMax": 3,
        "BuyRestrictionCurrent": 0
      }
    },
    {
      "_id": "6507ff1e644a656aee0f7279",
      "_tpl": "5c0e746986f7741453628fe5",
      "parentId": "hideout",
      "slotId": "hideout",
      "upd": {
        "StackObjectsCount": 1102,
        "BuyRestrictionMax": 1,
        "BuyRestrictionCurrent": 0
      }
    },
    {
      "_id": "6507ff1e644a656aee0f727b",
      "_tpl": "5b4327aa5acfc400175496e0",
      "parentId": "hideout",
      "slotId": "hideout",
      "upd": {
        "UnlimitedCount": true,
        "StackObjectsCount": 1690000,
        "BuyRestrictionMax": 10,
        "BuyRestrictionCurrent": 0
      }
    },
    {
      "_id": "6507ff1e644a656aee0f727d",
      "_tpl": "5b40e4035acfc47a87740943",
      "parentId": "hideout",
      "slotId": "hideout",
      "upd": {
        "StackObjectsCount": 5160,
        "BuyRestrictionMax": 3,
        "BuyRestrictionCurrent": 0
      }
    },
    {
      "_id": "6507ff1e644a656aee0f727f",
      "_tpl": "5b40e1525acfc4771e1c6611",
      "parentId": "hideout",
      "slotId": "hideout",
      "upd": {
        "StackObjectsCount": 385,
        "BuyRestrictionMax": 2,
        "BuyRestrictionCurrent": 0
      }
    },
    {
      "_id": "6507ff1e644a656aee0f7281",
      "_tpl": "5b3f3b0e86f7746752107cda",
      "parentId": "hideout",
      "slotId": "hideout",
      "upd": {
        "UnlimitedCount": true,
        "StackObjectsCount": 1690000
      }
    },
    {
      "_id": "6507ff1e644a656aee0f7283",
      "_tpl": "5b44cad286f77402a54ae7e5",
      "parentId": "hideout",
      "slotId": "hideout",
      "upd": {
        "StackObjectsCount": 252,
        "BuyRestrictionMax": 1,
        "BuyRestrictionCurrent": 0
      }
    },
    {
      "_id": "6507ff1e644a656aee0f7285",
      "_tpl": "5645bcc04bdc2d363b8b4572",
      "parentId": "hideout",
      "slotId": "hideout",
      "upd": {
        "StackObjectsCount": 1638,
        "BuyRestrictionMax": 5,
        "BuyRestrictionCurrent": 0
      }
    },
    {
      "_id": "6507ff1e644a656aee0f7287",
      "_tpl": "5ab8e79e86f7742d8b372e78",
      "parentId": "hideout",
      "slotId": "hideout",
      "upd": {
        "StackObjectsCount": 1061,
        "BuyRestrictionMax": 3,
        "BuyRestrictionCurrent": 0
      }
    },
    {
      "_id": "6507ff1e644a656aee0f7289",
      "_tpl": "5c165d832e2216398b5a7e36",
      "parentId": "hideout",
      "slotId": "hideout",
      "upd": {
        "StackObjectsCount": 1794
      }
    },
    {
      "_id": "6507ff1e644a656aee0f728b",
      "_tpl": "5aa7e373e5b5b000137b76f0",
      "parentId": "hideout",
      "slotId": "hideout",
      "upd": {
        "StackObjectsCount": 200
      }
    },
    {
      "_id": "6507ff1e644a656aee0f728d",
      "_tpl": "572b7f1624597762ae139822",
      "parentId": "hideout",
      "slotId": "hideout",
      "upd": {
        "UnlimitedCount": true,
        "StackObjectsCount": 1695000
      }
    },
    {
      "_id": "6507ff1e644a656aee0f728f",
      "_tpl": "5aa7cfc0e5b5b00015693143",
      "parentId": "hideout",
      "slotId": "hideout",
      "upd": {
        "StackObjectsCount": 19970,
        "BuyRestrictionMax": 5,
        "BuyRestrictionCurrent": 0
      }
    },
    {
      "_id": "6507ff1e644a656aee0f7291",
      "_tpl": "5b43271c5acfc432ff4dce65",
      "parentId": "hideout",
      "slotId": "hideout",
      "upd": {
        "StackObjectsCount": 1896
      }
    },
    {
      "_id": "6507ff1e644a656aee0f7293",
      "_tpl": "5b40e2bc5acfc40016388216",
      "parentId": "hideout",
      "slotId": "hideout",
      "upd": {
        "StackObjectsCount": 1887,
        "BuyRestrictionMax": 4,
        "BuyRestrictionCurrent": 0
      }
    },
    {
      "_id": "6507ff1e644a656aee0f7295",
      "_tpl": "5b44d22286f774172b0c9de8",
      "parentId": "hideout",
      "slotId": "hideout",
      "upd": {
        "StackObjectsCount": 1858,
        "BuyRestrictionMax": 3,
        "BuyRestrictionCurrent": 0
      }
    },
    {
      "_id": "6507ff1e644a656aee0f7297",
      "_tpl": "5648a7494bdc2d9d488b4583",
      "parentId": "hideout",
      "slotId": "hideout",
      "upd": {
        "StackObjectsCount": 6452,
        "BuyRestrictionMax": 3,
        "BuyRestrictionCurrent": 0
      }
    },
    {
      "_id": "6507ff1e644a656aee0f7299",
      "_tpl": "5ab8f39486f7745cd93a1cca",
      "parentId": "hideout",
      "slotId": "hideout",
      "upd": {
        "StackObjectsCount": 11379,
        "BuyRestrictionMax": 4,
        "BuyRestrictionCurrent": 0
      }
    },
    {
      "_id": "6507ff1e644a656aee0f729b",
      "_tpl": "5aa7e373e5b5b000137b76f0",
      "parentId": "hideout",
      "slotId": "hideout",
      "upd": {
        "StackObjectsCount": 699,
        "BuyRestrictionMax": 3,
        "BuyRestrictionCurrent": 0
      }
    },
    {
      "_id": "6507ff1e644a656aee0f729d",
      "_tpl": "5ab8dced86f774646209ec87",
      "parentId": "hideout",
      "slotId": "hideout",
      "upd": {
        "StackObjectsCount": 1991
      }
    },
    {
      "_id": "6507ff1e644a656aee0f729f",
      "_tpl": "5aa2ba71e5b5b000137b758f",
      "parentId": "hideout",
      "slotId": "hideout",
      "upd": {
        "StackObjectsCount": 8131,
        "BuyRestrictionMax": 4,
        "BuyRestrictionCurrent": 0
      }
    },
    {
      "_id": "6507ff1e644a656aee0f72a1",
      "_tpl": "5b40e61f5acfc4001a599bec",
      "parentId": "hideout",
      "slotId": "hideout",
      "upd": {
        "UnlimitedCount": true,
        "StackObjectsCount": 1695000
      }
    },
    {
      "_id": "6507ff1e644a656aee0f72a3",
      "_tpl": "5b3f3ade86f7746b6b790d8e",
      "parentId": "hideout",
      "slotId": "hideout",
      "upd": {
        "UnlimitedCount": true,
        "StackObjectsCount": 1690000
      }
    },
    {
      "_id": "6507ff1e644a656aee0f72a5",
      "_tpl": "5b432b6c5acfc4001a599bf0",
      "parentId": "hideout",
      "slotId": "hideout",
      "upd": {
        "StackObjectsCount": 1482,
        "BuyRestrictionMax": 10,
        "BuyRestrictionCurrent": 0
      }
    },
    {
      "_id": "6507ff1e644a656aee0f72a7",
      "_tpl": "5b44c6ae86f7742d1627baea",
      "parentId": "hideout",
      "slotId": "hideout",
      "upd": {
        "StackObjectsCount": 1923,
        "BuyRestrictionMax": 3,
        "BuyRestrictionCurrent": 0
      }
    },
    {
      "_id": "6507ff1e644a656aee0f72a9",
      "_tpl": "5c091a4e0db834001d5addc8",
      "parentId": "hideout",
      "slotId": "hideout",
      "upd": {
        "StackObjectsCount": 1916,
        "BuyRestrictionMax": 2,
        "BuyRestrictionCurrent": 0
      }
    },
    {
      "_id": "6507ff1e644a656aee0f72ab",
      "_tpl": "5aa2a7e8e5b5b00016327c16",
      "parentId": "hideout",
      "slotId": "hideout",
      "upd": {
        "StackObjectsCount": 19943
      }
    },
    {
      "_id": "6507ff1e644a656aee0f72ad",
      "_tpl": "5ab8f85d86f7745cd93a1cf5",
      "parentId": "hideout",
      "slotId": "hideout",
      "upd": {
        "UnlimitedCount": true,
        "StackObjectsCount": 1690000,
        "BuyRestrictionMax": 10,
        "BuyRestrictionCurrent": 0
      }
    },
    {
      "_id": "6507ff1e644a656aee0f72b1",
      "_tpl": "5ab8f04f86f774585f4237d8",
      "parentId": "hideout",
      "slotId": "hideout",
      "upd": {
        "UnlimitedCount": true,
        "StackObjectsCount": 1690000
      }
    },
    {
      "_id": "6507ff1e644a656aee0f72b3",
      "_tpl": "5aa2ba46e5b5b000137b758d",
      "parentId": "hideout",
      "slotId": "hideout",
      "upd": {
        "UnlimitedCount": true,
        "StackObjectsCount": 1695000,
        "BuyRestrictionMax": 4,
        "BuyRestrictionCurrent": 0
      }
    },
    {
      "_id": "6507ff1e644a656aee0f72b5",
      "_tpl": "5b432d215acfc4771e1c6624",
      "parentId": "hideout",
      "slotId": "hideout",
      "upd": {
        "StackObjectsCount": 4071,
        "BuyRestrictionMax": 4,
        "BuyRestrictionCurrent": 0
      }
    },
    {
      "_id": "6507ff1e644a656aee0f72b7",
      "_tpl": "5b432f3d5acfc4704b4a1dfb",
      "parentId": "hideout",
      "slotId": "hideout",
      "upd": {
        "UnlimitedCount": true,
        "StackObjectsCount": 1690000,
        "BuyRestrictionMax": 10,
        "BuyRestrictionCurrent": 0
      }
    },
    {
      "_id": "6507ff1e644a656aee0f72b9",
      "_tpl": "5b44c8ea86f7742d1627baf1",
      "parentId": "hideout",
      "slotId": "hideout",
      "upd": {
        "StackObjectsCount": 1771,
        "BuyRestrictionMax": 5,
        "BuyRestrictionCurrent": 0
      }
    },
    {
      "_id": "6507ff1e644a656aee0f72bb",
      "_tpl": "5b40e3f35acfc40016388218",
      "parentId": "hideout",
      "slotId": "hideout",
      "upd": {
        "StackObjectsCount": 100,
        "BuyRestrictionMax": 2,
        "BuyRestrictionCurrent": 0
      }
    },
    {
      "_id": "6507ff1e644a656aee0f72bd",
      "_tpl": "5b3f3b0186f774021a2afef7",
      "parentId": "hideout",
      "slotId": "hideout",
      "upd": {
        "UnlimitedCount": true,
        "StackObjectsCount": 1690000
      }
    },
    {
      "_id": "6507ff1e644a656aee0f72bf",
      "_tpl": "5b44cd8b86f774503d30cba2",
      "parentId": "hideout",
      "slotId": "hideout",
      "upd": {
        "StackObjectsCount": 491,
        "BuyRestrictionMax": 2,
        "BuyRestrictionCurrent": 0
      }
    },
    {
      "_id": "6507ff1f644a656aee0f72c1",
      "_tpl": "5aa7e373e5b5b000137b76f0",
      "parentId": "hideout",
      "slotId": "hideout",
      "upd": {
        "StackObjectsCount": 1921
      }
    },
    {
      "_id": "6507ff1f644a656aee0f72c3",
      "_tpl": "5b44d22286f774172b0c9de8",
      "parentId": "hideout",
      "slotId": "hideout",
      "upd": {
        "StackObjectsCount": 461,
        "BuyRestrictionMax": 2,
        "BuyRestrictionCurrent": 0
      }
    },
    {
      "_id": "6507ff1f644a656aee0f72c5",
      "_tpl": "592c2d1a86f7746dbe2af32a",
      "parentId": "hideout",
      "slotId": "hideout",
      "upd": {
        "StackObjectsCount": 74,
        "BuyRestrictionMax": 1,
        "BuyRestrictionCurrent": 0
      }
    },
    {
      "_id": "6507ff1f644a656aee0f72c7",
      "_tpl": "5aa7e454e5b5b0214e506fa2",
      "parentId": "hideout",
      "slotId": "hideout",
      "upd": {
        "StackObjectsCount": 1855,
        "BuyRestrictionMax": 4,
        "BuyRestrictionCurrent": 0
      }
    },
    {
      "_id": "6507ff1f644a656aee0f72c9",
      "_tpl": "5aa2ba19e5b5b00014028f4e",
      "parentId": "hideout",
      "slotId": "hideout",
      "upd": {
        "UnlimitedCount": true,
        "StackObjectsCount": 1695000,
        "BuyRestrictionMax": 10,
        "BuyRestrictionCurrent": 0
      }
    },
    {
      "_id": "6507ff1f644a656aee0f72cb",
      "_tpl": "5b3f16c486f7747c327f55f7",
      "parentId": "hideout",
      "slotId": "hideout",
      "upd": {
        "UnlimitedCount": true,
        "StackObjectsCount": 1690000
      }
    },
    {
      "_id": "6507ff1f644a656aee0f72cd",
      "_tpl": "5b3f3af486f774679e752c1f",
      "parentId": "hideout",
      "slotId": "hideout",
      "upd": {
        "UnlimitedCount": true,
        "StackObjectsCount": 1690000
      }
    },
    {
      "_id": "6507ff1f644a656aee0f72cf",
      "_tpl": "5b44d0de86f774503d30cba8",
      "parentId": "hideout",
      "slotId": "hideout",
      "upd": {
        "StackObjectsCount": 703,
        "BuyRestrictionMax": 2,
        "BuyRestrictionCurrent": 0
      }
    },
    {
      "_id": "6507ff1f644a656aee0f72d1",
      "_tpl": "5ab8ebf186f7742d8b372e80",
      "parentId": "hideout",
      "slotId": "hideout",
      "upd": {
        "StackObjectsCount": 1941,
        "BuyRestrictionMax": 2,
        "BuyRestrictionCurrent": 0
      }
    },
    {
      "_id": "6507ff1f644a656aee0f72d3",
      "_tpl": "5ab8f4ff86f77431c60d91ba",
      "parentId": "hideout",
      "slotId": "hideout",
      "upd": {
        "StackObjectsCount": 7709,
        "BuyRestrictionMax": 5,
        "BuyRestrictionCurrent": 0
      }
    },
    {
      "_id": "6507ff1f644a656aee0f72d5",
      "_tpl": "5ab8ebf186f7742d8b372e80",
      "parentId": "hideout",
      "slotId": "hideout",
      "upd": {
        "StackObjectsCount": 1908,
        "BuyRestrictionMax": 1,
        "BuyRestrictionCurrent": 0
      }
    },
    {
      "_id": "6507ff1f644a656aee0f72d7",
      "_tpl": "5ab8dab586f77441cd04f2a2",
      "parentId": "hideout",
      "slotId": "hideout",
      "upd": {
        "StackObjectsCount": 1935
      }
    },
    {
      "_id": "6507ff1f644a656aee0f72d9",
      "_tpl": "5c0e53c886f7747fa54205c7",
      "parentId": "hideout",
      "slotId": "hideout",
      "upd": {
        "StackObjectsCount": 988
      }
    },
    {
      "_id": "6507ff1f644a656aee0f72db",
      "_tpl": "5c0e51be86f774598e797894",
      "parentId": "hideout",
      "slotId": "hideout",
      "upd": {
        "StackObjectsCount": 7832,
        "BuyRestrictionMax": 2,
        "BuyRestrictionCurrent": 0
      }
    },
    {
      "_id": "6507ff1f644a656aee0f72dd",
      "_tpl": "5b40e5e25acfc4001a599bea",
      "parentId": "hideout",
      "slotId": "hideout",
      "upd": {
        "UnlimitedCount": true,
        "StackObjectsCount": 1690000
      }
    },
    {
      "_id": "6507ff1f644a656aee0f72df",
      "_tpl": "5b432b965acfc47a8774094e",
      "parentId": "hideout",
      "slotId": "hideout",
      "upd": {
        "StackObjectsCount": 19743,
        "BuyRestrictionMax": 2,
        "BuyRestrictionCurrent": 0
      }
    },
    {
      "_id": "6507ff1f644a656aee0f72e1",
      "_tpl": "5a16b672fcdbcb001912fa83",
      "parentId": "hideout",
      "slotId": "hideout",
      "upd": {
        "StackObjectsCount": 1710
      }
    },
    {
      "_id": "6507ff1f644a656aee0f72e3",
      "_tpl": "5c0d32fcd174af02a1659c75",
      "parentId": "hideout",
      "slotId": "hideout",
      "upd": {
        "StackObjectsCount": 1927
      }
    },
    {
      "_id": "6507ff1f644a656aee0f72e5",
      "_tpl": "5b4329f05acfc47a86086aa1",
      "parentId": "hideout",
      "slotId": "hideout",
      "upd": {
        "StackObjectsCount": 38,
        "BuyRestrictionMax": 1,
        "BuyRestrictionCurrent": 0
      }
    },
    {
      "_id": "6507ff1f644a656aee0f72e7",
      "_tpl": "5aa7e3abe5b5b000171d064d",
      "parentId": "hideout",
      "slotId": "hideout",
      "upd": {
        "StackObjectsCount": 1904
      }
    },
    {
      "_id": "6507ff1f644a656aee0f72e9",
      "_tpl": "5ac4c50d5acfc40019262e87",
      "parentId": "hideout",
      "slotId": "hideout",
      "upd": {
        "StackObjectsCount": 1606
      }
    },
    {
      "_id": "6507ff1f644a656aee0f72eb",
      "_tpl": "5aa7d03ae5b5b00016327db5",
      "parentId": "hideout",
      "slotId": "hideout",
      "upd": {
        "StackObjectsCount": 1405,
        "BuyRestrictionMax": 3,
        "BuyRestrictionCurrent": 0
      }
    },
    {
      "_id": "6507ff1f644a656aee0f72ed",
      "_tpl": "5c0919b50db834001b7ce3b9",
      "parentId": "hideout",
      "slotId": "hideout",
      "upd": {
        "StackObjectsCount": 1965,
        "BuyRestrictionMax": 1,
        "BuyRestrictionCurrent": 0
      }
    },
    {
      "_id": "6507ff1f644a656aee0f72ef",
      "_tpl": "5d5d87f786f77427997cfaef",
      "parentId": "hideout",
      "slotId": "hideout",
      "upd": {
        "StackObjectsCount": 1992,
        "BuyRestrictionMax": 1,
        "BuyRestrictionCurrent": 0
      }
    },
    {
      "_id": "6507ff1f644a656aee0f72f1",
      "_tpl": "5d5d940f86f7742797262046",
      "parentId": "hideout",
      "slotId": "hideout",
      "upd": {
        "StackObjectsCount": 19919,
        "BuyRestrictionMax": 2,
        "BuyRestrictionCurrent": 0
      }
    },
    {
      "_id": "6507ff1f644a656aee0f72f3",
      "_tpl": "5d6d3829a4b9361bc8618943",
      "parentId": "hideout",
      "slotId": "hideout",
      "upd": {
        "StackObjectsCount": 19924,
        "BuyRestrictionMax": 3,
        "BuyRestrictionCurrent": 0
      }
    },
    {
      "_id": "6507ff1f644a656aee0f72f5",
      "_tpl": "5c1a1cc52e221602b3136e3d",
      "parentId": "hideout",
      "slotId": "hideout",
      "upd": {
        "StackObjectsCount": 1949
      }
    },
    {
      "_id": "6507ff1f644a656aee0f72f7",
      "_tpl": "5ca20abf86f77418567a43f2",
      "parentId": "hideout",
      "slotId": "hideout",
      "upd": {
        "StackObjectsCount": 18975
      }
    },
    {
      "_id": "6507ff1f644a656aee0f72f9",
      "_tpl": "5d5d646386f7742797261fd9",
      "parentId": "hideout",
      "slotId": "hideout",
      "upd": {
        "StackObjectsCount": 17641,
        "BuyRestrictionMax": 1,
        "BuyRestrictionCurrent": 0
      }
    },
    {
      "_id": "6507ff1f644a656aee0f72fb",
      "_tpl": "5a16bb52fcdbcb001a3b00dc",
      "parentId": "hideout",
      "slotId": "hideout",
      "upd": {
        "StackObjectsCount": 1949,
        "BuyRestrictionMax": 4,
        "BuyRestrictionCurrent": 0
      }
    },
    {
      "_id": "6507ff1f644a656aee0f72fd",
      "_tpl": "5ca2151486f774244a3b8d30",
      "parentId": "hideout",
      "slotId": "hideout",
      "upd": {
        "StackObjectsCount": 1569,
        "BuyRestrictionMax": 1,
        "BuyRestrictionCurrent": 0
      }
    },
    {
      "_id": "6507ff1f644a656aee0f72ff",
      "_tpl": "5d5d85c586f774279a21cbdb",
      "parentId": "hideout",
      "slotId": "hideout",
      "upd": {
        "StackObjectsCount": 19852,
        "BuyRestrictionMax": 8,
        "BuyRestrictionCurrent": 0
      }
    },
    {
      "_id": "6507ff1f644a656aee0f7301",
      "_tpl": "5d6d2ef3a4b93618084f58bd",
      "parentId": "hideout",
      "slotId": "hideout",
      "upd": {
        "UnlimitedCount": true,
        "StackObjectsCount": 1695000,
        "BuyRestrictionMax": 10,
        "BuyRestrictionCurrent": 0
      }
    },
    {
      "_id": "6507ff1f644a656aee0f7303",
      "_tpl": "5d6d3943a4b9360dbc46d0cc",
      "parentId": "hideout",
      "slotId": "hideout",
      "upd": {
        "StackObjectsCount": 1921
      }
    },
    {
      "_id": "6507ff1f644a656aee0f7305",
      "_tpl": "5b4329f05acfc47a86086aa1",
      "parentId": "hideout",
      "slotId": "hideout",
      "upd": {
        "StackObjectsCount": 1997,
        "BuyRestrictionMax": 1,
        "BuyRestrictionCurrent": 0
      }
    },
    {
      "_id": "6507ff1f644a656aee0f7307",
      "_tpl": "5df8a42886f77412640e2e75",
      "parentId": "hideout",
      "slotId": "hideout",
      "upd": {
        "StackObjectsCount": 19931,
        "BuyRestrictionMax": 3,
        "BuyRestrictionCurrent": 0
      }
    },
    {
      "_id": "6507ff1f644a656aee0f7309",
      "_tpl": "5ca20d5986f774331e7c9602",
      "parentId": "hideout",
      "slotId": "hideout",
      "upd": {
        "StackObjectsCount": 66454,
        "BuyRestrictionMax": 8,
        "BuyRestrictionCurrent": 0
      }
    },
    {
      "_id": "6507ff1f644a656aee0f730b",
      "_tpl": "5ca21c6986f77479963115a7",
      "parentId": "hideout",
      "slotId": "hideout",
      "upd": {
        "StackObjectsCount": 1974,
        "BuyRestrictionMax": 1,
        "BuyRestrictionCurrent": 0
      }
    },
    {
      "_id": "6507ff1f644a656aee0f730d",
      "_tpl": "5d6d3be5a4b9361bc73bc763",
      "parentId": "hideout",
      "slotId": "hideout",
      "upd": {
        "StackObjectsCount": 19992,
        "BuyRestrictionMax": 4,
        "BuyRestrictionCurrent": 0
      }
    },
    {
      "_id": "6507ff1f644a656aee0f730f",
      "_tpl": "5d5d87f786f77427997cfaef",
      "parentId": "hideout",
      "slotId": "hideout",
      "upd": {
        "StackObjectsCount": 1963,
        "BuyRestrictionMax": 2,
        "BuyRestrictionCurrent": 0
      }
    },
    {
      "_id": "6507ff1f644a656aee0f7311",
      "_tpl": "5d6d2e22a4b9361bd5780d05",
      "parentId": "hideout",
      "slotId": "hideout",
      "upd": {
        "StackObjectsCount": 19820
      }
    },
    {
      "_id": "6507ff1f644a656aee0f7313",
      "_tpl": "5d6d3716a4b9361bc8618872",
      "parentId": "hideout",
      "slotId": "hideout",
      "upd": {
        "StackObjectsCount": 19958,
        "BuyRestrictionMax": 3,
        "BuyRestrictionCurrent": 0
      }
    },
    {
      "_id": "6507ff1f644a656aee0f7315",
      "_tpl": "5d5fca1ea4b93635fd598c07",
      "parentId": "hideout",
      "slotId": "hideout",
      "upd": {
        "StackObjectsCount": 18844
      }
    },
    {
      "_id": "6507ff1f644a656aee0f7317",
      "_tpl": "5d6d3829a4b9361bc8618943",
      "parentId": "hideout",
      "slotId": "hideout",
      "upd": {
        "StackObjectsCount": 1934,
        "BuyRestrictionMax": 2,
        "BuyRestrictionCurrent": 0
      }
    },
    {
      "_id": "6507ff1f644a656aee0f7319",
      "_tpl": "5ca2113f86f7740b2547e1d2",
      "parentId": "hideout",
      "slotId": "hideout",
      "upd": {
        "StackObjectsCount": 1976,
        "BuyRestrictionMax": 2,
        "BuyRestrictionCurrent": 0
      }
    },
    {
      "_id": "6507ff1f644a656aee0f731b",
      "_tpl": "5c0e746986f7741453628fe5",
      "parentId": "hideout",
      "slotId": "hideout",
      "upd": {
        "StackObjectsCount": 6131,
        "BuyRestrictionMax": 1,
        "BuyRestrictionCurrent": 0
      }
    },
    {
      "_id": "6507ff1f644a656aee0f731d",
      "_tpl": "5df8a2ca86f7740bfe6df777",
      "parentId": "hideout",
      "slotId": "hideout",
      "upd": {
        "StackObjectsCount": 18986,
        "BuyRestrictionMax": 6,
        "BuyRestrictionCurrent": 0
      }
    },
    {
      "_id": "6507ff1f644a656aee0f731f",
      "_tpl": "5aa2ba19e5b5b00014028f4e",
      "parentId": "hideout",
      "slotId": "hideout",
      "upd": {
        "StackObjectsCount": 19997,
        "BuyRestrictionMax": 4,
        "BuyRestrictionCurrent": 0
      }
    },
    {
      "_id": "6507ff1f644a656aee0f7321",
      "_tpl": "618bb76513f5097c8d5aa2d5",
      "parentId": "hideout",
      "slotId": "hideout",
      "upd": {
        "StackObjectsCount": 5031,
        "BuyRestrictionMax": 5,
        "BuyRestrictionCurrent": 0
      }
    },
    {
      "_id": "6507ff1f644a656aee0f7323",
      "_tpl": "5f60e7788adaa7100c3adb49",
      "parentId": "hideout",
      "slotId": "hideout",
      "upd": {
        "StackObjectsCount": 19996,
        "BuyRestrictionMax": 3,
        "BuyRestrictionCurrent": 0
      }
    },
    {
      "_id": "6507ff1f644a656aee0f7325",
      "_tpl": "5fd4c60f875c30179f5d04c2",
      "parentId": "hideout",
      "slotId": "hideout",
      "upd": {
        "StackObjectsCount": 199838,
        "BuyRestrictionMax": 8,
        "BuyRestrictionCurrent": 0
      }
    },
    {
      "_id": "6507ff1f644a656aee0f7327",
      "_tpl": "5f60e784f2bcbb675b00dac7",
      "parentId": "hideout",
      "slotId": "hideout",
      "upd": {
        "StackObjectsCount": 19968,
        "BuyRestrictionMax": 5,
        "BuyRestrictionCurrent": 0
      }
    },
    {
      "_id": "6507ff1f644a656aee0f7329",
      "_tpl": "5d5d646386f7742797261fd9",
      "parentId": "hideout",
      "slotId": "hideout",
      "upd": {
        "StackObjectsCount": 1986,
        "BuyRestrictionMax": 2,
        "BuyRestrictionCurrent": 0
      }
    },
    {
      "_id": "6507ff1f644a656aee0f732b",
      "_tpl": "6034d2d697633951dc245ea6",
      "parentId": "hideout",
      "slotId": "hideout",
      "upd": {
        "StackObjectsCount": 3934,
        "BuyRestrictionMax": 3,
        "BuyRestrictionCurrent": 0
      }
    },
    {
      "_id": "6507ff1f644a656aee0f732d",
      "_tpl": "60a272cc93ef783291411d8e",
      "parentId": "hideout",
      "slotId": "hideout",
      "upd": {
        "StackObjectsCount": 4246,
        "BuyRestrictionMax": 4,
        "BuyRestrictionCurrent": 0
      }
    },
    {
      "_id": "6507ff1f644a656aee0f732f",
      "_tpl": "5e4ac41886f77406a511c9a8",
      "parentId": "hideout",
      "slotId": "hideout",
      "upd": {
        "StackObjectsCount": 1852,
        "BuyRestrictionMax": 1,
        "BuyRestrictionCurrent": 0
      }
    },
    {
      "_id": "6507ff1f644a656aee0f7331",
      "_tpl": "60a2828e8689911a226117f9",
      "parentId": "hideout",
      "slotId": "hideout",
      "upd": {
        "StackObjectsCount": 4736,
        "BuyRestrictionMax": 1,
        "BuyRestrictionCurrent": 0
      }
    },
    {
      "_id": "6507ff1f644a656aee0f7333",
      "_tpl": "5e4abb5086f77406975c9342",
      "parentId": "hideout",
      "slotId": "hideout",
      "upd": {
        "StackObjectsCount": 100,
        "BuyRestrictionMax": 1,
        "BuyRestrictionCurrent": 0
      }
    },
    {
      "_id": "6507ff1f644a656aee0f7335",
      "_tpl": "609e8540d5c319764c2bc2e9",
      "parentId": "hideout",
      "slotId": "hideout",
      "upd": {
        "StackObjectsCount": 4220,
        "BuyRestrictionMax": 2,
        "BuyRestrictionCurrent": 0
      }
    },
    {
      "_id": "6507ff1f644a656aee0f7337",
      "_tpl": "61bcc89aef0f505f0c6cd0fc",
      "parentId": "hideout",
      "slotId": "hideout",
      "upd": {
        "StackObjectsCount": 5900,
        "BuyRestrictionMax": 2,
        "BuyRestrictionCurrent": 0
      }
    },
    {
      "_id": "6507ff1f644a656aee0f7339",
      "_tpl": "5c0e446786f7742013381639",
      "parentId": "hideout",
      "slotId": "hideout",
      "upd": {
        "StackObjectsCount": 1992,
        "BuyRestrictionMax": 2,
        "BuyRestrictionCurrent": 0
      }
    },
    {
      "_id": "6507ff1f644a656aee0f733b",
      "_tpl": "6034d0230ca681766b6a0fb5",
      "parentId": "hideout",
      "slotId": "hideout",
      "upd": {
        "UnlimitedCount": true,
        "StackObjectsCount": 1690000
      }
    },
    {
      "_id": "6507ff1f644a656aee0f733d",
      "_tpl": "5f5e467b0bc58666c37e7821",
      "parentId": "hideout",
      "slotId": "hideout",
      "upd": {
        "StackObjectsCount": 18904,
        "BuyRestrictionMax": 3,
        "BuyRestrictionCurrent": 0
      }
    },
    {
      "_id": "6507ff1f644a656aee0f733f",
      "_tpl": "60a621c49c197e4e8c4455e6",
      "parentId": "hideout",
      "slotId": "hideout",
      "upd": {
        "StackObjectsCount": 3980,
        "BuyRestrictionMax": 3,
        "BuyRestrictionCurrent": 0
      }
    },
    {
      "_id": "6507ff1f644a656aee0f7341",
      "_tpl": "5f60e6403b85f6263c14558c",
      "parentId": "hideout",
      "slotId": "hideout",
      "upd": {
        "StackObjectsCount": 19968,
        "BuyRestrictionMax": 5,
        "BuyRestrictionCurrent": 0
      }
    },
    {
      "_id": "6507ff1f644a656aee0f7343",
      "_tpl": "5e4abc1f86f774069619fbaa",
      "parentId": "hideout",
      "slotId": "hideout",
      "upd": {
        "UnlimitedCount": true,
        "StackObjectsCount": 1695000
      }
    },
    {
      "_id": "6507ff1f644a656aee0f7345",
      "_tpl": "544a5caa4bdc2d1a388b4568",
      "parentId": "hideout",
      "slotId": "hideout",
      "upd": {
        "StackObjectsCount": 1911,
        "BuyRestrictionMax": 1,
        "BuyRestrictionCurrent": 0
      }
    },
    {
      "_id": "6507ff1f644a656aee0f7347",
      "_tpl": "60a6220e953894617404b00a",
      "parentId": "hideout",
      "slotId": "hideout",
      "upd": {
        "StackObjectsCount": 7828,
        "BuyRestrictionMax": 6,
        "BuyRestrictionCurrent": 0
      }
    },
    {
      "_id": "6507ff1f644a656aee0f7349",
      "_tpl": "60b52e5bc7d8103275739d67",
      "parentId": "hideout",
      "slotId": "hideout",
      "upd": {
        "UnlimitedCount": true,
        "StackObjectsCount": 1690000
      }
    },
    {
      "_id": "6507ff1f644a656aee0f734b",
      "_tpl": "5ca20d5986f774331e7c9602",
      "parentId": "hideout",
      "slotId": "hideout",
      "upd": {
        "StackObjectsCount": 9946,
        "BuyRestrictionMax": 3,
        "BuyRestrictionCurrent": 0
      }
    },
    {
      "_id": "6507ff1f644a656aee0f734d",
      "_tpl": "5f5e46b96bdad616ad46d613",
      "parentId": "hideout",
      "slotId": "hideout",
      "upd": {
        "StackObjectsCount": 19879,
        "BuyRestrictionMax": 3,
        "BuyRestrictionCurrent": 0
      }
    },
    {
      "_id": "6507ff1f644a656aee0f734f",
      "_tpl": "5f60c85b58eff926626a60f7",
      "parentId": "hideout",
      "slotId": "hideout",
      "upd": {
        "StackObjectsCount": 1980,
        "BuyRestrictionMax": 1,
        "BuyRestrictionCurrent": 0
      }
    },
    {
      "_id": "6507ff1f644a656aee0f7351",
      "_tpl": "60a283193cb70855c43a381d",
      "parentId": "hideout",
      "slotId": "hideout",
      "upd": {
        "StackObjectsCount": 1819,
        "BuyRestrictionMax": 1,
        "BuyRestrictionCurrent": 0
      }
    },
    {
      "_id": "6507ff1f644a656aee0f7353",
      "_tpl": "618cfae774bb2d036a049e7c",
      "parentId": "hideout",
      "slotId": "hideout",
      "upd": {
        "StackObjectsCount": 1885,
        "BuyRestrictionMax": 1,
        "BuyRestrictionCurrent": 0
      }
    },
    {
      "_id": "6507ff1f644a656aee0f7355",
      "_tpl": "61bc85697113f767765c7fe7",
      "parentId": "hideout",
      "slotId": "hideout",
      "upd": {
        "StackObjectsCount": 18223,
        "BuyRestrictionMax": 2,
        "BuyRestrictionCurrent": 0
      }
    },
    {
      "_id": "6507ff1f644a656aee0f7357",
      "_tpl": "603648ff5a45383c122086ac",
      "parentId": "hideout",
      "slotId": "hideout",
      "upd": {
        "StackObjectsCount": 11552,
        "BuyRestrictionMax": 8,
        "BuyRestrictionCurrent": 0
      }
    },
    {
      "_id": "6507ff1f644a656aee0f7359",
      "_tpl": "619cf0335771dd3c390269ae",
      "parentId": "hideout",
      "slotId": "hideout",
      "upd": {
        "StackObjectsCount": 5903,
        "BuyRestrictionMax": 5,
        "BuyRestrictionCurrent": 0
      }
    },
    {
      "_id": "6507ff1f644a656aee0f735b",
      "_tpl": "5645bc214bdc2d363b8b4571",
      "parentId": "hideout",
      "slotId": "hideout",
      "upd": {
        "StackObjectsCount": 1974,
        "BuyRestrictionMax": 1,
        "BuyRestrictionCurrent": 0
      }
    },
    {
      "_id": "6507ff1f644a656aee0f735d",
      "_tpl": "5ca2151486f774244a3b8d30",
      "parentId": "hideout",
      "slotId": "hideout",
      "upd": {
        "StackObjectsCount": 1382,
        "BuyRestrictionMax": 1,
        "BuyRestrictionCurrent": 0
      }
    },
    {
      "_id": "6507ff1f644a656aee0f735f",
      "_tpl": "628cd624459354321c4b7fa2",
      "parentId": "hideout",
      "slotId": "hideout",
      "upd": {
        "StackObjectsCount": 671,
        "BuyRestrictionMax": 2,
        "BuyRestrictionCurrent": 0
      }
    },
    {
      "_id": "6507ff1f644a656aee0f7361",
      "_tpl": "5991b51486f77447b112d44f",
      "parentId": "hideout",
      "slotId": "hideout",
      "upd": {
        "StackObjectsCount": 19429
      }
    },
    {
      "_id": "6507ff1f644a656aee0f7363",
      "_tpl": "639346cc1c8f182ad90c8972",
      "parentId": "hideout",
      "slotId": "hideout",
      "upd": {
        "StackObjectsCount": 19437,
        "BuyRestrictionMax": 2,
        "BuyRestrictionCurrent": 0
      }
    },
    {
      "_id": "6507ff1f644a656aee0f7365",
      "_tpl": "64be79c487d1510151095552",
      "parentId": "hideout",
      "slotId": "hideout",
      "upd": {
        "StackObjectsCount": 19682,
        "BuyRestrictionMax": 1,
        "BuyRestrictionCurrent": 0
      }
    },
    {
      "_id": "6507ff1f644a656aee0f7367",
      "_tpl": "64be79e2bf8412471d0d9bcc",
      "parentId": "hideout",
      "slotId": "hideout",
      "upd": {
        "StackObjectsCount": 197666,
        "BuyRestrictionMax": 4,
        "BuyRestrictionCurrent": 0
      }
    },
    {
      "_id": "6507ff1f644a656aee0f7369",
      "_tpl": "628dc750b910320f4c27a732",
      "parentId": "hideout",
      "slotId": "hideout",
      "upd": {
        "StackObjectsCount": 19931,
        "BuyRestrictionMax": 3,
        "BuyRestrictionCurrent": 0
      }
    },
    {
      "_id": "6507ff1f644a656aee0f736b",
      "_tpl": "64abd93857958b4249003418",
      "parentId": "hideout",
      "slotId": "hideout",
      "upd": {
        "StackObjectsCount": 199732,
        "BuyRestrictionMax": 2,
        "BuyRestrictionCurrent": 0
      }
    },
    {
      "_id": "6507ff1f644a656aee0f736d",
      "_tpl": "628d0618d1ba6e4fa07ce5a4",
      "parentId": "hideout",
      "slotId": "hideout",
      "upd": {
        "StackObjectsCount": 19640,
        "BuyRestrictionMax": 2,
        "BuyRestrictionCurrent": 0
      }
    },
    {
      "_id": "6507ff1f644a656aee0f736f",
      "_tpl": "64be7110bf597ba84a0a41ea",
      "parentId": "hideout",
      "slotId": "hideout",
      "upd": {
        "UnlimitedCount": true,
        "StackObjectsCount": 1695000,
        "BuyRestrictionMax": 5,
        "BuyRestrictionCurrent": 0
      }
    },
    {
      "_id": "6507ff1f644a656aee0f7371",
      "_tpl": "64be7095047e826eae02b0c1",
      "parentId": "hideout",
      "slotId": "hideout",
      "upd": {
        "StackObjectsCount": 199036,
        "BuyRestrictionMax": 2,
        "BuyRestrictionCurrent": 0
      }
    },
    {
      "_id": "6507ff1f644a656aee0f7373",
      "_tpl": "63737f448b28897f2802b874",
      "parentId": "hideout",
      "slotId": "hideout",
      "upd": {
        "StackObjectsCount": 19907,
        "BuyRestrictionMax": 1,
        "BuyRestrictionCurrent": 0
      }
    },
    {
      "_id": "6507ff1f644a656aee0f7375",
      "_tpl": "639343fce101f4caa40a4ef3",
      "parentId": "hideout",
      "slotId": "hideout",
      "upd": {
        "StackObjectsCount": 19846,
        "BuyRestrictionMax": 1,
        "BuyRestrictionCurrent": 0
      }
    },
    {
      "_id": "6507ff1f644a656aee0f7377",
      "_tpl": "56e33680d2720be2748b4576",
      "parentId": "hideout",
      "slotId": "hideout",
      "upd": {
        "UnlimitedCount": true,
        "StackObjectsCount": 1695000,
        "BuyRestrictionMax": 5,
        "BuyRestrictionCurrent": 0
      }
    },
    {
      "_id": "6507ff1f644a656aee0f7379",
      "_tpl": "5c13cd2486f774072c757944",
      "parentId": "hideout",
      "slotId": "hideout",
      "upd": {
        "UnlimitedCount": true,
        "StackObjectsCount": 1695000
      }
    },
    {
      "_id": "6507ff1f644a656aee0f737b",
      "_tpl": "5aa2ba71e5b5b000137b758f",
      "parentId": "hideout",
      "slotId": "hideout",
      "upd": {
        "StackObjectsCount": 4248,
        "BuyRestrictionMax": 2,
        "BuyRestrictionCurrent": 0
      }
    },
    {
      "_id": "6507ff1f644a656aee0f737d",
      "_tpl": "5e9db13186f7742f845ee9d3",
      "parentId": "hideout",
      "slotId": "hideout",
      "upd": {
        "StackObjectsCount": 1455,
        "BuyRestrictionMax": 2,
        "BuyRestrictionCurrent": 0
      }
    },
    {
      "_id": "6507ff1f644a656aee0f737f",
      "_tpl": "5d5d646386f7742797261fd9",
      "parentId": "hideout",
      "slotId": "hideout",
      "upd": {
        "StackObjectsCount": 19755,
        "BuyRestrictionMax": 1,
        "BuyRestrictionCurrent": 0
      }
    },
    {
      "_id": "6507ff1f644a656aee0f7381",
      "_tpl": "5e9dacf986f774054d6b89f4",
      "parentId": "hideout",
      "slotId": "hideout",
      "upd": {
        "StackObjectsCount": 2935,
        "BuyRestrictionMax": 1,
        "BuyRestrictionCurrent": 0
      }
    },
    {
      "_id": "6507ff1f644a656aee0f7383",
      "_tpl": "62a1b7fbc30cfa1d366af586",
      "parentId": "hideout",
      "slotId": "hideout",
      "upd": {
        "StackObjectsCount": 18645,
        "BuyRestrictionMax": 5,
        "BuyRestrictionCurrent": 0
      }
    },
    {
      "_id": "6507ff1f644a656aee0f7385",
      "_tpl": "6038d614d10cbf667352dd44",
      "parentId": "hideout",
      "slotId": "hideout",
      "upd": {
        "StackObjectsCount": 4398,
        "BuyRestrictionMax": 5,
        "BuyRestrictionCurrent": 0
      }
    },
    {
      "_id": "652376e2f6c67195e4061137",
      "_tpl": "5aa7e4a4e5b5b000137b76f2",
      "parentId": "hideout",
      "slotId": "hideout",
      "upd": {
        "StackObjectsCount": 200,
        "BuyRestrictionMax": 3
      }
    }
  ],
  "barter_scheme": {
    "6507ff1e644a656aee0f722f": [
      [
        {
          "count": 42236,
          "_tpl": "5449016a4bdc2d6f028b456f"
        }
      ]
    ],
    "6507ff1e644a656aee0f7235": [
      [
        {
          "count": 34548,
          "_tpl": "5449016a4bdc2d6f028b456f"
        }
      ]
    ],
    "6507ff1e644a656aee0f7237": [
      [
        {
          "count": 7,
          "_tpl": "5d40412b86f7743cb332ac3a"
        },
        {
          "count": 5,
          "_tpl": "5d4041f086f7743cac3f22a7"
        }
      ]
    ],
    "6507ff1e644a656aee0f7239": [
      [
        {
          "count": 4,
          "_tpl": "590a3cd386f77436f20848cb"
        }
      ]
    ],
    "6507ff1e644a656aee0f723b": [
      [
        {
          "count": 2,
          "_tpl": "5d1b376e86f774252519444e"
        },
        {
          "count": 5,
          "_tpl": "5d40407c86f774318526545a"
        }
      ]
    ],
    "6507ff1e644a656aee0f723d": [
      [
        {
          "count": 10673,
          "_tpl": "5449016a4bdc2d6f028b456f"
        }
      ]
    ],
    "6507ff1e644a656aee0f723f": [
      [
        {
          "count": 45177,
          "_tpl": "5449016a4bdc2d6f028b456f"
        }
      ]
    ],
    "6507ff1e644a656aee0f7241": [
      [
        {
          "count": 12496,
          "_tpl": "5449016a4bdc2d6f028b456f"
        }
      ]
    ],
    "6507ff1e644a656aee0f7243": [
      [
        {
          "count": 47598,
          "_tpl": "5449016a4bdc2d6f028b456f"
        }
      ]
    ],
    "6507ff1e644a656aee0f7245": [
      [
        {
          "count": 23780,
          "_tpl": "5449016a4bdc2d6f028b456f"
        }
      ]
    ],
    "6507ff1e644a656aee0f7247": [
      [
        {
          "count": 45029,
          "_tpl": "5449016a4bdc2d6f028b456f"
        }
      ]
    ],
    "6507ff1e644a656aee0f7249": [
      [
        {
          "count": 1853,
          "_tpl": "5449016a4bdc2d6f028b456f"
        }
      ]
    ],
    "6507ff1e644a656aee0f724b": [
      [
        {
          "count": 8137,
          "_tpl": "5449016a4bdc2d6f028b456f"
        }
      ]
    ],
    "6507ff1e644a656aee0f724d": [
      [
        {
          "count": 29154,
          "_tpl": "5449016a4bdc2d6f028b456f"
        }
      ]
    ],
    "6507ff1e644a656aee0f724f": [
      [
        {
          "count": 23882,
          "_tpl": "5449016a4bdc2d6f028b456f"
        }
      ]
    ],
    "6507ff1e644a656aee0f7251": [
      [
        {
          "count": 1,
          "_tpl": "5e2af29386f7746d4159f077"
        }
      ]
    ],
    "6507ff1e644a656aee0f7253": [
      [
        {
          "count": 4,
          "_tpl": "545cdb794bdc2d3a198b456a"
        }
      ]
    ],
    "6507ff1e644a656aee0f7255": [
      [
        {
          "count": 8,
          "_tpl": "59e3556c86f7741776641ac2"
        },
        {
          "count": 4,
          "_tpl": "5e2af41e86f774755a234b67"
        }
      ]
    ],
    "6507ff1e644a656aee0f7257": [
      [
        {
          "count": 1916,
          "_tpl": "5449016a4bdc2d6f028b456f"
        }
      ]
    ],
    "6507ff1e644a656aee0f7259": [
      [
        {
          "count": 47102,
          "_tpl": "5449016a4bdc2d6f028b456f"
        }
      ]
    ],
    "6507ff1e644a656aee0f725b": [
      [
        {
          "count": 2252,
          "_tpl": "5449016a4bdc2d6f028b456f"
        }
      ]
    ],
    "6507ff1e644a656aee0f725d": [
      [
        {
          "count": 170292,
          "_tpl": "5449016a4bdc2d6f028b456f"
        }
      ]
    ],
    "6507ff1e644a656aee0f725f": [
      [
        {
          "count": 3,
          "_tpl": "5751435d24597720a27126d1"
        }
      ]
    ],
    "6507ff1e644a656aee0f7261": [
      [
        {
          "count": 1,
          "_tpl": "5780cf7f2459777de4559322"
        },
        {
          "count": 1,
          "_tpl": "5a0dc95c86f77452440fc675"
        },
        {
          "count": 5,
          "_tpl": "5c12688486f77426843c7d32"
        }
      ]
    ],
    "6507ff1e644a656aee0f7263": [
      [
        {
          "count": 56660,
          "_tpl": "5449016a4bdc2d6f028b456f"
        }
      ]
    ],
    "6507ff1e644a656aee0f7265": [
      [
        {
          "count": 35876,
          "_tpl": "5449016a4bdc2d6f028b456f"
        }
      ]
    ],
    "6507ff1e644a656aee0f7267": [
      [
        {
          "count": 3,
          "_tpl": "5aa2b923e5b5b000137b7589"
        },
        {
          "count": 3,
          "_tpl": "5ac4c50d5acfc40019262e87"
        }
      ]
    ],
    "6507ff1e644a656aee0f7269": [
      [
        {
          "count": 4,
          "_tpl": "5c0fa877d174af02a012e1cf"
        },
        {
          "count": 1,
          "_tpl": "5e8f3423fd7471236e6e3b64"
        }
      ]
    ],
    "6507ff1e644a656aee0f726b": [
      [
        {
          "count": 22644,
          "_tpl": "5449016a4bdc2d6f028b456f"
        }
      ]
    ],
    "6507ff1e644a656aee0f726d": [
      [
        {
          "count": 1,
          "_tpl": "590de71386f774347051a052"
        }
      ]
    ],
    "6507ff1e644a656aee0f726f": [
      [
        {
          "count": 27828,
          "_tpl": "5449016a4bdc2d6f028b456f"
        }
      ]
    ],
    "6507ff1e644a656aee0f7271": [
      [
        {
          "count": 90292,
          "_tpl": "5449016a4bdc2d6f028b456f"
        }
      ]
    ],
    "6507ff1e644a656aee0f7273": [
      [
        {
          "count": 4485,
          "_tpl": "5449016a4bdc2d6f028b456f"
        }
      ]
    ],
    "6507ff1e644a656aee0f7275": [
      [
        {
          "count": 2,
          "_tpl": "59e3556c86f7741776641ac2"
        }
      ]
    ],
    "6507ff1e644a656aee0f7277": [
      [
        {
          "count": 51443,
          "_tpl": "5449016a4bdc2d6f028b456f"
        }
      ]
    ],
    "6507ff1e644a656aee0f7279": [
      [
        {
          "count": 124769,
          "_tpl": "5449016a4bdc2d6f028b456f"
        }
      ]
    ],
    "6507ff1e644a656aee0f727b": [
      [
        {
          "count": 2409,
          "_tpl": "5449016a4bdc2d6f028b456f"
        }
      ]
    ],
    "6507ff1e644a656aee0f727d": [
      [
        {
          "count": 67114,
          "_tpl": "5449016a4bdc2d6f028b456f"
        }
      ]
    ],
    "6507ff1e644a656aee0f727f": [
      [
        {
          "count": 103874,
          "_tpl": "5449016a4bdc2d6f028b456f"
        }
      ]
    ],
    "6507ff1e644a656aee0f7281": [
      [
        {
          "count": 593,
          "_tpl": "5449016a4bdc2d6f028b456f"
        }
      ]
    ],
    "6507ff1e644a656aee0f7283": [
      [
        {
          "count": 5,
          "_tpl": "5b432c305acfc40019478128"
        },
        {
          "count": 6,
          "_tpl": "5b4326435acfc433000ed01d"
        }
      ]
    ],
    "6507ff1e644a656aee0f7285": [
      [
        {
          "count": 3,
          "_tpl": "57347b8b24597737dd42e192"
        }
      ]
    ],
    "6507ff1e644a656aee0f7287": [
      [
        {
          "count": 2,
          "_tpl": "5734758f24597738025ee253"
        },
        {
          "count": 3,
          "_tpl": "5af0484c86f7740f02001f7f"
        }
      ]
    ],
    "6507ff1e644a656aee0f7289": [
      [
        {
          "count": 49395,
          "_tpl": "5449016a4bdc2d6f028b456f"
        }
      ]
    ],
    "6507ff1e644a656aee0f728b": [
      [
        {
          "count": 3,
          "_tpl": "5aa7e373e5b5b000137b76f0"
        }
      ]
    ],
    "6507ff1e644a656aee0f728d": [
      [
        {
          "count": 2874,
          "_tpl": "5449016a4bdc2d6f028b456f"
        }
      ]
    ],
    "6507ff1e644a656aee0f728f": [
      [
        {
          "count": 7,
          "_tpl": "59f32c3b86f77472a31742f0",
          "level": 10,
          "side": "Any"
        }
      ]
    ],
    "6507ff1e644a656aee0f7291": [
      [
        {
          "count": 2215,
          "_tpl": "5449016a4bdc2d6f028b456f"
        }
      ]
    ],
    "6507ff1e644a656aee0f7293": [
      [
        {
          "count": 97044,
          "_tpl": "5449016a4bdc2d6f028b456f"
        }
      ]
    ],
    "6507ff1e644a656aee0f7295": [
      [
        {
          "count": 64553,
          "_tpl": "5449016a4bdc2d6f028b456f"
        }
      ]
    ],
    "6507ff1e644a656aee0f7297": [
      [
        {
          "count": 3,
          "_tpl": "572b7fa524597762b747ce82"
        }
      ]
    ],
    "6507ff1e644a656aee0f7299": [
      [
        {
          "count": 4793,
          "_tpl": "5449016a4bdc2d6f028b456f"
        }
      ]
    ],
    "6507ff1e644a656aee0f729b": [
      [
        {
          "count": 6,
          "_tpl": "59f32c3b86f77472a31742f0",
          "level": 20,
          "side": "Any"
        }
      ]
    ],
    "6507ff1e644a656aee0f729d": [
      [
        {
          "count": 10,
          "_tpl": "59f32c3b86f77472a31742f0",
          "level": 20,
          "side": "Any"
        }
      ]
    ],
    "6507ff1e644a656aee0f729f": [
      [
        {
          "count": 49980,
          "_tpl": "5449016a4bdc2d6f028b456f"
        }
      ]
    ],
    "6507ff1e644a656aee0f72a1": [
      [
        {
          "count": 1923,
          "_tpl": "5449016a4bdc2d6f028b456f"
        }
      ]
    ],
    "6507ff1e644a656aee0f72a3": [
      [
        {
          "count": 993,
          "_tpl": "5449016a4bdc2d6f028b456f"
        }
      ]
    ],
    "6507ff1e644a656aee0f72a5": [
      [
        {
          "count": 7584,
          "_tpl": "5449016a4bdc2d6f028b456f"
        }
      ]
    ],
    "6507ff1e644a656aee0f72a7": [
      [
        {
          "count": 6,
          "_tpl": "5d1b392c86f77425243e98fe"
        }
      ]
    ],
    "6507ff1e644a656aee0f72a9": [
      [
        {
          "count": 4,
          "_tpl": "5d235b4d86f7742e017bc88a"
        }
      ]
    ],
    "6507ff1e644a656aee0f72ab": [
      [
        {
          "count": 1823,
          "_tpl": "5449016a4bdc2d6f028b456f"
        }
      ]
    ],
    "6507ff1e644a656aee0f72ad": [
      [
        {
          "count": 4727,
          "_tpl": "5449016a4bdc2d6f028b456f"
        }
      ]
    ],
    "6507ff1e644a656aee0f72b1": [
      [
        {
          "count": 2046,
          "_tpl": "5449016a4bdc2d6f028b456f"
        }
      ]
    ],
    "6507ff1e644a656aee0f72b3": [
      [
        {
          "count": 2268,
          "_tpl": "5449016a4bdc2d6f028b456f"
        }
      ]
    ],
    "6507ff1e644a656aee0f72b5": [
      [
        {
          "count": 60460,
          "_tpl": "5449016a4bdc2d6f028b456f"
        }
      ]
    ],
    "6507ff1e644a656aee0f72b7": [
      [
        {
          "count": 3565,
          "_tpl": "5449016a4bdc2d6f028b456f"
        }
      ]
    ],
    "6507ff1e644a656aee0f72b9": [
      [
        {
          "count": 31766,
          "_tpl": "5449016a4bdc2d6f028b456f"
        }
      ]
    ],
    "6507ff1e644a656aee0f72bb": [
      [
        {
          "count": 66138,
          "_tpl": "5449016a4bdc2d6f028b456f"
        }
      ]
    ],
    "6507ff1e644a656aee0f72bd": [
      [
        {
          "count": 585,
          "_tpl": "5449016a4bdc2d6f028b456f"
        }
      ]
    ],
    "6507ff1e644a656aee0f72bf": [
      [
        {
          "count": 3,
          "_tpl": "59e3639286f7741777737013"
        }
      ]
    ],
    "6507ff1f644a656aee0f72c1": [
      [
        {
          "count": 4,
          "_tpl": "59e366c186f7741778269d85"
        }
      ]
    ],
    "6507ff1f644a656aee0f72c3": [
      [
        {
          "count": 1,
          "_tpl": "5af0484c86f7740f02001f7f"
        },
        {
          "count": 1,
          "_tpl": "57514643245977207f2c2d09"
        },
        {
          "count": 1,
          "_tpl": "575146b724597720a27126d5"
        }
      ]
    ],
    "6507ff1f644a656aee0f72c5": [
      [
        {
          "count": 5,
          "_tpl": "57347c1124597737fb1379e3"
        },
        {
          "count": 1,
          "_tpl": "59faf98186f774067b6be103"
        }
      ]
    ],
    "6507ff1f644a656aee0f72c7": [
      [
        {
          "count": 64479,
          "_tpl": "5449016a4bdc2d6f028b456f"
        }
      ]
    ],
    "6507ff1f644a656aee0f72c9": [
      [
        {
          "count": 5007,
          "_tpl": "5449016a4bdc2d6f028b456f"
        }
      ]
    ],
    "6507ff1f644a656aee0f72cb": [
      [
        {
          "count": 810,
          "_tpl": "5449016a4bdc2d6f028b456f"
        }
      ]
    ],
    "6507ff1f644a656aee0f72cd": [
      [
        {
          "count": 637,
          "_tpl": "5449016a4bdc2d6f028b456f"
        }
      ]
    ],
    "6507ff1f644a656aee0f72cf": [
      [
        {
          "count": 7,
          "_tpl": "5d235b4d86f7742e017bc88a"
        }
      ]
    ],
    "6507ff1f644a656aee0f72d1": [
      [
        {
          "count": 1,
          "_tpl": "59e3577886f774176a362503"
        },
        {
          "count": 3,
          "_tpl": "5673de654bdc2d180f8b456d"
        },
        {
          "count": 5,
          "_tpl": "544fb6cc4bdc2d34748b456e"
        }
      ]
    ],
    "6507ff1f644a656aee0f72d3": [
      [
        {
          "count": 7535,
          "_tpl": "5449016a4bdc2d6f028b456f"
        }
      ]
    ],
    "6507ff1f644a656aee0f72d5": [
      [
        {
          "count": 1,
          "_tpl": "5c1267ee86f77416ec610f72"
        },
        {
          "count": 1,
          "_tpl": "5734758f24597738025ee253"
        }
      ]
    ],
    "6507ff1f644a656aee0f72d7": [
      [
        {
          "count": 41024,
          "_tpl": "5449016a4bdc2d6f028b456f"
        }
      ]
    ],
    "6507ff1f644a656aee0f72d9": [
      [
        {
          "count": 74095,
          "_tpl": "5449016a4bdc2d6f028b456f"
        }
      ]
    ],
    "6507ff1f644a656aee0f72db": [
      [
        {
          "count": 77995,
          "_tpl": "5449016a4bdc2d6f028b456f"
        }
      ]
    ],
    "6507ff1f644a656aee0f72dd": [
      [
        {
          "count": 2028,
          "_tpl": "5449016a4bdc2d6f028b456f"
        }
      ]
    ],
    "6507ff1f644a656aee0f72df": [
      [
        {
          "count": 1,
          "_tpl": "577e1c9d2459773cd707c525"
        }
      ]
    ],
    "6507ff1f644a656aee0f72e1": [
      [
        {
          "count": 14932,
          "_tpl": "5449016a4bdc2d6f028b456f"
        }
      ]
    ],
    "6507ff1f644a656aee0f72e3": [
      [
        {
          "count": 3552,
          "_tpl": "5449016a4bdc2d6f028b456f"
        }
      ]
    ],
    "6507ff1f644a656aee0f72e5": [
      [
        {
          "count": 146442,
          "_tpl": "5449016a4bdc2d6f028b456f"
        }
      ]
    ],
    "6507ff1f644a656aee0f72e7": [
      [
        {
          "count": 2,
          "_tpl": "59e366c186f7741778269d85"
        }
      ]
    ],
    "6507ff1f644a656aee0f72e9": [
      [
        {
          "count": 1,
          "_tpl": "573474f924597738002c6174"
        }
      ]
    ],
    "6507ff1f644a656aee0f72eb": [
      [
        {
          "count": 2,
          "_tpl": "59e770b986f7742cbd762754"
        }
      ]
    ],
    "6507ff1f644a656aee0f72ed": [
      [
        {
          "count": 2,
          "_tpl": "5d235b4d86f7742e017bc88a"
        }
      ]
    ],
    "6507ff1f644a656aee0f72ef": [
      [
        {
          "count": 1,
          "_tpl": "5d235a5986f77443f6329bc6"
        },
        {
          "count": 3,
          "_tpl": "5734758f24597738025ee253"
        }
      ]
    ],
    "6507ff1f644a656aee0f72f1": [
      [
        {
          "count": 3,
          "_tpl": "5e2af4a786f7746d3f3c3400"
        },
        {
          "count": 1,
          "_tpl": "5e2af41e86f774755a234b67"
        }
      ]
    ],
    "6507ff1f644a656aee0f72f3": [
      [
        {
          "count": 3,
          "_tpl": "59e366c186f7741778269d85"
        }
      ]
    ],
    "6507ff1f644a656aee0f72f5": [
      [
        {
          "count": 5217,
          "_tpl": "5449016a4bdc2d6f028b456f"
        }
      ]
    ],
    "6507ff1f644a656aee0f72f7": [
      [
        {
          "count": 26443,
          "_tpl": "5449016a4bdc2d6f028b456f"
        }
      ]
    ],
    "6507ff1f644a656aee0f72f9": [
      [
        {
          "count": 70397,
          "_tpl": "5449016a4bdc2d6f028b456f"
        }
      ]
    ],
    "6507ff1f644a656aee0f72fb": [
      [
        {
          "count": 16859,
          "_tpl": "5449016a4bdc2d6f028b456f"
        }
      ]
    ],
    "6507ff1f644a656aee0f72fd": [
      [
        {
          "count": 228381,
          "_tpl": "5449016a4bdc2d6f028b456f"
        }
      ]
    ],
    "6507ff1f644a656aee0f72ff": [
      [
        {
          "count": 35076,
          "_tpl": "5449016a4bdc2d6f028b456f"
        }
      ]
    ],
    "6507ff1f644a656aee0f7301": [
      [
        {
          "count": 7437,
          "_tpl": "5449016a4bdc2d6f028b456f"
        }
      ]
    ],
    "6507ff1f644a656aee0f7303": [
      [
        {
          "count": 1665,
          "_tpl": "5449016a4bdc2d6f028b456f"
        }
      ]
    ],
    "6507ff1f644a656aee0f7305": [
      [
        {
          "count": 4,
          "_tpl": "590c2d8786f774245b1f03f3"
        },
        {
          "count": 4,
          "_tpl": "590c311186f77424d1667482"
        },
        {
          "count": 1,
          "_tpl": "5d40419286f774318526545f"
        }
      ]
    ],
    "6507ff1f644a656aee0f7307": [
      [
        {
          "count": 3,
          "_tpl": "5734773724597737fd047c14"
        }
      ]
    ],
    "6507ff1f644a656aee0f7309": [
      [
        {
          "count": 24509,
          "_tpl": "5449016a4bdc2d6f028b456f"
        }
      ]
    ],
    "6507ff1f644a656aee0f730b": [
      [
        {
          "count": 6,
          "_tpl": "590c595c86f7747884343ad7"
        },
        {
          "count": 2,
          "_tpl": "5c12688486f77426843c7d32"
        }
      ]
    ],
    "6507ff1f644a656aee0f730d": [
      [
        {
          "count": 36852,
          "_tpl": "5449016a4bdc2d6f028b456f"
        }
      ]
    ],
    "6507ff1f644a656aee0f730f": [
      [
        {
          "count": 5,
          "_tpl": "5d403f9186f7743cac3f229b"
        }
      ]
    ],
    "6507ff1f644a656aee0f7311": [
      [
        {
          "count": 6216,
          "_tpl": "5449016a4bdc2d6f028b456f"
        }
      ]
    ],
    "6507ff1f644a656aee0f7313": [
      [
        {
          "count": 164169,
          "_tpl": "5449016a4bdc2d6f028b456f"
        }
      ]
    ],
    "6507ff1f644a656aee0f7315": [
      [
        {
          "count": 3885,
          "_tpl": "5449016a4bdc2d6f028b456f"
        }
      ]
    ],
    "6507ff1f644a656aee0f7317": [
      [
        {
          "count": 37019,
          "_tpl": "5449016a4bdc2d6f028b456f"
        }
      ]
    ],
    "6507ff1f644a656aee0f7319": [
      [
        {
          "count": 7,
          "_tpl": "59e366c186f7741778269d85"
        }
      ]
    ],
    "6507ff1f644a656aee0f731b": [
      [
        {
          "count": 4,
          "_tpl": "59e3556c86f7741776641ac2"
        },
        {
          "count": 2,
          "_tpl": "5d40412b86f7743cb332ac3a"
        }
      ]
    ],
    "6507ff1f644a656aee0f731d": [
      [
        {
          "count": 27079,
          "_tpl": "5449016a4bdc2d6f028b456f"
        }
      ]
    ],
    "6507ff1f644a656aee0f731f": [
      [
        {
          "count": 1,
          "_tpl": "590c2c9c86f774245b1f03f2"
        }
      ]
    ],
    "6507ff1f644a656aee0f7321": [
      [
        {
          "count": 42180,
          "_tpl": "5449016a4bdc2d6f028b456f"
        }
      ]
    ],
    "6507ff1f644a656aee0f7323": [
      [
        {
          "count": 26418,
          "_tpl": "5449016a4bdc2d6f028b456f"
        }
      ]
    ],
    "6507ff1f644a656aee0f7325": [
      [
        {
          "count": 26654,
          "_tpl": "5449016a4bdc2d6f028b456f"
        }
      ]
    ],
    "6507ff1f644a656aee0f7327": [
      [
        {
          "count": 13517,
          "_tpl": "5449016a4bdc2d6f028b456f"
        }
      ]
    ],
    "6507ff1f644a656aee0f7329": [
      [
        {
          "count": 4,
          "_tpl": "5d5d646386f7742797261fd9"
        }
      ]
    ],
    "6507ff1f644a656aee0f732b": [
      [
        {
          "count": 77548,
          "_tpl": "5449016a4bdc2d6f028b456f"
        }
      ]
    ],
    "6507ff1f644a656aee0f732d": [
      [
        {
          "count": 39960,
          "_tpl": "5449016a4bdc2d6f028b456f"
        }
      ]
    ],
    "6507ff1f644a656aee0f732f": [
      [
        {
          "count": 2,
          "_tpl": "5e2af41e86f774755a234b67"
        },
        {
          "count": 1,
          "_tpl": "5d1b376e86f774252519444e"
        }
      ]
    ],
    "6507ff1f644a656aee0f7331": [
      [
        {
          "count": 1,
          "_tpl": "5bc9be8fd4351e00334cae6e"
        }
      ]
    ],
    "6507ff1f644a656aee0f7333": [
      [
        {
          "count": 3,
          "_tpl": "5c0e655586f774045612eeb2"
        },
        {
          "count": 6,
          "_tpl": "5e2af41e86f774755a234b67"
        },
        {
          "count": 6,
          "_tpl": "5e2af4d286f7746d4159f07a"
        }
      ]
    ],
    "6507ff1f644a656aee0f7335": [
      [
        {
          "count": 64960,
          "_tpl": "5449016a4bdc2d6f028b456f"
        }
      ]
    ],
    "6507ff1f644a656aee0f7337": [
      [
        {
          "count": 1,
          "_tpl": "61bf83814088ec1a363d7097"
        },
        {
          "count": 2,
          "_tpl": "5e2af41e86f774755a234b67"
        },
        {
          "count": 1,
          "_tpl": "5d40407c86f774318526545a"
        }
      ]
    ],
    "6507ff1f644a656aee0f7339": [
      [
        {
          "count": 3,
          "_tpl": "5c0e446786f7742013381639"
        }
      ]
    ],
    "6507ff1f644a656aee0f733b": [
      [
        {
          "count": 11369,
          "_tpl": "5449016a4bdc2d6f028b456f"
        }
      ]
    ],
    "6507ff1f644a656aee0f733d": [
      [
        {
          "count": 59358,
          "_tpl": "5449016a4bdc2d6f028b456f"
        }
      ]
    ],
    "6507ff1f644a656aee0f733f": [
      [
        {
          "count": 37463,
          "_tpl": "5449016a4bdc2d6f028b456f"
        }
      ]
    ],
    "6507ff1f644a656aee0f7341": [
      [
        {
          "count": 18315,
          "_tpl": "5449016a4bdc2d6f028b456f"
        }
      ]
    ],
    "6507ff1f644a656aee0f7343": [
      [
        {
          "count": 10013,
          "_tpl": "5449016a4bdc2d6f028b456f"
        }
      ]
    ],
    "6507ff1f644a656aee0f7345": [
      [
        {
          "count": 2,
          "_tpl": "5734758f24597738025ee253"
        },
        {
          "count": 2,
          "_tpl": "5b3b713c5acfc4330140bd8d"
        }
      ]
    ],
    "6507ff1f644a656aee0f7347": [
      [
        {
          "count": 35964,
          "_tpl": "5449016a4bdc2d6f028b456f"
        }
      ]
    ],
    "6507ff1f644a656aee0f7349": [
      [
        {
          "count": 3519,
          "_tpl": "5449016a4bdc2d6f028b456f"
        }
      ]
    ],
    "6507ff1f644a656aee0f734b": [
      [
        {
          "count": 1,
          "_tpl": "5c0d2727d174af02a012cf58"
        }
      ]
    ],
    "6507ff1f644a656aee0f734d": [
      [
        {
          "count": 99276,
          "_tpl": "5449016a4bdc2d6f028b456f"
        }
      ]
    ],
    "6507ff1f644a656aee0f734f": [
      [
        {
          "count": 4,
          "_tpl": "59e366c186f7741778269d85"
        },
        {
          "count": 1,
          "_tpl": "57347c5b245977448d35f6e1"
        }
      ]
    ],
    "6507ff1f644a656aee0f7351": [
      [
        {
          "count": 439755,
          "_tpl": "5449016a4bdc2d6f028b456f"
        }
      ]
    ],
    "6507ff1f644a656aee0f7353": [
      [
        {
          "count": 1,
          "_tpl": "59e3658a86f7741776641ac4"
        }
      ]
    ],
    "6507ff1f644a656aee0f7355": [
      [
        {
          "count": 1,
          "_tpl": "61bf83814088ec1a363d7097"
        },
        {
          "count": 1,
          "_tpl": "5e2af4a786f7746d3f3c3400"
        },
        {
          "count": 1,
          "_tpl": "5d403f9186f7743cac3f229b"
        }
      ]
    ],
    "6507ff1f644a656aee0f7357": [
      [
        {
          "count": 33465,
          "_tpl": "5449016a4bdc2d6f028b456f"
        }
      ]
    ],
    "6507ff1f644a656aee0f7359": [
      [
        {
          "count": 44400,
          "_tpl": "5449016a4bdc2d6f028b456f"
        }
      ]
    ],
    "6507ff1f644a656aee0f735b": [
      [
        {
          "count": 2,
          "_tpl": "573474f924597738002c6174"
        }
      ]
    ],
    "6507ff1f644a656aee0f735d": [
      [
        {
          "count": 2,
          "_tpl": "5bc9c049d4351e44f824d360"
        },
        {
          "count": 4,
          "_tpl": "590c639286f774151567fa95"
        },
        {
          "count": 2,
          "_tpl": "62a09e73af34e73a266d932a"
        }
      ]
    ],
    "6507ff1f644a656aee0f735f": [
      [
        {
          "count": 1,
          "_tpl": "62a08f4c4f842e1bd12d9d62"
        },
        {
          "count": 1,
          "_tpl": "60b0f7057897d47c5b04ab94"
        }
      ]
    ],
    "6507ff1f644a656aee0f7361": [
      [
        {
          "count": 105.85,
          "_tpl": "569668774bdc2da2298b4568"
        }
      ]
    ],
    "6507ff1f644a656aee0f7363": [
      [
        {
          "count": 70763,
          "_tpl": "5449016a4bdc2d6f028b456f"
        }
      ]
    ],
    "6507ff1f644a656aee0f7365": [
      [
        {
          "count": 1,
          "_tpl": "5e54f62086f774219b0f1937"
        }
      ]
    ],
    "6507ff1f644a656aee0f7367": [
      [
        {
          "count": 48000,
          "_tpl": "5449016a4bdc2d6f028b456f"
        }
      ]
    ],
    "6507ff1f644a656aee0f7369": [
      [
        {
          "count": 1,
          "_tpl": "62a0a16d0b9d3c46de5b6e97"
        }
      ]
    ],
    "6507ff1f644a656aee0f736b": [
      [
        {
          "count": 93148,
          "_tpl": "5449016a4bdc2d6f028b456f"
        }
      ]
    ],
    "6507ff1f644a656aee0f736d": [
      [
        {
          "count": 4,
          "_tpl": "5e2af41e86f774755a234b67"
        },
        {
          "count": 2,
          "_tpl": "62a0a098de7ac8199358053b"
        },
        {
          "count": 4,
          "_tpl": "5e2af47786f7746d404f3aaa"
        }
      ]
    ],
    "6507ff1f644a656aee0f736f": [
      [
        {
          "count": 12443,
          "_tpl": "5449016a4bdc2d6f028b456f"
        }
      ]
    ],
    "6507ff1f644a656aee0f7371": [
      [
        {
          "count": 8954,
          "_tpl": "5449016a4bdc2d6f028b456f"
        }
      ]
    ],
    "6507ff1f644a656aee0f7373": [
      [
        {
          "count": 1,
          "_tpl": "59faf7ca86f7740dbe19f6c2"
        },
        {
          "count": 4,
          "_tpl": "609e8540d5c319764c2bc2e9"
        }
      ]
    ],
    "6507ff1f644a656aee0f7375": [
      [
        {
          "count": 1,
          "_tpl": "62a09e974f842e1bd12da3f0"
        },
        {
          "count": 1,
          "_tpl": "590de7e986f7741b096e5f32"
        }
      ]
    ],
    "6507ff1f644a656aee0f7377": [
      [
        {
          "count": 2338,
          "_tpl": "5449016a4bdc2d6f028b456f"
        }
      ]
    ],
    "6507ff1f644a656aee0f7379": [
      [
        {
          "count": 1,
          "_tpl": "62a0a098de7ac8199358053b"
        }
      ]
    ],
    "6507ff1f644a656aee0f737b": [
      [
        {
          "count": 1,
          "_tpl": "5f745ee30acaeb0d490d8c5b"
        }
      ]
    ],
    "6507ff1f644a656aee0f737d": [
      [
        {
          "count": 1,
          "_tpl": "62a091170b9d3c46de5b6cf2"
        },
        {
          "count": 2,
          "_tpl": "62a09ee4cf4a99369e262453"
        }
      ]
    ],
    "6507ff1f644a656aee0f737f": [
      [
        {
          "count": 3,
          "_tpl": "573474f924597738002c6174"
        },
        {
          "count": 1,
          "_tpl": "590de71386f774347051a052"
        }
      ]
    ],
    "6507ff1f644a656aee0f7381": [
      [
        {
          "count": 2,
          "_tpl": "5f5f41476bdad616ad46d631"
        },
        {
          "count": 4,
          "_tpl": "5e2af4d286f7746d4159f07a"
        },
        {
          "count": 4,
          "_tpl": "5e2af4a786f7746d3f3c3400"
        }
      ]
    ],
    "6507ff1f644a656aee0f7383": [
      [
        {
          "count": 56610,
          "_tpl": "5449016a4bdc2d6f028b456f"
        }
      ]
    ],
    "6507ff1f644a656aee0f7385": [
      [
        {
          "count": 41625,
          "_tpl": "5449016a4bdc2d6f028b456f"
        }
      ]
    ],
    "652376e2f6c67195e4061137": [
      [
        {
          "count": 35000,
          "_tpl": "5449016a4bdc2d6f028b456f"
        }
      ]
    ]
  },
  "loyal_level_items": {
    "6507ff1e644a656aee0f722f": 2,
    "6507ff1e644a656aee0f7235": 2,
    "6507ff1e644a656aee0f7237": 3,
    "6507ff1e644a656aee0f7239": 3,
    "6507ff1e644a656aee0f723b": 4,
    "6507ff1e644a656aee0f723d": 1,
    "6507ff1e644a656aee0f723f": 3,
    "6507ff1e644a656aee0f7241": 1,
    "6507ff1e644a656aee0f7243": 3,
    "6507ff1e644a656aee0f7245": 2,
    "6507ff1e644a656aee0f7247": 3,
    "6507ff1e644a656aee0f7249": 1,
    "6507ff1e644a656aee0f724b": 1,
    "6507ff1e644a656aee0f724d": 1,
    "6507ff1e644a656aee0f724f": 3,
    "6507ff1e644a656aee0f7251": 3,
    "6507ff1e644a656aee0f7253": 4,
    "6507ff1e644a656aee0f7255": 4,
    "6507ff1e644a656aee0f7257": 1,
    "6507ff1e644a656aee0f7259": 2,
    "6507ff1e644a656aee0f725b": 1,
    "6507ff1e644a656aee0f725d": 3,
    "6507ff1e644a656aee0f725f": 1,
    "6507ff1e644a656aee0f7261": 4,
    "6507ff1e644a656aee0f7263": 1,
    "6507ff1e644a656aee0f7265": 4,
    "6507ff1e644a656aee0f7267": 3,
    "6507ff1e644a656aee0f7269": 3,
    "6507ff1e644a656aee0f726b": 1,
    "6507ff1e644a656aee0f726d": 3,
    "6507ff1e644a656aee0f726f": 2,
    "6507ff1e644a656aee0f7271": 3,
    "6507ff1e644a656aee0f7273": 2,
    "6507ff1e644a656aee0f7275": 1,
    "6507ff1e644a656aee0f7277": 2,
    "6507ff1e644a656aee0f7279": 4,
    "6507ff1e644a656aee0f727b": 1,
    "6507ff1e644a656aee0f727d": 3,
    "6507ff1e644a656aee0f727f": 4,
    "6507ff1e644a656aee0f7281": 1,
    "6507ff1e644a656aee0f7283": 3,
    "6507ff1e644a656aee0f7285": 2,
    "6507ff1e644a656aee0f7287": 3,
    "6507ff1e644a656aee0f7289": 4,
    "6507ff1e644a656aee0f728b": 3,
    "6507ff1e644a656aee0f728d": 1,
    "6507ff1e644a656aee0f728f": 2,
    "6507ff1e644a656aee0f7291": 1,
    "6507ff1e644a656aee0f7293": 4,
    "6507ff1e644a656aee0f7295": 2,
    "6507ff1e644a656aee0f7297": 1,
    "6507ff1e644a656aee0f7299": 2,
    "6507ff1e644a656aee0f729b": 4,
    "6507ff1e644a656aee0f729d": 4,
    "6507ff1e644a656aee0f729f": 3,
    "6507ff1e644a656aee0f72a1": 1,
    "6507ff1e644a656aee0f72a3": 1,
    "6507ff1e644a656aee0f72a5": 4,
    "6507ff1e644a656aee0f72a7": 4,
    "6507ff1e644a656aee0f72a9": 3,
    "6507ff1e644a656aee0f72ab": 1,
    "6507ff1e644a656aee0f72ad": 3,
    "6507ff1e644a656aee0f72af": 3,
    "6507ff1e644a656aee0f72b1": 1,
    "6507ff1e644a656aee0f72b3": 2,
    "6507ff1e644a656aee0f72b5": 2,
    "6507ff1e644a656aee0f72b7": 3,
    "6507ff1e644a656aee0f72b9": 2,
    "6507ff1e644a656aee0f72bb": 3,
    "6507ff1e644a656aee0f72bd": 1,
    "6507ff1e644a656aee0f72bf": 4,
    "6507ff1f644a656aee0f72c1": 4,
    "6507ff1f644a656aee0f72c3": 2,
    "6507ff1f644a656aee0f72c5": 2,
    "6507ff1f644a656aee0f72c7": 2,
    "6507ff1f644a656aee0f72c9": 2,
    "6507ff1f644a656aee0f72cb": 1,
    "6507ff1f644a656aee0f72cd": 1,
    "6507ff1f644a656aee0f72cf": 3,
    "6507ff1f644a656aee0f72d1": 3,
    "6507ff1f644a656aee0f72d3": 4,
    "6507ff1f644a656aee0f72d5": 4,
    "6507ff1f644a656aee0f72d7": 3,
    "6507ff1f644a656aee0f72d9": 3,
    "6507ff1f644a656aee0f72db": 2,
    "6507ff1f644a656aee0f72dd": 1,
    "6507ff1f644a656aee0f72df": 1,
    "6507ff1f644a656aee0f72e1": 2,
    "6507ff1f644a656aee0f72e3": 3,
    "6507ff1f644a656aee0f72e5": 4,
    "6507ff1f644a656aee0f72e7": 2,
    "6507ff1f644a656aee0f72e9": 1,
    "6507ff1f644a656aee0f72eb": 2,
    "6507ff1f644a656aee0f72ed": 4,
    "6507ff1f644a656aee0f72ef": 4,
    "6507ff1f644a656aee0f72f1": 2,
    "6507ff1f644a656aee0f72f3": 3,
    "6507ff1f644a656aee0f72f5": 4,
    "6507ff1f644a656aee0f72f7": 2,
    "6507ff1f644a656aee0f72f9": 2,
    "6507ff1f644a656aee0f72fb": 2,
    "6507ff1f644a656aee0f72fd": 3,
    "6507ff1f644a656aee0f72ff": 2,
    "6507ff1f644a656aee0f7301": 4,
    "6507ff1f644a656aee0f7303": 3,
    "6507ff1f644a656aee0f7305": 3,
    "6507ff1f644a656aee0f7307": 3,
    "6507ff1f644a656aee0f7309": 1,
    "6507ff1f644a656aee0f730b": 4,
    "6507ff1f644a656aee0f730d": 4,
    "6507ff1f644a656aee0f730f": 3,
    "6507ff1f644a656aee0f7311": 3,
    "6507ff1f644a656aee0f7313": 3,
    "6507ff1f644a656aee0f7315": 2,
    "6507ff1f644a656aee0f7317": 4,
    "6507ff1f644a656aee0f7319": 4,
    "6507ff1f644a656aee0f731b": 3,
    "6507ff1f644a656aee0f731d": 1,
    "6507ff1f644a656aee0f731f": 2,
    "6507ff1f644a656aee0f7321": 2,
    "6507ff1f644a656aee0f7323": 3,
    "6507ff1f644a656aee0f7325": 2,
    "6507ff1f644a656aee0f7327": 2,
    "6507ff1f644a656aee0f7329": 2,
    "6507ff1f644a656aee0f732b": 3,
    "6507ff1f644a656aee0f732d": 2,
    "6507ff1f644a656aee0f732f": 4,
    "6507ff1f644a656aee0f7331": 1,
    "6507ff1f644a656aee0f7333": 4,
    "6507ff1f644a656aee0f7335": 3,
    "6507ff1f644a656aee0f7337": 3,
    "6507ff1f644a656aee0f7339": 2,
    "6507ff1f644a656aee0f733b": 1,
    "6507ff1f644a656aee0f733d": 3,
    "6507ff1f644a656aee0f733f": 3,
    "6507ff1f644a656aee0f7341": 3,
    "6507ff1f644a656aee0f7343": 1,
    "6507ff1f644a656aee0f7345": 2,
    "6507ff1f644a656aee0f7347": 2,
    "6507ff1f644a656aee0f7349": 2,
    "6507ff1f644a656aee0f734b": 1,
    "6507ff1f644a656aee0f734d": 3,
    "6507ff1f644a656aee0f734f": 4,
    "6507ff1f644a656aee0f7351": 4,
    "6507ff1f644a656aee0f7353": 3,
    "6507ff1f644a656aee0f7355": 2,
    "6507ff1f644a656aee0f7357": 2,
    "6507ff1f644a656aee0f7359": 3,
    "6507ff1f644a656aee0f735b": 1,
    "6507ff1f644a656aee0f735d": 3,
    "6507ff1f644a656aee0f735f": 4,
    "6507ff1f644a656aee0f7361": 1,
    "6507ff1f644a656aee0f7363": 3,
    "6507ff1f644a656aee0f7365": 1,
    "6507ff1f644a656aee0f7367": 1,
    "6507ff1f644a656aee0f7369": 3,
    "6507ff1f644a656aee0f736b": 3,
    "6507ff1f644a656aee0f736d": 3,
    "6507ff1f644a656aee0f736f": 1,
    "6507ff1f644a656aee0f7371": 1,
    "6507ff1f644a656aee0f7373": 4,
    "6507ff1f644a656aee0f7375": 3,
    "6507ff1f644a656aee0f7377": 1,
    "6507ff1f644a656aee0f7379": 1,
    "6507ff1f644a656aee0f737b": 2,
    "6507ff1f644a656aee0f737d": 4,
    "6507ff1f644a656aee0f737f": 2,
    "6507ff1f644a656aee0f7381": 4,
    "6507ff1f644a656aee0f7383": 3,
    "6507ff1f644a656aee0f7385": 2,
    "652376e2f6c67195e4061137": 3
  }
}