{"Caliber1143x23ACP":[{"tpl":"5e81f423763d9f754677bf2e","relativeProbability":29241},{"tpl":"5efb0fc6aeb21837e749c801","relativeProbability":1920},{"tpl":"5efb0d4f4bc50b58e81710f3","relativeProbability":2820},{"tpl":"5efb0cabfb3e451d70735af5","relativeProbability":3863},{"tpl":"5ea2a8e200685063ec28c05a","relativeProbability":2961}],"Caliber127x55":[{"tpl":"5cadf6e5ae921500113bb973","relativeProbability":8263},{"tpl":"5cadf6ddae9215051e1c23b2","relativeProbability":8162},{"tpl":"5cadf6eeae921500134b2799","relativeProbability":6052}],"Caliber12g":[{"tpl":"5d6e6911a4b9361bd5780d52","relativeProbability":3038},{"tpl":"5d6e68d1a4b93622fe60e845","relativeProbability":1971},{"tpl":"560d5e524bdc2d25448b4571","relativeProbability":27639},{"tpl":"58820d1224597753c90aeb13","relativeProbability":4918},{"tpl":"5d6e6806a4b936088465b17e","relativeProbability":5050},{"tpl":"5d6e6869a4b9361c140bcfde","relativeProbability":3913},{"tpl":"5d6e6891a4b9361bd473feea","relativeProbability":2878},{"tpl":"5d6e68c4a4b9361b93413f79","relativeProbability":6811},{"tpl":"5c0d591486f7744c505b416f","relativeProbability":5211},{"tpl":"5d6e68a8a4b9360b6c0d54e2","relativeProbability":6587},{"tpl":"64b8ee384b75259c590fa89b","relativeProbability":4887},{"tpl":"5d6e68b3a4b9361bca7e50b5","relativeProbability":2887},{"tpl":"5d6e689ca4b9361bc8618956","relativeProbability":2888},{"tpl":"5d6e68dea4b9361bcc29e659","relativeProbability":2925},{"tpl":"5d6e68e6a4b9361c140bcfe0","relativeProbability":2043}],"Caliber20g":[{"tpl":"5d6e695fa4b936359b35d852","relativeProbability":4927},{"tpl":"5a38ebd9c4a282000d722a5b","relativeProbability":15955},{"tpl":"5d6e6a05a4b93618084f58d0","relativeProbability":4910},{"tpl":"5d6e69c7a4b9360b6c0d54e4","relativeProbability":3890},{"tpl":"5d6e69b9a4b9361bc8618958","relativeProbability":4990},{"tpl":"5d6e6a42a4b9364f07165f52","relativeProbability":3839},{"tpl":"5d6e6a5fa4b93614ec501745","relativeProbability":2958},{"tpl":"5d6e6a53a4b9361bd473feec","relativeProbability":3892}],"Caliber23x75":[{"tpl":"5f647f31b6238e5dd066e196","relativeProbability":4916},{"tpl":"5e85a9f4add9fe03027d9bf1","relativeProbability":1698},{"tpl":"5e85a9a6eacf8c039e4e2ac1","relativeProbability":4858},{"tpl":"5e85aa1a988a8701445df1f5","relativeProbability":3382}],"Caliber26x75":[{"tpl":"62389be94d5d474bf712e709","relativeProbability":1579},{"tpl":"62389aaba63f32501b1b444f","relativeProbability":11025},{"tpl":"62389ba9a63f32501b1b4451","relativeProbability":839},{"tpl":"62389bc9423ed1685422dc57","relativeProbability":1733},{"tpl":"635267f063651329f75a4ee8","relativeProbability":96}],"Caliber366TKM":[{"tpl":"59e6658b86f77411d949b250","relativeProbability":3828},{"tpl":"59e6542b86f77411dc52a77a","relativeProbability":9147},{"tpl":"59e655cb86f77411dc52a77b","relativeProbability":11206},{"tpl":"5f0596629e22f464da6bbdd9","relativeProbability":3130}],"Caliber40mmRU":[{"tpl":"5656eb674bdc2d35148b457c","relativeProbability":57034}],"Caliber40x46":[{"tpl":"5f0c892565703e5c461894e9","relativeProbability":21875},{"tpl":"5ede475b549eed7c6d5c18fb","relativeProbability":21639},{"tpl":"5ede4739e0350d05467f73e8","relativeProbability":21472},{"tpl":"5ede475339ee016e8c534742","relativeProbability":5696},{"tpl":"5ede474b0c226a66f5402622","relativeProbability":2176},{"tpl":"5ede47405b097655935d7d16","relativeProbability":1103}],"Caliber46x30":[{"tpl":"5ba26812d4351e003201fef1","relativeProbability":7783},{"tpl":"5ba2678ad4351e44f824b344","relativeProbability":10842},{"tpl":"64b6979341772715af0f9c39","relativeProbability":11076},{"tpl":"5ba26835d4351e0035628ff5","relativeProbability":3823},{"tpl":"5ba26844d4351e00334c9475","relativeProbability":969}],"Caliber545x39":[{"tpl":"56dff3afd2720bba668b4567","relativeProbability":84473},{"tpl":"56dff061d2720bb5668b4567","relativeProbability":15505},{"tpl":"56dff2ced2720bb4668b4567","relativeProbability":41193},{"tpl":"56dff216d2720bbd668b4568","relativeProbability":12795},{"tpl":"56dff0bed2720bb0668b4567","relativeProbability":23713},{"tpl":"61962b617c6c7b169525f168","relativeProbability":5080},{"tpl":"56dff4a2d2720bbd668b456a","relativeProbability":29333},{"tpl":"56dff026d2720bb8668b4567","relativeProbability":9875},{"tpl":"56dff421d2720b5f5a8b4567","relativeProbability":12958},{"tpl":"56dff338d2720bbd668b4569","relativeProbability":46986},{"tpl":"56dfef82d2720bbd668b4567","relativeProbability":14528},{"tpl":"56dff4ecd2720b5f5a8b4568","relativeProbability":29597},{"tpl":"5c0d5e4486f77478390952fe","relativeProbability":4517}],"Caliber556x45NATO":[{"tpl":"59e6927d86f77411da468256","relativeProbability":9783},{"tpl":"59e6920f86f77411d82aa167","relativeProbability":38025},{"tpl":"59e6918f86f7746c9f75e849","relativeProbability":5701},{"tpl":"60194943740c5d77f6705eea","relativeProbability":3025},{"tpl":"59e68f6f86f7746c9f75e846","relativeProbability":8651},{"tpl":"54527a984bdc2d4e668b4567","relativeProbability":12745},{"tpl":"5c0d5ae286f7741e46554302","relativeProbability":4718},{"tpl":"59e6906286f7746c9f75e847","relativeProbability":7877},{"tpl":"601949593ae8f707c4608daa","relativeProbability":2314},{"tpl":"54527ac44bdc2d36668b4567","relativeProbability":6854},{"tpl":"59e690b686f7746c9f75e848","relativeProbability":3321}],"Caliber57x28":[{"tpl":"5cc80f67e4a949035e43bbba","relativeProbability":5392},{"tpl":"5cc80f8fe4a949033b0224a2","relativeProbability":20699},{"tpl":"5cc86840d7f00c002412c56c","relativeProbability":3859},{"tpl":"5cc86832d7f00c000d3a6e6c","relativeProbability":3976},{"tpl":"5cc80f38e4a949001152b560","relativeProbability":3328},{"tpl":"5cc80f79e4a949033c7343b2","relativeProbability":8638},{"tpl":"5cc80f53e4a949000e1ea4f8","relativeProbability":5306}],"Caliber762x25TT":[{"tpl":"5736026a245977644601dc61","relativeProbability":30861},{"tpl":"573601b42459776410737435","relativeProbability":9817},{"tpl":"5735ff5c245977640e39ba7e","relativeProbability":19136}],"Caliber762x35":[{"tpl":"6196364158ef8c428c287d9f","relativeProbability":1936},{"tpl":"6196365d58ef8c428c287da1","relativeProbability":2911},{"tpl":"5fbe3ffdf8b6a877a729ea82","relativeProbability":7466},{"tpl":"619636be6db0f2477964e710","relativeProbability":1927},{"tpl":"5fd20ff893a8961fc660a954","relativeProbability":4516},{"tpl":"64b8725c4b75259c590fa899","relativeProbability":4878}],"Caliber762x39":[{"tpl":"59e0d99486f7744a32234762","relativeProbability":13086},{"tpl":"64b7af5a8532cf95ee0a0dbd","relativeProbability":31775},{"tpl":"64b7af434b75259c590fa893","relativeProbability":11368},{"tpl":"5656d7c34bdc2d9d198b4587","relativeProbability":60888},{"tpl":"59e4cf5286f7741778269d8a","relativeProbability":14638},{"tpl":"64b7af734b75259c590fa895","relativeProbability":13748},{"tpl":"59e4d3d286f774176a36250a","relativeProbability":10425},{"tpl":"601aa3d2b2bcb34913271e6d","relativeProbability":2268},{"tpl":"59e4d24686f7741776641ac7","relativeProbability":2539}],"Caliber762x51":[{"tpl":"5e023e53d4353e3302577c4c","relativeProbability":29120},{"tpl":"5e023e6e34d52a55c3304f71","relativeProbability":3987},{"tpl":"58dd3ad986f77403051cba8f","relativeProbability":11980},{"tpl":"5a608bf24f39f98ffc77720e","relativeProbability":6818},{"tpl":"5e023e88277cce2b522ff2b1","relativeProbability":3973},{"tpl":"5efb0c1bd79ff02a1f5e68d9","relativeProbability":1198},{"tpl":"5a6086ea4f39f99cd479502f","relativeProbability":3221}],"Caliber762x54R":[{"tpl":"64b8f7968532cf95ee0a0dbf","relativeProbability":10634},{"tpl":"5887431f2459777e1612938f","relativeProbability":15545},{"tpl":"64b8f7b5389d7ffd620ccba2","relativeProbability":7363},{"tpl":"59e77a2386f7742ee578960a","relativeProbability":5878},{"tpl":"64b8f7c241772715af0f9c3d","relativeProbability":10418},{"tpl":"560d61e84bdc2da74d8b4571","relativeProbability":2794},{"tpl":"5e023d48186a883be655e551","relativeProbability":1882},{"tpl":"5e023cf8186a883be655e54f","relativeProbability":4975},{"tpl":"5e023d34e8a400319a28ed44","relativeProbability":3430}],"Caliber86x70":[{"tpl":"5fc382a9d724d907e2077dab","relativeProbability":1063},{"tpl":"5fc275cf85fd526b824a571a","relativeProbability":2241},{"tpl":"5fc382c1016cce60e8341b20","relativeProbability":2026},{"tpl":"5fc382b6d6fa9c00c571bbc3","relativeProbability":955}],"Caliber9x18PM":[{"tpl":"573719762459775a626ccbc1","relativeProbability":96900},{"tpl":"5737218f245977612125ba51","relativeProbability":23956},{"tpl":"573719df2459775a626ccbc2","relativeProbability":18655},{"tpl":"5737207f24597760ff7b25f2","relativeProbability":8065},{"tpl":"57371e4124597760ff7b25f1","relativeProbability":14019},{"tpl":"57372140245977611f70ee91","relativeProbability":25487},{"tpl":"57371aab2459775a77142f22","relativeProbability":10375},{"tpl":"573718ba2459775a75491131","relativeProbability":17394},{"tpl":"57371b192459775a9f58a5e0","relativeProbability":9498},{"tpl":"57371f8d24597761006c6a81","relativeProbability":2779},{"tpl":"5737201124597760fc4431f1","relativeProbability":11242},{"tpl":"57371f2b24597761224311f1","relativeProbability":2908}],"Caliber9x19PARA":[{"tpl":"56d59d3ad2720bdb418b4577","relativeProbability":82205},{"tpl":"64b7bbb74b75259c590fa897","relativeProbability":73299},{"tpl":"5c0d56a986f774449d5de529","relativeProbability":7890},{"tpl":"58864a4f2459770fcc257101","relativeProbability":8116},{"tpl":"5a3c16fe86f77452b62de32a","relativeProbability":6754},{"tpl":"5c925fa22e221601da359b7b","relativeProbability":3279},{"tpl":"5c3df7d588a4501f290594e5","relativeProbability":6841},{"tpl":"5efb0e16aeb21837e749c7ff","relativeProbability":2834},{"tpl":"5efb0da7a29a85116f6ea05f","relativeProbability":3604}],"Caliber9x21":[{"tpl":"5a269f97c4a282000b151807","relativeProbability":8445},{"tpl":"5a26abfac4a28232980eabff","relativeProbability":15802},{"tpl":"5a26ac06c4a282000c5a90a8","relativeProbability":11318},{"tpl":"5a26ac0ec4a28200741e1e18","relativeProbability":8915}],"Caliber9x33R":[{"tpl":"62330c18744e5e31df12f516","relativeProbability":1952},{"tpl":"62330b3ed4dc74626d570b95","relativeProbability":10441},{"tpl":"62330bfadc5883093563729b","relativeProbability":2911},{"tpl":"62330c40bdd19b369e1e53d1","relativeProbability":3851}],"Caliber9x39":[{"tpl":"61962d879bb3d20b0946d385","relativeProbability":6911},{"tpl":"57a0e5022459774d1673f889","relativeProbability":11827},{"tpl":"5c0d688c86f77413ae3407b2","relativeProbability":5000},{"tpl":"5c0d668f86f7747ccb7f13b2","relativeProbability":8993},{"tpl":"57a0dfb82459774d3078b56c","relativeProbability":6281}]}