{
  "items": [
    {
      "_id": "6507ff32644a656aee0f8a15",
      "_tpl": "574eb85c245977648157eec3",
      "parentId": "hideout",
      "slotId": "hideout",
      "upd": {
        "UnlimitedCount": true,
        "StackObjectsCount": 2530000
      }
    },
    {
      "_id": "6507ff32644a656aee0f8a17",
      "_tpl": "590c657e86f77412b013051d",
      "parentId": "hideout",
      "slotId": "hideout",
      "upd": {
        "StackObjectsCount": 7000,
        "BuyRestrictionMax": 3,
        "BuyRestrictionCurrent": 0
      }
    },
    {
      "_id": "6507ff32644a656aee0f8a19",
      "_tpl": "5751487e245977207e26a315",
      "parentId": "hideout",
      "slotId": "hideout",
      "upd": {
        "StackObjectsCount": 99992,
        "BuyRestrictionMax": 4,
        "BuyRestrictionCurrent": 0
      }
    },
    {
      "_id": "6507ff32644a656aee0f8a1b",
      "_tpl": "544fb3364bdc2d34748b456a",
      "parentId": "hideout",
      "slotId": "hideout",
      "upd": {
        "UnlimitedCount": true,
        "StackObjectsCount": 2530000
      }
    },
    {
      "_id": "6507ff32644a656aee0f8a1d",
      "_tpl": "544fb3f34bdc2d03748b456a",
      "parentId": "hideout",
      "slotId": "hideout",
      "upd": {
        "UnlimitedCount": true,
        "StackObjectsCount": 2530000,
        "BuyRestrictionMax": 4,
        "BuyRestrictionCurrent": 0
      }
    },
    {
      "_id": "6507ff32644a656aee0f8a1f",
      "_tpl": "544fb45d4bdc2dee738b4568",
      "parentId": "hideout",
      "slotId": "hideout",
      "upd": {
        "StackObjectsCount": 9991,
        "BuyRestrictionMax": 5,
        "BuyRestrictionCurrent": 0
      }
    },
    {
      "_id": "6507ff32644a656aee0f8a21",
      "_tpl": "590c661e86f7741e566b646a",
      "parentId": "hideout",
      "slotId": "hideout",
      "upd": {
        "UnlimitedCount": true,
        "StackObjectsCount": 2530000
      }
    },
    {
      "_id": "6507ff32644a656aee0f8a23",
      "_tpl": "590c695186f7741e566b64a2",
      "parentId": "hideout",
      "slotId": "hideout",
      "upd": {
        "StackObjectsCount": 4000,
        "BuyRestrictionMax": 2,
        "BuyRestrictionCurrent": 0
      }
    },
    {
      "_id": "6507ff32644a656aee0f8a25",
      "_tpl": "59fb042886f7746c5005a7b2",
      "parentId": "hideout",
      "slotId": "hideout",
      "upd": {
        "StackObjectsCount": 1989,
        "BuyRestrictionMax": 1,
        "BuyRestrictionCurrent": 0
      }
    },
    {
      "_id": "6507ff33644a656aee0f8a27",
      "_tpl": "590c5d4b86f774784e1b9c45",
      "parentId": "hideout",
      "slotId": "hideout",
      "upd": {
        "StackObjectsCount": 9982,
        "BuyRestrictionMax": 2,
        "BuyRestrictionCurrent": 0
      }
    },
    {
      "_id": "6507ff33644a656aee0f8a29",
      "_tpl": "544fb37f4bdc2dee738b4567",
      "parentId": "hideout",
      "slotId": "hideout",
      "upd": {
        "UnlimitedCount": true,
        "StackObjectsCount": 2530000
      }
    },
    {
      "_id": "6507ff33644a656aee0f8a2b",
      "_tpl": "544fb25a4bdc2dfb738b4567",
      "parentId": "hideout",
      "slotId": "hideout",
      "upd": {
        "UnlimitedCount": true,
        "StackObjectsCount": 2550000
      }
    },
    {
      "_id": "6507ff33644a656aee0f8a2d",
      "_tpl": "590c678286f77426c9660122",
      "parentId": "hideout",
      "slotId": "hideout",
      "upd": {
        "StackObjectsCount": 19982,
        "BuyRestrictionMax": 3,
        "BuyRestrictionCurrent": 0
      }
    },
    {
      "_id": "6507ff33644a656aee0f8a2f",
      "_tpl": "59fb016586f7746d0d4b423a",
      "parentId": "hideout",
      "slotId": "hideout",
      "upd": {
        "StackObjectsCount": 887,
        "BuyRestrictionMax": 1,
        "BuyRestrictionCurrent": 0
      }
    },
    {
      "_id": "6507ff33644a656aee0f8a31",
      "_tpl": "590c678286f77426c9660122",
      "parentId": "hideout",
      "slotId": "hideout",
      "upd": {
        "StackObjectsCount": 14984,
        "BuyRestrictionMax": 5,
        "BuyRestrictionCurrent": 0
      }
    },
    {
      "_id": "6507ff33644a656aee0f8a33",
      "_tpl": "5448fee04bdc2dbc018b4567",
      "parentId": "hideout",
      "slotId": "hideout",
      "upd": {
        "StackObjectsCount": 79583,
        "BuyRestrictionMax": 5,
        "BuyRestrictionCurrent": 0
      }
    },
    {
      "_id": "6507ff33644a656aee0f8a35",
      "_tpl": "5751a25924597722c463c472",
      "parentId": "hideout",
      "slotId": "hideout",
      "upd": {
        "UnlimitedCount": true,
        "StackObjectsCount": 2550000
      }
    },
    {
      "_id": "6507ff33644a656aee0f8a37",
      "_tpl": "5673de654bdc2d180f8b456d",
      "parentId": "hideout",
      "slotId": "hideout",
      "upd": {
        "StackObjectsCount": 15000,
        "BuyRestrictionMax": 5,
        "BuyRestrictionCurrent": 0
      }
    },
    {
      "_id": "6507ff33644a656aee0f8a39",
      "_tpl": "5755356824597772cb798962",
      "parentId": "hideout",
      "slotId": "hideout",
      "upd": {
        "UnlimitedCount": true,
        "StackObjectsCount": 2530000
      }
    },
    {
      "_id": "6507ff33644a656aee0f8a3b",
      "_tpl": "5a8036fb86f77407252ddc02",
      "parentId": "hideout",
      "slotId": "hideout",
      "upd": {
        "UnlimitedCount": true,
        "StackObjectsCount": 2530000
      }
    },
    {
      "_id": "6507ff33644a656aee0f8a3d",
      "_tpl": "5ad5d7d286f77450166e0a89",
      "parentId": "hideout",
      "slotId": "hideout",
      "upd": {
        "StackObjectsCount": 100,
        "BuyRestrictionMax": 1,
        "BuyRestrictionCurrent": 0
      }
    },
    {
      "_id": "6507ff33644a656aee0f8a3f",
      "_tpl": "5a80a29286f7742b25692012",
      "parentId": "hideout",
      "slotId": "hideout",
      "upd": {
        "UnlimitedCount": true,
        "StackObjectsCount": 2530000
      }
    },
    {
      "_id": "6507ff33644a656aee0f8a41",
      "_tpl": "5780d0532459777a5108b9a2",
      "parentId": "hideout",
      "slotId": "hideout",
      "upd": {
        "StackObjectsCount": 100,
        "BuyRestrictionMax": 1,
        "BuyRestrictionCurrent": 0
      }
    },
    {
      "_id": "6507ff33644a656aee0f8a43",
      "_tpl": "5b7c710788a4506dec015957",
      "parentId": "hideout",
      "slotId": "hideout",
      "upd": {
        "StackObjectsCount": 77980,
        "BuyRestrictionMax": 1,
        "BuyRestrictionCurrent": 0
      }
    },
    {
      "_id": "6507ff33644a656aee0f8a45",
      "_tpl": "544fb37f4bdc2dee738b4567",
      "parentId": "hideout",
      "slotId": "hideout",
      "upd": {
        "UnlimitedCount": true,
        "StackObjectsCount": 2530000
      }
    },
    {
      "_id": "6507ff33644a656aee0f8a47",
      "_tpl": "590c657e86f77412b013051d",
      "parentId": "hideout",
      "slotId": "hideout",
      "upd": {
        "StackObjectsCount": 14981,
        "BuyRestrictionMax": 2,
        "BuyRestrictionCurrent": 0
      }
    },
    {
      "_id": "6507ff33644a656aee0f8a49",
      "_tpl": "5c093e3486f77430cb02e593",
      "parentId": "hideout",
      "slotId": "hideout",
      "upd": {
        "StackObjectsCount": 19998,
        "BuyRestrictionMax": 1,
        "BuyRestrictionCurrent": 0
      }
    },
    {
      "_id": "6507ff33644a656aee0f8a4b",
      "_tpl": "590c60fc86f77412b13fddcf",
      "parentId": "hideout",
      "slotId": "hideout",
      "upd": {
        "StackObjectsCount": 29982,
        "BuyRestrictionMax": 1,
        "BuyRestrictionCurrent": 0
      }
    },
    {
      "_id": "6507ff33644a656aee0f8a4d",
      "_tpl": "567143bf4bdc2d1a0f8b4567",
      "parentId": "hideout",
      "slotId": "hideout",
      "upd": {
        "StackObjectsCount": 976,
        "BuyRestrictionMax": 1,
        "BuyRestrictionCurrent": 0
      }
    },
    {
      "_id": "6507ff33644a656aee0f8a4f",
      "_tpl": "590c661e86f7741e566b646a",
      "parentId": "hideout",
      "slotId": "hideout",
      "upd": {
        "StackObjectsCount": 2995,
        "BuyRestrictionMax": 5,
        "BuyRestrictionCurrent": 0
      }
    },
    {
      "_id": "6507ff33644a656aee0f8a51",
      "_tpl": "5c0a840b86f7742ffa4f2482",
      "parentId": "hideout",
      "slotId": "hideout",
      "upd": {
        "StackObjectsCount": 259,
        "BuyRestrictionMax": 1,
        "BuyRestrictionCurrent": 0
      }
    },
    {
      "_id": "6507ff33644a656aee0f8a53",
      "_tpl": "5aafbcd986f7745e590fff23",
      "parentId": "hideout",
      "slotId": "hideout",
      "upd": {
        "StackObjectsCount": 1997,
        "BuyRestrictionMax": 1,
        "BuyRestrictionCurrent": 0
      }
    },
    {
      "_id": "6507ff33644a656aee0f8a55",
      "_tpl": "59fb042886f7746c5005a7b2",
      "parentId": "hideout",
      "slotId": "hideout",
      "upd": {
        "StackObjectsCount": 445,
        "BuyRestrictionMax": 1,
        "BuyRestrictionCurrent": 0
      }
    },
    {
      "_id": "6507ff33644a656aee0f8a57",
      "_tpl": "5c10c8fd86f7743d7d706df3",
      "parentId": "hideout",
      "slotId": "hideout",
      "upd": {
        "StackObjectsCount": 20000,
        "BuyRestrictionMax": 3,
        "BuyRestrictionCurrent": 0
      }
    },
    {
      "_id": "6507ff33644a656aee0f8a59",
      "_tpl": "59fafd4b86f7745ca07e1232",
      "parentId": "hideout",
      "slotId": "hideout",
      "upd": {
        "StackObjectsCount": 998,
        "BuyRestrictionMax": 1,
        "BuyRestrictionCurrent": 0
      }
    },
    {
      "_id": "6507ff33644a656aee0f8a5b",
      "_tpl": "5af0548586f7743a532b7e99",
      "parentId": "hideout",
      "slotId": "hideout",
      "upd": {
        "StackObjectsCount": 2000,
        "BuyRestrictionMax": 1,
        "BuyRestrictionCurrent": 0
      }
    },
    {
      "_id": "6507ff33644a656aee0f8a5d",
      "_tpl": "544fb45d4bdc2dee738b4568",
      "parentId": "hideout",
      "slotId": "hideout",
      "upd": {
        "StackObjectsCount": 39908,
        "BuyRestrictionMax": 2,
        "BuyRestrictionCurrent": 0
      }
    },
    {
      "_id": "6507ff33644a656aee0f8a5f",
      "_tpl": "5c0e531d86f7747fa23f4d42",
      "parentId": "hideout",
      "slotId": "hideout",
      "upd": {
        "StackObjectsCount": 1999,
        "BuyRestrictionMax": 1,
        "BuyRestrictionCurrent": 0
      }
    },
    {
      "_id": "6507ff33644a656aee0f8a61",
      "_tpl": "5be4038986f774527d3fae60",
      "parentId": "hideout",
      "slotId": "hideout",
      "upd": {
        "UnlimitedCount": true,
        "StackObjectsCount": 2530000
      }
    },
    {
      "_id": "6507ff33644a656aee0f8a63",
      "_tpl": "5af0454c86f7746bf20992e8",
      "parentId": "hideout",
      "slotId": "hideout",
      "upd": {
        "StackObjectsCount": 6981,
        "BuyRestrictionMax": 3,
        "BuyRestrictionCurrent": 0
      }
    },
    {
      "_id": "6507ff33644a656aee0f8a65",
      "_tpl": "5c0e531286f7747fa54205c2",
      "parentId": "hideout",
      "slotId": "hideout",
      "upd": {
        "StackObjectsCount": 2000,
        "BuyRestrictionMax": 1,
        "BuyRestrictionCurrent": 0
      }
    },
    {
      "_id": "6507ff33644a656aee0f8a67",
      "_tpl": "5aafbcd986f7745e590fff23",
      "parentId": "hideout",
      "slotId": "hideout",
      "upd": {
        "StackObjectsCount": 2984,
        "BuyRestrictionMax": 1,
        "BuyRestrictionCurrent": 0
      }
    },
    {
      "_id": "6507ff33644a656aee0f8a69",
      "_tpl": "5c0e534186f7747fa1419867",
      "parentId": "hideout",
      "slotId": "hideout",
      "upd": {
        "StackObjectsCount": 1995,
        "BuyRestrictionMax": 1,
        "BuyRestrictionCurrent": 0
      }
    },
    {
      "_id": "6507ff33644a656aee0f8a6b",
      "_tpl": "5af0454c86f7746bf20992e8",
      "parentId": "hideout",
      "slotId": "hideout",
      "upd": {
        "StackObjectsCount": 1997,
        "BuyRestrictionMax": 1,
        "BuyRestrictionCurrent": 0
      }
    },
    {
      "_id": "6507ff33644a656aee0f8a6d",
      "_tpl": "59e3577886f774176a362503",
      "parentId": "hideout",
      "slotId": "hideout",
      "upd": {
        "StackObjectsCount": 3991,
        "BuyRestrictionMax": 2,
        "BuyRestrictionCurrent": 0
      }
    },
    {
      "_id": "6507ff33644a656aee0f8a6f",
      "_tpl": "5448ff904bdc2d6f028b456e",
      "parentId": "hideout",
      "slotId": "hideout",
      "upd": {
        "StackObjectsCount": 7975,
        "BuyRestrictionMax": 3,
        "BuyRestrictionCurrent": 0
      }
    },
    {
      "_id": "6507ff33644a656aee0f8a71",
      "_tpl": "5d80c78786f774403a401e3e",
      "parentId": "hideout",
      "slotId": "hideout",
      "upd": {
        "StackObjectsCount": 50,
        "BuyRestrictionMax": 1,
        "BuyRestrictionCurrent": 0
      }
    },
    {
      "_id": "6507ff33644a656aee0f8a73",
      "_tpl": "5c0a840b86f7742ffa4f2482",
      "parentId": "hideout",
      "slotId": "hideout",
      "upd": {
        "StackObjectsCount": 1495,
        "BuyRestrictionMax": 1,
        "BuyRestrictionCurrent": 0
      }
    },
    {
      "_id": "6507ff33644a656aee0f8a75",
      "_tpl": "5c0e533786f7747fa23f4d47",
      "parentId": "hideout",
      "slotId": "hideout",
      "upd": {
        "StackObjectsCount": 3000,
        "BuyRestrictionMax": 3,
        "BuyRestrictionCurrent": 0
      }
    },
    {
      "_id": "6507ff33644a656aee0f8a77",
      "_tpl": "5d1b3a5d86f774252167ba22",
      "parentId": "hideout",
      "slotId": "hideout",
      "upd": {
        "StackObjectsCount": 4999,
        "BuyRestrictionMax": 4,
        "BuyRestrictionCurrent": 0
      }
    },
    {
      "_id": "6507ff33644a656aee0f8a79",
      "_tpl": "5c94bbff86f7747ee735c08f",
      "parentId": "hideout",
      "slotId": "hideout",
      "upd": {
        "StackObjectsCount": 10763,
        "BuyRestrictionMax": 2,
        "BuyRestrictionCurrent": 0
      }
    },
    {
      "_id": "6507ff33644a656aee0f8a7b",
      "_tpl": "5c0e530286f7747fa1419862",
      "parentId": "hideout",
      "slotId": "hideout",
      "upd": {
        "StackObjectsCount": 1997,
        "BuyRestrictionMax": 4,
        "BuyRestrictionCurrent": 0
      }
    },
    {
      "_id": "6507ff33644a656aee0f8a7d",
      "_tpl": "544fb6cc4bdc2d34748b456e",
      "parentId": "hideout",
      "slotId": "hideout",
      "upd": {
        "StackObjectsCount": 3500,
        "BuyRestrictionMax": 5,
        "BuyRestrictionCurrent": 0
      }
    },
    {
      "_id": "6507ff33644a656aee0f8a7f",
      "_tpl": "5d02778e86f774203e7dedbe",
      "parentId": "hideout",
      "slotId": "hideout",
      "upd": {
        "StackObjectsCount": 698,
        "BuyRestrictionMax": 1,
        "BuyRestrictionCurrent": 0
      }
    },
    {
      "_id": "6507ff33644a656aee0f8a81",
      "_tpl": "5a0ee37f86f774023657a86f",
      "parentId": "hideout",
      "slotId": "hideout",
      "upd": {
        "StackObjectsCount": 2000,
        "BuyRestrictionMax": 1,
        "BuyRestrictionCurrent": 0
      }
    },
    {
      "_id": "6507ff33644a656aee0f8a83",
      "_tpl": "5e4abc6786f77406812bd572",
      "parentId": "hideout",
      "slotId": "hideout",
      "upd": {
        "StackObjectsCount": 2000,
        "BuyRestrictionMax": 1,
        "BuyRestrictionCurrent": 0
      }
    },
    {
      "_id": "6507ff33644a656aee0f8a85",
      "_tpl": "5b7c710788a4506dec015957",
      "parentId": "hideout",
      "slotId": "hideout",
      "upd": {
        "StackObjectsCount": 200,
        "BuyRestrictionMax": 1,
        "BuyRestrictionCurrent": 0
      }
    },
    {
      "_id": "6507ff33644a656aee0f8a87",
      "_tpl": "5938603e86f77435642354f4",
      "parentId": "hideout",
      "slotId": "hideout",
      "upd": {
        "StackObjectsCount": 2000,
        "BuyRestrictionMax": 1,
        "BuyRestrictionCurrent": 0
      }
    },
    {
      "_id": "6507ff33644a656aee0f8a89",
      "_tpl": "57347c93245977448d35f6e3",
      "parentId": "hideout",
      "slotId": "hideout",
      "upd": {
        "StackObjectsCount": 5000,
        "BuyRestrictionMax": 2,
        "BuyRestrictionCurrent": 0
      }
    },
    {
      "_id": "6507ff33644a656aee0f8a8b",
      "_tpl": "5448fee04bdc2dbc018b4567",
      "parentId": "hideout",
      "slotId": "hideout",
      "upd": {
        "StackObjectsCount": 4970,
        "BuyRestrictionMax": 2,
        "BuyRestrictionCurrent": 0
      }
    },
    {
      "_id": "6507ff33644a656aee0f8a8d",
      "_tpl": "57347d5f245977448b40fa81",
      "parentId": "hideout",
      "slotId": "hideout",
      "upd": {
        "StackObjectsCount": 3998,
        "BuyRestrictionMax": 3,
        "BuyRestrictionCurrent": 0
      }
    },
    {
      "_id": "6507ff33644a656aee0f8a8f",
      "_tpl": "5e8488fa988a8701445df1e4",
      "parentId": "hideout",
      "slotId": "hideout",
      "upd": {
        "StackObjectsCount": 2983,
        "BuyRestrictionMax": 2,
        "BuyRestrictionCurrent": 0
      }
    },
    {
      "_id": "6507ff33644a656aee0f8a91",
      "_tpl": "5c10c8fd86f7743d7d706df3",
      "parentId": "hideout",
      "slotId": "hideout",
      "upd": {
        "StackObjectsCount": 2000,
        "BuyRestrictionMax": 1,
        "BuyRestrictionCurrent": 0
      }
    },
    {
      "_id": "6507ff33644a656aee0f8a93",
      "_tpl": "59fb042886f7746c5005a7b2",
      "parentId": "hideout",
      "slotId": "hideout",
      "upd": {
        "StackObjectsCount": 298,
        "BuyRestrictionMax": 1,
        "BuyRestrictionCurrent": 0
      }
    },
    {
      "_id": "6507ff33644a656aee0f8a95",
      "_tpl": "5bc9be8fd4351e00334cae6e",
      "parentId": "hideout",
      "slotId": "hideout",
      "upd": {
        "StackObjectsCount": 4999,
        "BuyRestrictionMax": 2,
        "BuyRestrictionCurrent": 0
      }
    },
    {
      "_id": "6507ff33644a656aee0f8a97",
      "_tpl": "619cbf9e0a7c3a1a2731940a",
      "parentId": "hideout",
      "slotId": "hideout",
      "upd": {
        "StackObjectsCount": 3000,
        "BuyRestrictionMax": 1,
        "BuyRestrictionCurrent": 0
      }
    },
    {
      "_id": "6507ff33644a656aee0f8a99",
      "_tpl": "5e8488fa988a8701445df1e4",
      "parentId": "hideout",
      "slotId": "hideout",
      "upd": {
        "StackObjectsCount": 59628,
        "BuyRestrictionMax": 3,
        "BuyRestrictionCurrent": 0
      }
    },
    {
      "_id": "6507ff33644a656aee0f8a9b",
      "_tpl": "5d1b371186f774253763a656",
      "parentId": "hideout",
      "slotId": "hideout",
      "upd": {
        "StackObjectsCount": 1187,
        "BuyRestrictionMax": 1,
        "BuyRestrictionCurrent": 0
      }
    },
    {
      "_id": "6507ff33644a656aee0f8a9d",
      "_tpl": "619cbf7d23893217ec30b689",
      "parentId": "hideout",
      "slotId": "hideout",
      "upd": {
        "StackObjectsCount": 5000,
        "BuyRestrictionMax": 1,
        "BuyRestrictionCurrent": 0
      }
    },
    {
      "_id": "6507ff33644a656aee0f8a9f",
      "_tpl": "5780d0532459777a5108b9a2",
      "parentId": "hideout",
      "slotId": "hideout",
      "upd": {
        "StackObjectsCount": 1998,
        "BuyRestrictionMax": 1,
        "BuyRestrictionCurrent": 0
      }
    },
    {
      "_id": "6507ff33644a656aee0f8aa1",
      "_tpl": "5c0530ee86f774697952d952",
      "parentId": "hideout",
      "slotId": "hideout",
      "upd": {
        "StackObjectsCount": 200,
        "BuyRestrictionMax": 1,
        "BuyRestrictionCurrent": 0
      }
    },
    {
      "_id": "6507ff33644a656aee0f8aa3",
      "_tpl": "5e831507ea0a7c419c2f9bd9",
      "parentId": "hideout",
      "slotId": "hideout",
      "upd": {
        "UnlimitedCount": true,
        "StackObjectsCount": 2530000
      }
    },
    {
      "_id": "6507ff33644a656aee0f8aa5",
      "_tpl": "593aa4be86f77457f56379f8",
      "parentId": "hideout",
      "slotId": "hideout",
      "upd": {
        "StackObjectsCount": 2000,
        "BuyRestrictionMax": 1,
        "BuyRestrictionCurrent": 0
      }
    },
    {
      "_id": "6507ff33644a656aee0f8aa7",
      "_tpl": "57347d3d245977448f7b7f61",
      "parentId": "hideout",
      "slotId": "hideout",
      "upd": {
        "StackObjectsCount": 1996,
        "BuyRestrictionMax": 3,
        "BuyRestrictionCurrent": 0
      }
    },
    {
      "_id": "6507ff33644a656aee0f8aa9",
      "_tpl": "5c0e530286f7747fa1419862",
      "parentId": "hideout",
      "slotId": "hideout",
      "upd": {
        "StackObjectsCount": 1999,
        "BuyRestrictionMax": 3,
        "BuyRestrictionCurrent": 0
      }
    },
    {
      "_id": "6507ff33644a656aee0f8aab",
      "_tpl": "5448ff904bdc2d6f028b456e",
      "parentId": "hideout",
      "slotId": "hideout",
      "upd": {
        "StackObjectsCount": 19995,
        "BuyRestrictionMax": 5,
        "BuyRestrictionCurrent": 0
      }
    },
    {
      "_id": "6507ff33644a656aee0f8aad",
      "_tpl": "5c0e530286f7747fa1419862",
      "parentId": "hideout",
      "slotId": "hideout",
      "upd": {
        "StackObjectsCount": 20000,
        "BuyRestrictionMax": 2,
        "BuyRestrictionCurrent": 0
      }
    },
    {
      "_id": "6507ff33644a656aee0f8aaf",
      "_tpl": "5780cfa52459777dfb276eb1",
      "parentId": "hideout",
      "slotId": "hideout",
      "upd": {
        "StackObjectsCount": 2000,
        "BuyRestrictionMax": 1,
        "BuyRestrictionCurrent": 0
      }
    },
    {
      "_id": "6507ff33644a656aee0f8ab1",
      "_tpl": "62a0a043cf4a99369e2624a5",
      "parentId": "hideout",
      "slotId": "hideout",
      "upd": {
        "StackObjectsCount": 19995,
        "BuyRestrictionMax": 5,
        "BuyRestrictionCurrent": 0
      }
    },
    {
      "_id": "6507ff33644a656aee0f8ab3",
      "_tpl": "544fb45d4bdc2dee738b4568",
      "parentId": "hideout",
      "slotId": "hideout",
      "upd": {
        "StackObjectsCount": 49962,
        "BuyRestrictionMax": 1,
        "BuyRestrictionCurrent": 0
      }
    }
  ],
  "barter_scheme": {
    "6507ff32644a656aee0f8a15": [
      [
        {
          "count": 17896,
          "_tpl": "5449016a4bdc2d6f028b456f"
        }
      ]
    ],
    "6507ff32644a656aee0f8a17": [
      [
        {
          "count": 79739,
          "_tpl": "5449016a4bdc2d6f028b456f"
        }
      ]
    ],
    "6507ff32644a656aee0f8a19": [
      [
        {
          "count": 16539,
          "_tpl": "5449016a4bdc2d6f028b456f"
        }
      ]
    ],
    "6507ff32644a656aee0f8a1b": [
      [
        {
          "count": 4283,
          "_tpl": "5449016a4bdc2d6f028b456f"
        }
      ]
    ],
    "6507ff32644a656aee0f8a1d": [
      [
        {
          "count": 42133,
          "_tpl": "5449016a4bdc2d6f028b456f"
        }
      ]
    ],
    "6507ff32644a656aee0f8a1f": [
      [
        {
          "count": 37061,
          "_tpl": "5449016a4bdc2d6f028b456f"
        }
      ]
    ],
    "6507ff32644a656aee0f8a21": [
      [
        {
          "count": 11795,
          "_tpl": "5449016a4bdc2d6f028b456f"
        }
      ]
    ],
    "6507ff32644a656aee0f8a23": [
      [
        {
          "count": 45067,
          "_tpl": "5449016a4bdc2d6f028b456f"
        }
      ]
    ],
    "6507ff32644a656aee0f8a25": [
      [
        {
          "count": 13839.96,
          "_tpl": "569668774bdc2da2298b4568"
        }
      ]
    ],
    "6507ff33644a656aee0f8a27": [
      [
        {
          "count": 1,
          "_tpl": "5d1b3f2d86f774253763b735"
        }
      ]
    ],
    "6507ff33644a656aee0f8a29": [
      [
        {
          "count": 8542,
          "_tpl": "5449016a4bdc2d6f028b456f"
        }
      ]
    ],
    "6507ff33644a656aee0f8a2b": [
      [
        {
          "count": 2182,
          "_tpl": "5449016a4bdc2d6f028b456f"
        }
      ]
    ],
    "6507ff33644a656aee0f8a2d": [
      [
        {
          "count": 1,
          "_tpl": "59e35abd86f7741778269d82"
        }
      ]
    ],
    "6507ff33644a656aee0f8a2f": [
      [
        {
          "count": 5,
          "_tpl": "5734758f24597738025ee253"
        },
        {
          "count": 2,
          "_tpl": "59faf7ca86f7740dbe19f6c2"
        },
        {
          "count": 2,
          "_tpl": "5d235a5986f77443f6329bc6"
        }
      ]
    ],
    "6507ff33644a656aee0f8a31": [
      [
        {
          "count": 43524,
          "_tpl": "5449016a4bdc2d6f028b456f"
        }
      ]
    ],
    "6507ff33644a656aee0f8a33": [
      [
        {
          "count": 12401,
          "_tpl": "5449016a4bdc2d6f028b456f"
        }
      ]
    ],
    "6507ff33644a656aee0f8a35": [
      [
        {
          "count": 2275,
          "_tpl": "5449016a4bdc2d6f028b456f"
        }
      ]
    ],
    "6507ff33644a656aee0f8a37": [
      [
        {
          "count": 1,
          "_tpl": "57347b8b24597737dd42e192"
        },
        {
          "count": 1,
          "_tpl": "56742c284bdc2d98058b456d"
        }
      ]
    ],
    "6507ff33644a656aee0f8a39": [
      [
        {
          "count": 6638,
          "_tpl": "5449016a4bdc2d6f028b456f"
        }
      ]
    ],
    "6507ff33644a656aee0f8a3b": [
      [
        {
          "count": 22145,
          "_tpl": "5449016a4bdc2d6f028b456f"
        }
      ]
    ],
    "6507ff33644a656aee0f8a3d": [
      [
        {
          "count": 60,
          "_tpl": "5734773724597737fd047c14"
        },
        {
          "count": 10,
          "_tpl": "57347d90245977448f7b7f65"
        }
      ]
    ],
    "6507ff33644a656aee0f8a3f": [
      [
        {
          "count": 10408,
          "_tpl": "5449016a4bdc2d6f028b456f"
        }
      ]
    ],
    "6507ff33644a656aee0f8a41": [
      [
        {
          "count": 4,
          "_tpl": "5734758f24597738025ee253"
        }
      ]
    ],
    "6507ff33644a656aee0f8a43": [
      [
        {
          "count": 1106138,
          "_tpl": "5449016a4bdc2d6f028b456f"
        }
      ]
    ],
    "6507ff33644a656aee0f8a45": [
      [
        {
          "count": 1,
          "_tpl": "57347b8b24597737dd42e192"
        }
      ]
    ],
    "6507ff33644a656aee0f8a47": [
      [
        {
          "count": 1,
          "_tpl": "590a3efd86f77437d351a25b"
        },
        {
          "count": 1,
          "_tpl": "590a3d9c86f774385926e510"
        }
      ]
    ],
    "6507ff33644a656aee0f8a49": [
      [
        {
          "count": 344100,
          "_tpl": "5449016a4bdc2d6f028b456f"
        }
      ]
    ],
    "6507ff33644a656aee0f8a4b": [
      [
        {
          "count": 1,
          "_tpl": "59e3658a86f7741776641ac4"
        },
        {
          "count": 1,
          "_tpl": "59e3639286f7741777737013"
        },
        {
          "count": 4,
          "_tpl": "573478bc24597738002c6175"
        }
      ]
    ],
    "6507ff33644a656aee0f8a4d": [
      [
        {
          "count": 6,
          "_tpl": "5d1b3a5d86f774252167ba22"
        },
        {
          "count": 4,
          "_tpl": "5d1b3f2d86f774253763b735"
        }
      ]
    ],
    "6507ff33644a656aee0f8a4f": [
      [
        {
          "count": 1,
          "_tpl": "57347d5f245977448b40fa81"
        }
      ]
    ],
    "6507ff33644a656aee0f8a51": [
      [
        {
          "count": 15,
          "_tpl": "5c052e6986f7746b207bc3c9"
        },
        {
          "count": 15,
          "_tpl": "5c0530ee86f774697952d952"
        },
        {
          "count": 15,
          "_tpl": "5af0548586f7743a532b7e99"
        },
        {
          "count": 15,
          "_tpl": "57347c93245977448d35f6e3"
        }
      ]
    ],
    "6507ff33644a656aee0f8a53": [
      [
        {
          "count": 548610,
          "_tpl": "5449016a4bdc2d6f028b456f"
        }
      ]
    ],
    "6507ff33644a656aee0f8a55": [
      [
        {
          "count": 20,
          "_tpl": "5af0534a86f7743b6f354284"
        },
        {
          "count": 15,
          "_tpl": "5d1b3a5d86f774252167ba22"
        }
      ]
    ],
    "6507ff33644a656aee0f8a57": [
      [
        {
          "count": 40159,
          "_tpl": "5449016a4bdc2d6f028b456f"
        }
      ]
    ],
    "6507ff33644a656aee0f8a59": [
      [
        {
          "count": 10,
          "_tpl": "59e361e886f774176c10a2a5"
        },
        {
          "count": 10,
          "_tpl": "59e3606886f77417674759a5"
        },
        {
          "count": 10,
          "_tpl": "5e2af02c86f7746d420957d4"
        }
      ]
    ],
    "6507ff33644a656aee0f8a5b": [
      [
        {
          "count": 1,
          "_tpl": "5b4335ba86f7744d2837a264"
        },
        {
          "count": 3,
          "_tpl": "5d1b3a5d86f774252167ba22"
        }
      ]
    ],
    "6507ff33644a656aee0f8a5d": [
      [
        {
          "count": 1,
          "_tpl": "60098b1705871270cd5352a1"
        }
      ]
    ],
    "6507ff33644a656aee0f8a5f": [
      [
        {
          "count": 2,
          "_tpl": "59e3606886f77417674759a5"
        },
        {
          "count": 1,
          "_tpl": "59e361e886f774176c10a2a5"
        }
      ]
    ],
    "6507ff33644a656aee0f8a61": [
      [
        {
          "count": 10157,
          "_tpl": "5449016a4bdc2d6f028b456f"
        }
      ]
    ],
    "6507ff33644a656aee0f8a63": [
      [
        {
          "count": 25397,
          "_tpl": "5449016a4bdc2d6f028b456f"
        }
      ]
    ],
    "6507ff33644a656aee0f8a65": [
      [
        {
          "count": 1,
          "_tpl": "5d1b3f2d86f774253763b735"
        },
        {
          "count": 1,
          "_tpl": "59e361e886f774176c10a2a5"
        },
        {
          "count": 1,
          "_tpl": "59e35abd86f7741778269d82"
        }
      ]
    ],
    "6507ff33644a656aee0f8a67": [
      [
        {
          "count": 7,
          "_tpl": "5b4335ba86f7744d2837a264"
        },
        {
          "count": 7,
          "_tpl": "5d1b3f2d86f774253763b735"
        },
        {
          "count": 2,
          "_tpl": "5755383e24597772cb798966"
        },
        {
          "count": 4,
          "_tpl": "619cc01e0a7c3a1a2731940c"
        }
      ]
    ],
    "6507ff33644a656aee0f8a69": [
      [
        {
          "count": 4,
          "_tpl": "5d40412b86f7743cb332ac3a"
        }
      ]
    ],
    "6507ff33644a656aee0f8a6b": [
      [
        {
          "count": 2,
          "_tpl": "5d1b3f2d86f774253763b735"
        }
      ]
    ],
    "6507ff33644a656aee0f8a6d": [
      [
        {
          "count": 6,
          "_tpl": "5d1b3a5d86f774252167ba22"
        }
      ]
    ],
    "6507ff33644a656aee0f8a6f": [
      [
        {
          "count": 14665,
          "_tpl": "5449016a4bdc2d6f028b456f"
        }
      ]
    ],
    "6507ff33644a656aee0f8a71": [
      [
        {
          "count": 4,
          "_tpl": "5d1b33a686f7742523398398"
        },
        {
          "count": 4,
          "_tpl": "5d1b385e86f774252167b98a"
        }
      ]
    ],
    "6507ff33644a656aee0f8a73": [
      [
        {
          "count": 50,
          "_tpl": "5d1b376e86f774252519444e"
        },
        {
          "count": 50,
          "_tpl": "5d40407c86f774318526545a"
        },
        {
          "count": 30,
          "_tpl": "5d403f9186f7743cac3f229b"
        }
      ]
    ],
    "6507ff33644a656aee0f8a75": [
      [
        {
          "count": 46537,
          "_tpl": "5449016a4bdc2d6f028b456f"
        }
      ]
    ],
    "6507ff33644a656aee0f8a77": [
      [
        {
          "count": 3,
          "_tpl": "56742c284bdc2d98058b456d"
        },
        {
          "count": 2,
          "_tpl": "57347b8b24597737dd42e192"
        }
      ]
    ],
    "6507ff33644a656aee0f8a79": [
      [
        {
          "count": 166500,
          "_tpl": "5449016a4bdc2d6f028b456f"
        }
      ]
    ],
    "6507ff33644a656aee0f8a7b": [
      [
        {
          "count": 33897,
          "_tpl": "5449016a4bdc2d6f028b456f"
        }
      ]
    ],
    "6507ff33644a656aee0f8a7d": [
      [
        {
          "count": 1,
          "_tpl": "57513fcc24597720a31c09a6"
        }
      ]
    ],
    "6507ff33644a656aee0f8a7f": [
      [
        {
          "count": 2,
          "_tpl": "5e2aef7986f7746d3f3c33f5"
        }
      ]
    ],
    "6507ff33644a656aee0f8a81": [
      [
        {
          "count": 8,
          "_tpl": "5e2af02c86f7746d420957d4"
        }
      ]
    ],
    "6507ff33644a656aee0f8a83": [
      [
        {
          "count": 2,
          "_tpl": "590c695186f7741e566b64a2"
        },
        {
          "count": 2,
          "_tpl": "5755383e24597772cb798966"
        },
        {
          "count": 2,
          "_tpl": "5d02797c86f774203f38e30a"
        },
        {
          "count": 3,
          "_tpl": "5d1b3a5d86f774252167ba22"
        }
      ]
    ],
    "6507ff33644a656aee0f8a85": [
      [
        {
          "count": 100,
          "_tpl": "59f32c3b86f77472a31742f0",
          "level": 10,
          "side": "Any"
        }
      ]
    ],
    "6507ff33644a656aee0f8a87": [
      [
        {
          "count": 7,
          "_tpl": "5d1b3a5d86f774252167ba22"
        }
      ]
    ],
    "6507ff33644a656aee0f8a89": [
      [
        {
          "count": 2,
          "_tpl": "5d4041f086f7743cac3f22a7"
        }
      ]
    ],
    "6507ff33644a656aee0f8a8b": [
      [
        {
          "count": 1,
          "_tpl": "59e361e886f774176c10a2a5"
        }
      ]
    ],
    "6507ff33644a656aee0f8a8d": [
      [
        {
          "count": 2,
          "_tpl": "57347c93245977448d35f6e3"
        }
      ]
    ],
    "6507ff33644a656aee0f8a8f": [
      [
        {
          "count": 2,
          "_tpl": "59e35ef086f7741777737012"
        }
      ]
    ],
    "6507ff33644a656aee0f8a91": [
      [
        {
          "count": 1,
          "_tpl": "5d1b3f2d86f774253763b735"
        },
        {
          "count": 1,
          "_tpl": "590a3d9c86f774385926e510"
        }
      ]
    ],
    "6507ff33644a656aee0f8a93": [
      [
        {
          "count": 150,
          "_tpl": "59f32c3b86f77472a31742f0",
          "level": 17,
          "side": "Any"
        }
      ]
    ],
    "6507ff33644a656aee0f8a95": [
      [
        {
          "count": 4,
          "_tpl": "575062b524597720a31c09a1"
        }
      ]
    ],
    "6507ff33644a656aee0f8a97": [
      [
        {
          "count": 508883,
          "_tpl": "5449016a4bdc2d6f028b456f"
        }
      ]
    ],
    "6507ff33644a656aee0f8a99": [
      [
        {
          "count": 13949,
          "_tpl": "5449016a4bdc2d6f028b456f"
        }
      ]
    ],
    "6507ff33644a656aee0f8a9b": [
      [
        {
          "count": 4,
          "_tpl": "6389c6463485cf0eeb260715"
        }
      ]
    ],
    "6507ff33644a656aee0f8a9d": [
      [
        {
          "count": 20,
          "_tpl": "619cc01e0a7c3a1a2731940c"
        },
        {
          "count": 15,
          "_tpl": "5d1b3f2d86f774253763b735"
        },
        {
          "count": 12,
          "_tpl": "59e361e886f774176c10a2a5"
        }
      ]
    ],
    "6507ff33644a656aee0f8a9f": [
      [
        {
          "count": 2,
          "_tpl": "575062b524597720a31c09a1"
        },
        {
          "count": 4,
          "_tpl": "5448ff904bdc2d6f028b456e"
        },
        {
          "count": 2,
          "_tpl": "57347d8724597744596b4e76"
        }
      ]
    ],
    "6507ff33644a656aee0f8aa1": [
      [
        {
          "count": 20,
          "_tpl": "59f32c3b86f77472a31742f0",
          "level": 39,
          "side": "Any"
        },
        {
          "count": 140,
          "_tpl": "59f32c3b86f77472a31742f0",
          "level": 10,
          "side": "Usec"
        }
      ]
    ],
    "6507ff33644a656aee0f8aa3": [
      [
        {
          "count": 4263,
          "_tpl": "5449016a4bdc2d6f028b456f"
        }
      ]
    ],
    "6507ff33644a656aee0f8aa5": [
      [
        {
          "count": 7,
          "_tpl": "57347cd0245977445a2d6ff1"
        },
        {
          "count": 3,
          "_tpl": "5734795124597738002c6176"
        }
      ]
    ],
    "6507ff33644a656aee0f8aa7": [
      [
        {
          "count": 1,
          "_tpl": "5751487e245977207e26a315"
        }
      ]
    ],
    "6507ff33644a656aee0f8aa9": [
      [
        {
          "count": 2,
          "_tpl": "62a0a043cf4a99369e2624a5"
        }
      ]
    ],
    "6507ff33644a656aee0f8aab": [
      [
        {
          "count": 1,
          "_tpl": "5d1b3a5d86f774252167ba22"
        }
      ]
    ],
    "6507ff33644a656aee0f8aad": [
      [
        {
          "count": 5,
          "_tpl": "57513f07245977207e26a311"
        }
      ]
    ],
    "6507ff33644a656aee0f8aaf": [
      [
        {
          "count": 1,
          "_tpl": "6389c6463485cf0eeb260715"
        },
        {
          "count": 1,
          "_tpl": "6389c6c7dbfd5e4b95197e68"
        },
        {
          "count": 5,
          "_tpl": "5d1b3a5d86f774252167ba22"
        }
      ]
    ],
    "6507ff33644a656aee0f8ab1": [
      [
        {
          "count": 1,
          "_tpl": "573476d324597737da2adc13"
        },
        {
          "count": 1,
          "_tpl": "5734770f24597738025ee254"
        },
        {
          "count": 1,
          "_tpl": "573476f124597737e04bf328"
        },
        {
          "count": 1,
          "_tpl": "573475fb24597737fb1379e1"
        }
      ]
    ],
    "6507ff33644a656aee0f8ab3": [
      [
        {
          "count": 1,
          "_tpl": "59e3596386f774176c10a2a2"
        }
      ]
    ]
  },
  "loyal_level_items": {
    "6507ff32644a656aee0f8a15": 1,
    "6507ff32644a656aee0f8a17": 4,
    "6507ff32644a656aee0f8a19": 2,
    "6507ff32644a656aee0f8a1b": 1,
    "6507ff32644a656aee0f8a1d": 4,
    "6507ff32644a656aee0f8a1f": 2,
    "6507ff32644a656aee0f8a21": 1,
    "6507ff32644a656aee0f8a23": 4,
    "6507ff32644a656aee0f8a25": 3,
    "6507ff33644a656aee0f8a27": 1,
    "6507ff33644a656aee0f8a29": 1,
    "6507ff33644a656aee0f8a2b": 1,
    "6507ff33644a656aee0f8a2d": 2,
    "6507ff33644a656aee0f8a2f": 4,
    "6507ff33644a656aee0f8a31": 3,
    "6507ff33644a656aee0f8a33": 1,
    "6507ff33644a656aee0f8a35": 2,
    "6507ff33644a656aee0f8a37": 1,
    "6507ff33644a656aee0f8a39": 1,
    "6507ff33644a656aee0f8a3b": 1,
    "6507ff33644a656aee0f8a3d": 4,
    "6507ff33644a656aee0f8a3f": 1,
    "6507ff33644a656aee0f8a41": 2,
    "6507ff33644a656aee0f8a43": 1,
    "6507ff33644a656aee0f8a45": 1,
    "6507ff33644a656aee0f8a47": 2,
    "6507ff33644a656aee0f8a49": 1,
    "6507ff33644a656aee0f8a4b": 2,
    "6507ff33644a656aee0f8a4d": 2,
    "6507ff33644a656aee0f8a4f": 1,
    "6507ff33644a656aee0f8a51": 4,
    "6507ff33644a656aee0f8a53": 3,
    "6507ff33644a656aee0f8a55": 3,
    "6507ff33644a656aee0f8a57": 4,
    "6507ff33644a656aee0f8a59": 2,
    "6507ff33644a656aee0f8a5b": 4,
    "6507ff33644a656aee0f8a5d": 1,
    "6507ff33644a656aee0f8a5f": 4,
    "6507ff33644a656aee0f8a61": 2,
    "6507ff33644a656aee0f8a63": 3,
    "6507ff33644a656aee0f8a65": 3,
    "6507ff33644a656aee0f8a67": 2,
    "6507ff33644a656aee0f8a69": 3,
    "6507ff33644a656aee0f8a6b": 2,
    "6507ff33644a656aee0f8a6d": 4,
    "6507ff33644a656aee0f8a6f": 1,
    "6507ff33644a656aee0f8a71": 3,
    "6507ff33644a656aee0f8a73": 4,
    "6507ff33644a656aee0f8a75": 4,
    "6507ff33644a656aee0f8a77": 1,
    "6507ff33644a656aee0f8a79": 4,
    "6507ff33644a656aee0f8a7b": 4,
    "6507ff33644a656aee0f8a7d": 1,
    "6507ff33644a656aee0f8a7f": 2,
    "6507ff33644a656aee0f8a81": 2,
    "6507ff33644a656aee0f8a83": 3,
    "6507ff33644a656aee0f8a85": 2,
    "6507ff33644a656aee0f8a87": 1,
    "6507ff33644a656aee0f8a89": 1,
    "6507ff33644a656aee0f8a8b": 1,
    "6507ff33644a656aee0f8a8d": 1,
    "6507ff33644a656aee0f8a8f": 1,
    "6507ff33644a656aee0f8a91": 2,
    "6507ff33644a656aee0f8a93": 3,
    "6507ff33644a656aee0f8a95": 2,
    "6507ff33644a656aee0f8a97": 3,
    "6507ff33644a656aee0f8a99": 3,
    "6507ff33644a656aee0f8a9b": 2,
    "6507ff33644a656aee0f8a9d": 4,
    "6507ff33644a656aee0f8a9f": 1,
    "6507ff33644a656aee0f8aa1": 3,
    "6507ff33644a656aee0f8aa3": 1,
    "6507ff33644a656aee0f8aa5": 1,
    "6507ff33644a656aee0f8aa7": 2,
    "6507ff33644a656aee0f8aa9": 3,
    "6507ff33644a656aee0f8aab": 1,
    "6507ff33644a656aee0f8aad": 2,
    "6507ff33644a656aee0f8aaf": 2,
    "6507ff33644a656aee0f8ab1": 1,
    "6507ff33644a656aee0f8ab3": 1
  }
}