{
  "_id": "54cb57776803fa99248b456e",
  "availableInRaid": false,
  "avatar": "/files/trader/avatar/59b91cab86f77469aa5343ca.jpg",
  "balance_dol": 0,
  "balance_eur": 0,
  "balance_rub": 7000000,
  "buyer_up": false,
  "currency": "RUB",
  "customization_seller": false,
  "discount": 0,
  "discount_end": 0,
  "gridHeight": 120,
  "insurance": {
    "availability": true,
    "excluded_category": [
      "62e9103049c018f425059f38"
    ],
    "max_return_hour": 20,
    "max_storage_time": 144,
    "min_payment": 0,
    "min_return_hour": 10
  },
  "items_buy": {
    "category": [
      "543be5664bdc2dd4348b4569",
      "543be6674bdc2df1348b4569",
      "567849dd4bdc2d150f8b456e",
      "543be5e94bdc2df1348b4568",
      "5448eb774bdc2d0a728b4567",
      "5795f317245977243854e041"
    ],
    "id_list": []
  },
  "items_buy_prohibited": {
    "category": [],
    "id_list": [
      "62e910aaf957f2915e0a5e36"
    ]
  },
  "location": "",
  "loyaltyLevels": [
    {
      "buy_price_coef": 37,
      "exchange_price_coef": 0,
      "heal_price_coef": 100,
      "insurance_price_coef": 20,
      "minLevel": 0,
      "minSalesSum": 0,
      "minStanding": 0,
      "repair_price_coef": 0
    },
    {
      "buy_price_coef": 37,
      "exchange_price_coef": 0,
      "heal_price_coef": 110,
      "insurance_price_coef": "21",
      "minLevel": 13,
      "minSalesSum": 400000,
      "minStanding": 0.15,
      "repair_price_coef": 0
    },
    {
      "buy_price_coef": 37,
      "exchange_price_coef": 0,
      "heal_price_coef": 120,
      "insurance_price_coef": "22",
      "minLevel": 24,
      "minSalesSum": 700000,
      "minStanding": 0.3,
      "repair_price_coef": 0
    },
    {
      "buy_price_coef": 37,
      "exchange_price_coef": 0,
      "heal_price_coef": 135,
      "insurance_price_coef": "23",
      "minLevel": 35,
      "minSalesSum": 900000,
      "minStanding": 0.6,
      "repair_price_coef": 0
    }
  ],
  "medic": true,
  "name": "Эльвира",
  "nextResupply": 1631488848,
  "nickname": "Therapist",
  "repair": {
    "availability": false,
    "currency": "5449016a4bdc2d6f028b456f",
    "currency_coefficient": 1,
    "excluded_category": [
      "5447e1d04bdc2dff2f8b4567"
    ],
    "excluded_id_list": [],
    "price_rate": 0,
    "quality": "0"
  },
  "sell_category": [
    "5b47574386f77428ca22b344",
    "5b47574386f77428ca22b2f1",
    "5b47574386f77428ca22b340",
    "5b47574386f77428ca22b2f4",
    "5b47574386f77428ca22b2f3",
    "5b47574386f77428ca22b342",
    "5b47574386f77428ca22b341",
    "5b5f6fa186f77409407a7eb7",
    "5b47574386f77428ca22b343"
  ],
  "surname": "Хабибуллина",
  "unlockedByDefault": true
}
