{
  "_id": "5c0647fdd443bc2504c2d371",
  "availableInRaid": false,
  "avatar": "/files/trader/avatar/5c06531a86f7746319710e1b.jpg",
  "balance_dol": 0,
  "balance_eur": 0,
  "balance_rub": 7000000,
  "buyer_up": false,
  "currency": "RUB",
  "customization_seller": false,
  "discount": 0,
  "discount_end": 0,
  "gridHeight": 120,
  "insurance": {
    "availability": false,
    "excluded_category": [],
    "max_return_hour": 36,
    "max_storage_time": 72,
    "min_payment": 0,
    "min_return_hour": 24
  },
  "items_buy": {
    "category": [
      "57864c8c245977548867e7f1",
      "543be6674bdc2df1348b4569",
      "543be5664bdc2dd4348b4569",
      "57864ee62459775490116fc1",
      "5447e1d04bdc2dff2f8b4567",
      "5795f317245977243854e041",
      "5671435f4bdc2d96058b4569",
      "5448e53e4bdc2d60728b4567",
      "5448e5284bdc2dcb718b4567",
      "57864e4c24597754843f8723",
      "57864ada245977548638de91",
      "5447b6194bdc2d67278b4567",
      "5447b6094bdc2dc3278b4567",
      "5447b6254bdc2dc3278b4568",
      "55818ae44bdc2dde698b456c",
      "55818aeb4bdc2ddc698b456a",
      "55818add4bdc2d5b648b456f",
      "555ef6e44bdc2de9068b457e",
      "55818b224bdc2dde698b456f",
      "55818a594bdc2db9688b456a"
    ],
    "id_list": [
      "5755383e24597772cb798966"
    ]
  },
  "items_buy_prohibited": {
    "category": [],
    "id_list": [
      "62e910aaf957f2915e0a5e36"
    ]
  },
  "location": "",
  "loyaltyLevels": [
    {
      "buy_price_coef": 40,
      "exchange_price_coef": 0,
      "heal_price_coef": 0,
      "insurance_price_coef": 10,
      "minLevel": 1,
      "minSalesSum": 0,
      "minStanding": 0,
      "repair_price_coef": 0
    },
    {
      "buy_price_coef": 40,
      "exchange_price_coef": 0,
      "heal_price_coef": 0,
      "insurance_price_coef": 8,
      "minLevel": 15,
      "minSalesSum": 560000,
      "minStanding": 0.2,
      "repair_price_coef": 0
    },
    {
      "buy_price_coef": 40,
      "exchange_price_coef": 0,
      "heal_price_coef": 0,
      "insurance_price_coef": 6,
      "minLevel": 22,
      "minSalesSum": 1125000,
      "minStanding": 0.35,
      "repair_price_coef": 0
    },
    {
      "buy_price_coef": 40,
      "exchange_price_coef": 0,
      "heal_price_coef": 0,
      "insurance_price_coef": 4,
      "minLevel": 33,
      "minSalesSum": 1725000,
      "minStanding": 0.5,
      "repair_price_coef": 0
    }
  ],
  "medic": false,
  "name": "Егерь",
  "nextResupply": 1631486713,
  "nickname": "Jaeger",
  "repair": {
    "availability": false,
    "currency": "5449016a4bdc2d6f028b456f",
    "currency_coefficient": 1,
    "excluded_category": [],
    "excluded_id_list": [],
    "price_rate": 0,
    "quality": "0.7"
  },
  "sell_category": [
    "5b5f78e986f77447ed5636b1",
    "5b5f791486f774093f2ed3be",
    "5b5f792486f77447ed5636b3",
    "5b5f794b86f77409407a7f92",
    "5b5f798886f77447ed5636b5",
    "5b5f7a0886f77409407a7f96",
    "5b5f75b986f77447ec5d7710",
    "5b47574386f77428ca22b346",
    "5b47574386f77428ca22b340",
    "5b47574386f77428ca22b2ed",
    "5b47574386f77428ca22b2f2"
  ],
  "surname": "Егерь",
  "unlockedByDefault": false
}
