{
    "akiVersion": "3.7.5",
    "projectName": "SPT-AKI",
    "compatibleTarkovVersion": "0.13.5.26535",
    "serverName": "SPT Server",
    "profileSaveIntervalSeconds": 15,
    "sptFriendNickname": "SPT",
    "fixes": {
        "fixShotgunDispersion": true,
        "removeModItemsFromProfile": false,
        "fixProfileBreakingInventoryItemIssues": false
    },
    "features": {
        "autoInstallModDependencies": false
    },
    "commit": "1bb2f0e568056bc42c460d4aaf8bbdd7492a7f3f",
    "buildTime": 1703020723662
}