{
    "rewardItemValueRangeRub": {
        "common": {
            "min": 100,
            "max": 10000
        },
        "rare": {
            "min": 1001,
            "max": 100000
        },
        "superrare": {
            "min": 10001,
            "max": 1200000
        }
    },
    "rewardItemParentBlacklist": [
        "5485a8684bdc2da71d8b4567",
        "543be5dd4bdc2deb348b4569",
        "55802f4a4bdc2ddb688b4569",
        "5448bf274bdc2dfc2f8b456a",
        "5d52cc5ba4b9367408500062",
        "5e997f0b86f7741ac73993e2",
        "62f109593b54472778797866"
    ],
    "rewardItemBlacklist": [
        "5ede4739e0350d05467f73e8",
        "5ede47405b097655935d7d16",
        "5ede474b0c226a66f5402622",
        "5ede475339ee016e8c534742",
        "5ede475b549eed7c6d5c18fb",
        "62e910aaf957f2915e0a5e36",
        "619bc61e86e01e16f839a999",
        "619bddc6c9546643a67df6ee",
        "5cde8864d7f00c0010373be1",
        "5d2f2ab648f03550091993ca",
        "6241c2c2117ad530666a5108",
        "6241c316234b593b5676b637",
        "5d70e500a4b9364de70d38ce",
        "619bde3dc9546643a67df6f2",
        "619bdeb986e01e16f839a99e",
        "619bddffc9546643a67df6f0",
        "619bdf9cc9546643a67df6f8",
        "63a0b2eabea67a6d93009e52",
        "609e860ebd219504d8507525"
    ],

    "moneyRewards": {
        "moneyRewardChancePercent": 10,
        "rubCount": {
            "common": {
                "min": 2000,
                "max": 20000
            },
            "rare": {
                "min": 10000,
                "max": 40000
            },
            "superrare": {
                "min": 50000,
                "max": 200000
            }
        },
        "usdCount": {
            "common": {
                "min": 100,
                "max": 400
            },
            "rare": {
                "min": 400,
                "max": 1000
            },
            "superrare": {
                "min": 1200,
                "max": 5000
            }
        },
        "eurCount": {
            "common": {
                "min": 100,
                "max": 400
            },
            "rare": {
                "min": 400,
                "max": 1000
            },
            "superrare": {
                "min": 1200,
                "max": 5000
            }
        }
    },
    "ammoRewards": {
        "ammoRewardChancePercent": 10,
        "minStackSize": 10,
        "ammoRewardBlacklist": {
            "common": [
                "59e690b686f7746c9f75e848"
            ],
            "rare": [],
            "superrare": []
        },
        "ammoRewardValueRangeRub": {
            "common": {
                "min": 1,
                "max": 50
            },
            "rare": {
                "min": 35,
                "max": 350
            },
            "superrare": {
                "min": 250,
                "max": 50000
            }
        }
    },
    "allowMultipleMoneyRewardsPerRarity": false,
    "allowMultipleAmmoRewardsPerRarity": true,
    "allowBossItemsAsRewards": false
}
