{
    "akiVersion": "3.7.6",
    "projectName": "SPT-AKI",
    "compatibleTarkovVersion": "0.13.5.26535",
    "serverName": "SPT Server",
    "profileSaveIntervalSeconds": 15,
    "sptFriendNickname": "SPT",
    "fixes": {
        "fixShotgunDispersion": true,
        "removeModItemsFromProfile": false,
        "fixProfileBreakingInventoryItemIssues": false
    },
    "features": {
        "autoInstallModDependencies": false,
        "compressProfile": false,
        "chatbotFeatures": {
            "sptFriendEnabled": true,
            "commandoEnabled": true,
            "commandoFeatures": {
                "giveCommandEnabled": false
            }
        }
    },
    "commit": "40b999d04c68f1f52ab152d163c086a1c50f489b",
    "buildTime": 1703675180248
}