{
    "gifts": {
        "NewYear2021": {
            "sender": "System",
            "messageText": "<ch>Hello there, friend. Happy New Year to you! You've probably forgotten that holidays exist, but I think it's important to remain human in any situation. Wishing you lots of working graphics cards this year and that your Hideout never lets you down. Take this gift and be happy!</ch><cz>Hello there, friend. Happy New Year to you! You've probably forgotten that holidays exist, but I think it's important to remain human in any situation. Wishing you lots of working graphics cards this year and that your Hideout never lets you down. Take this gift and be happy!</cz><en>Hello there, friend. Happy New Year to you! You've probably forgotten that holidays exist, but I think it's important to remain human in any situation. Wishing you lots of working graphics cards this year and that your Hideout never lets you down. Take this gift and be happy!</en><fr>Hello there, friend. Happy New Year to you! You've probably forgotten that holidays exist, but I think it's important to remain human in any situation. Wishing you lots of working graphics cards this year and that your Hideout never lets you down. Take this gift and be happy!</fr><ge>Hello there, friend. Happy New Year to you! You've probably forgotten that holidays exist, but I think it's important to remain human in any situation. Wishing you lots of working graphics cards this year and that your Hideout never lets you down. Take this gift and be happy!</ge><hu>Hello there, friend. Happy New Year to you! You've probably forgotten that holidays exist, but I think it's important to remain human in any situation. Wishing you lots of working graphics cards this year and that your Hideout never lets you down. Take this gift and be happy!</hu><it>Hello there, friend. Happy New Year to you! You've probably forgotten that holidays exist, but I think it's important to remain human in any situation. Wishing you lots of working graphics cards this year and that your Hideout never lets you down. Take this gift and be happy!</it><jp>Hello there, friend. Happy New Year to you! You've probably forgotten that holidays exist, but I think it's important to remain human in any situation. Wishing you lots of working graphics cards this year and that your Hideout never lets you down. Take this gift and be happy!</jp><kr>Hello there, friend. Happy New Year to you! You've probably forgotten that holidays exist, but I think it's important to remain human in any situation. Wishing you lots of working graphics cards this year and that your Hideout never lets you down. Take this gift and be happy!</kr><pl>Hello there, friend. Happy New Year to you! You've probably forgotten that holidays exist, but I think it's important to remain human in any situation. Wishing you lots of working graphics cards this year and that your Hideout never lets you down. Take this gift and be happy!</pl><po>Hello there, friend. Happy New Year to you! You've probably forgotten that holidays exist, but I think it's important to remain human in any situation. Wishing you lots of working graphics cards this year and that your Hideout never lets you down. Take this gift and be happy!</po><sk>Hello there, friend. Happy New Year to you! You've probably forgotten that holidays exist, but I think it's important to remain human in any situation. Wishing you lots of working graphics cards this year and that your Hideout never lets you down. Take this gift and be happy!</sk><es>Hello there, friend. Happy New Year to you! You've probably forgotten that holidays exist, but I think it's important to remain human in any situation. Wishing you lots of working graphics cards this year and that your Hideout never lets you down. Take this gift and be happy!</es><es-mx>Hello there, friend. Happy New Year to you! You've probably forgotten that holidays exist, but I think it's important to remain human in any situation. Wishing you lots of working graphics cards this year and that your Hideout never lets you down. Take this gift and be happy!</es-mx><tu>Hello there, friend. Happy New Year to you! You've probably forgotten that holidays exist, but I think it's important to remain human in any situation. Wishing you lots of working graphics cards this year and that your Hideout never lets you down. Take this gift and be happy!</tu><ru>Ну, здравствуй, друг! С Новым годом тебя! Ты наверное забыл уже, что есть праздники, но я считаю, важно оставаться людьми в любой ситуации. Работающих видеокарт тебе в новом году и убежище чтобы не подводило. Держи и радуйся!</ru>",
            "collectionTimeHours": 20,
            "associatedEvent": "NewYears",
            "items": [{
                    "desc": "white beard",
                    "_id": "64b997574a8c8ed8cb019004",
                    "_tpl": "5c1a1e3f2e221602b66cc4c2",
                    "parentId": "62b997444agc8eb4cb013004",
                    "slotId": "main"
                }, {
                    "desc": "ammo case",
                    "_id": "64b397573a8c8ed8cb019002",
                    "_tpl": "5aafbde786f774389d0cbc0f",
                    "parentId": "62b997444agc8eb4cb013004",
                    "slotId": "main"
                }, {
                    "desc": "m80",
                    "_id": "64b397573a8c8ed8cb019007",
                    "_tpl": "58dd3ad986f77403051cba8f",
                    "parentId": "62b997444agc8eb4cb013004",
                    "slotId": "main",
                    "upd": {
                        "StackObjectsCount": 40
                    }
                }, {
                    "desc": "m80",
                    "_id": "64b397573a8c8ed8cb019008",
                    "_tpl": "58dd3ad986f77403051cba8f",
                    "parentId": "62b997444agc8eb4cb013004",
                    "slotId": "main",
                    "upd": {
                        "StackObjectsCount": 40
                    }
                }, {
                    "desc": "m80",
                    "_id": "64b397573a8c8ed8cb019009",
                    "_tpl": "58dd3ad986f77403051cba8f",
                    "parentId": "62b997444agc8eb4cb013004",
                    "slotId": "main",
                    "upd": {
                        "StackObjectsCount": 40
                    }
                }, {
                    "desc": "Keycard holder case",
                    "_id": "64b497573b8c8ee8cb019009",
                    "_tpl": "619cbf9e0a7c3a1a2731940a",
                    "parentId": "62b997444agc8eb4cb013004",
                    "slotId": "main"
                }, {
                    "desc": "RGN hand grenade",
                    "_id": "64b447573b4c8ee8cd019009",
                    "_tpl": "617fd91e5539a84ec44ce155",
                    "parentId": "62b997444agc8eb4cb013004",
                    "slotId": "main"
                }, {
                    "desc": "RGN hand grenade",
                    "_id": "64b447f73b4cdeg8cd019009",
                    "_tpl": "617fd91e5539a84ec44ce155",
                    "parentId": "62b997444agc8eb4cb013004",
                    "slotId": "main"
                }, {
                    "desc": "RGN hand grenade",
                    "_id": "64b447f73b4cdeg8cd019003",
                    "_tpl": "617fd91e5539a84ec44ce155",
                    "parentId": "62b997444agc8eb4cb013004",
                    "slotId": "main"
                }, {
                    "desc": "scar h 20 rnd mag",
                    "_id": "64b4475f3b4c4ee8cdf9009",
                    "_tpl": "618168dc8004cc50514c34fc",
                    "parentId": "62b997444agc8eb4cb013004",
                    "slotId": "main"
                }, {
                    "desc": "scar h 20 rnd mag",
                    "_id": "54b4475f3b4c4ee8cdf9009",
                    "_tpl": "618168dc8004cc50514c34fc",
                    "parentId": "62b997444agc8eb4cb013004",
                    "slotId": "main"
                }, {
                    "desc": "scar h 20 rnd mag",
                    "_id": "34b4475f3b4c4ee8cdf9009",
                    "_tpl": "618168dc8004cc50514c34fc",
                    "parentId": "62b997444agc8eb4cb013004",
                    "slotId": "main"
                }, {
                    "desc": "scar h 20 rnd mag",
                    "_id": "24b4435f3b4c4ee8cdf9009",
                    "_tpl": "618168dc8004cc50514c34fc",
                    "parentId": "62b997444agc8eb4cb013004",
                    "slotId": "main"
                }, {
                    "desc": "7290 Flash Bang",
                    "_id": "64b4473f3b4c4dd8cdf9009",
                    "_tpl": "619256e5f8af2c1a4e1f5d92",
                    "parentId": "62b997444agc8eb4cb013004",
                    "slotId": "main"
                }, {
                    "desc": "7290 Flash Bang",
                    "_id": "64b4473f3b4c4dd8cdf9002",
                    "_tpl": "619256e5f8af2c1a4e1f5d92",
                    "parentId": "62b997444agc8eb4cb013004",
                    "slotId": "main"
                }, {
                    "desc": "7290 Flash Bang",
                    "_id": "64b4473f344c4dd8cdf9002",
                    "_tpl": "619256e5f8af2c1a4e1f5d92",
                    "parentId": "62b997444agc8eb4cb013004",
                    "slotId": "main"
                }, {
                    "desc": "mk7 scar h gun",
                    "_id": "64b4473f3b4c4dd8cdf9999",
                    "_tpl": "6183afd850224f204c1da514",
                    "upd": {
                        "FireMode": {
                            "FireMode": "single"
                        },
                        "Foldable": {
                            "Folded": false
                        }
                    },
                    "parentId": "62b997444agc8eb4cb013004",
                    "slotId": "main"
                }, {
                    "_id": "6193e4fae693542ea37d11c8",
                    "_tpl": "55d4b9964bdc2d1d4e8b456e",
                    "parentId": "64b4473f3b4c4dd8cdf9999",
                    "slotId": "mod_pistol_grip"
                }, {
                    "_id": "6193e4a46bb904059c382298",
                    "_tpl": "618168dc8004cc50514c34fc",
                    "parentId": "64b4473f3b4c4dd8cdf9999",
                    "slotId": "mod_magazine"
                }, {
                    "_id": "6193e4a46bb904059c382299",
                    "_tpl": "6165adcdd3a39d50044c120f",
                    "parentId": "64b4473f3b4c4dd8cdf9999",
                    "slotId": "mod_reciever"
                }, {
                    "_id": "6193e4a46bb904059c38229a",
                    "_tpl": "6183b084a112697a4b3a6e6c",
                    "parentId": "6193e4a46bb904059c382299",
                    "slotId": "mod_barrel"
                }, {
                    "_id": "6193e4a46bb904059c38229b",
                    "_tpl": "618178aa1cb55961fa0fdc80",
                    "parentId": "6193e4a46bb904059c38229a",
                    "slotId": "mod_muzzle"
                }, {
                    "_id": "6193e4a46bb904059c38229c",
                    "_tpl": "61816fcad92c473c770215cc",
                    "parentId": "6193e4a46bb904059c38229a",
                    "slotId": "mod_sight_front"
                }, {
                    "_id": "6193e4a46bb904059c38229d",
                    "_tpl": "61817865d3a39d50044c13a4",
                    "parentId": "6193e4a46bb904059c382299",
                    "slotId": "mod_sight_rear"
                }, {
                    "_id": "6193e4a46bb904059c38229e",
                    "_tpl": "61816df1d3a39d50044c139e",
                    "parentId": "6193e4a46bb904059c382299",
                    "slotId": "mod_mount_000"
                }, {
                    "_id": "6193e4a46bb904059c38229f",
                    "_tpl": "61816dfa6ef05c2ce828f1ad",
                    "parentId": "6193e4a46bb904059c382299",
                    "slotId": "mod_mount_001"
                }, {
                    "_id": "6193e4a46bb904059c3822a0",
                    "_tpl": "61816734d8e3106d9806c1f3",
                    "parentId": "64b4473f3b4c4dd8cdf9999",
                    "slotId": "mod_stock"
                }, {
                    "_id": "6193e4a46bb904059c3822a1",
                    "_tpl": "618167528004cc50514c34f9",
                    "parentId": "6193e4a46bb904059c3822a0",
                    "slotId": "mod_stock_001"
                }, {
                    "_id": "6193e4a46bb904059c3822a2",
                    "_tpl": "618167616ef05c2ce828f1a8",
                    "parentId": "6193e4a46bb904059c3822a1",
                    "slotId": "mod_stock"
                }, {
                    "_id": "6193e4a46bb904059c3822a3",
                    "_tpl": "618167441cb55961fa0fdc71",
                    "parentId": "6193e4a46bb904059c3822a0",
                    "slotId": "mod_stock_002"
                }, {
                    "_id": "6193e4a46bb904059c3822a4",
                    "_tpl": "6181688c6c780c1e710c9b04",
                    "parentId": "64b4473f3b4c4dd8cdf9999",
                    "slotId": "mod_charge"
                }
            ]
        },
        "Christmas2022": {
            "items": [{
                    "_id": "a89075c1a18874dd6404a6d7",
                    "_tpl": "5aafbde786f774389d0cbc0f",
                    "slotId": "main",
                    "upd": {
                        "StackObjectsCount": 1
                    },
                    "parentId": "64b996c9d0de4697180359b6"
                }, {
                    "_id": "a89075c1b188g4dd6404a3d7",
                    "_tpl": "6389c6463485cf0eeb260715",
                    "slotId": "main",
                    "upd": {
                        "StackObjectsCount": 1
                    },
                    "parentId": "64b996c9d0de4697180359b6"
                }
            ],
            "sender": "System",
            "messageText": "Merry christmas!",
            "timestampToSend": 42069,
            "associatedEvent": "Christmas",
            "collectionTimeHours": 48
        },
        "1CLICKDRESSUP": {
            "items": [{
                    "_id": "64b996c9d0de4697180359b7",
                    "_tpl": "5dcbd56fdbd3d91b3e5468d5",
                    "upd": {
                        "FireMode": {
                            "FireMode": "single"
                        }
                    },
                    "parentId": "64b996c9d0de4697180359b6",
                    "slotId": "main"
                }, {
                    "_id": "64b996c9d0de4697180359b8",
                    "_tpl": "5c48a2c22e221602b313fb6c",
                    "parentId": "64b996c9d0de4697180359b7",
                    "slotId": "mod_pistol_grip"
                }, {
                    "_id": "64b996c9d0de4697180359b9",
                    "_tpl": "5a3501acc4a282000d72293a",
                    "parentId": "64b996c9d0de4697180359b7",
                    "slotId": "mod_magazine"
                }, {
                    "_id": "64b996c9d0de4697180359ba",
                    "_tpl": "5dcbd6b46ec07c0c4347a564",
                    "parentId": "64b996c9d0de4697180359b7",
                    "slotId": "mod_handguard"
                }, {
                    "_id": "64b996c9d0de4697180359bb",
                    "_tpl": "5b7be4895acfc400170e2dd5",
                    "parentId": "64b996c9d0de4697180359ba",
                    "slotId": "mod_mount_000"
                }, {
                    "_id": "64b996c9d0de4697180359bc",
                    "_tpl": "58c157be86f77403c74b2bb6",
                    "parentId": "64b996c9d0de4697180359bb",
                    "slotId": "mod_foregrip"
                }, {
                    "_id": "64b996c9d0de4697180359bd",
                    "_tpl": "5c06595c0db834001a66af6c",
                    "parentId": "64b996c9d0de4697180359ba",
                    "slotId": "mod_tactical"
                }, {
                    "_id": "64b996c9d0de4697180359be",
                    "_tpl": "5dcbe9431e1f4616d354987e",
                    "parentId": "64b996c9d0de4697180359b7",
                    "slotId": "mod_barrel"
                }, {
                    "_id": "64b996c9d0de4697180359bf",
                    "_tpl": "5a34fd2bc4a282329a73b4c5",
                    "parentId": "64b996c9d0de4697180359be",
                    "slotId": "mod_muzzle"
                }, {
                    "_id": "64b996c9d0de4697180359c0",
                    "_tpl": "59db7eed86f77461f8380365",
                    "parentId": "64b996c9d0de4697180359b7",
                    "slotId": "mod_scope"
                }, {
                    "_id": "64b996c9d0de4697180359c1",
                    "_tpl": "5c052a900db834001a66acbd",
                    "parentId": "64b996c9d0de4697180359c0",
                    "slotId": "mod_scope"
                }, {
                    "_id": "64b996c9d0de4697180359c2",
                    "_tpl": "5a33bab6c4a28200741e22f8",
                    "parentId": "64b996c9d0de4697180359c1",
                    "slotId": "mod_mount"
                }, {
                    "_id": "64b996c9d0de4697180359c3",
                    "_tpl": "5a32aa8bc4a2826c6e06d737",
                    "parentId": "64b996c9d0de4697180359c2",
                    "slotId": "mod_scope"
                }, {
                    "_id": "64b996c9d0de4697180359c4",
                    "_tpl": "5dfa3d7ac41b2312ea33362a",
                    "parentId": "64b996c9d0de4697180359b7",
                    "slotId": "mod_sight_rear"
                }, {
                    "_id": "64b996c9d0de4697180359c5",
                    "_tpl": "628b9c7d45122232a872358f",
                    "parentId": "64b996c9d0de4697180359b6",
                    "slotId": "main"
                }, {
                    "_id": "64b996c9d0de4697180359c6",
                    "_tpl": "62963c18dbc8ab5f0d382d0b",
                    "parentId": "64b996c9d0de4697180359b6",
                    "slotId": "main"
                }, {
                    "_id": "64b996c9d0de4697180359c7",
                    "_tpl": "59fb023c86f7746d0d4b423c",
                    "parentId": "64b996c9d0de4697180359b6",
                    "slotId": "main"
                }
            ],
            "sender": "System",
            "messageText": "1CLICKDRESSUP",
            "timestampToSend": 42069,
            "collectionTimeHours": 48,
            "associatedEvent": "Promo"
        },
        "BARMALEY": {
            "items": [{
                    "_id": "64b99751053fc8a45106fa55",
                    "_tpl": "5cadf6eeae921500134b2799",
                    "upd": {
                        "StackObjectsCount": 30
                    },
                    "parentId": "64b99751053fc8a45106fa54",
                    "slotId": "main"
                }, {
                    "_id": "64b99751053fc8a45106fa56",
                    "_tpl": "5cadf6eeae921500134b2799",
                    "upd": {
                        "StackObjectsCount": 30
                    },
                    "parentId": "64b99751053fc8a45106fa54",
                    "slotId": "main"
                }, {
                    "_id": "64b99751053fc8a45106fa57",
                    "_tpl": "5cadf6eeae921500134b2799",
                    "upd": {
                        "StackObjectsCount": 30
                    },
                    "parentId": "64b99751053fc8a45106fa54",
                    "slotId": "main"
                }, {
                    "_id": "64b99751053fc8a45106fa58",
                    "_tpl": "5cadf6eeae921500134b2799",
                    "upd": {
                        "StackObjectsCount": 30
                    },
                    "parentId": "64b99751053fc8a45106fa54",
                    "slotId": "main"
                }, {
                    "_id": "64b99751053fc8a45106fa59",
                    "_tpl": "62330bfadc5883093563729b",
                    "upd": {
                        "StackObjectsCount": 30
                    },
                    "parentId": "64b99751053fc8a45106fa54",
                    "slotId": "main"
                }, {
                    "_id": "64b99751053fc8a45106fa5a",
                    "_tpl": "62330bfadc5883093563729b",
                    "upd": {
                        "StackObjectsCount": 30
                    },
                    "parentId": "64b99751053fc8a45106fa54",
                    "slotId": "main"
                }, {
                    "_id": "64b99751053fc8a45106fa5b",
                    "_tpl": "62330bfadc5883093563729b",
                    "upd": {
                        "StackObjectsCount": 30
                    },
                    "parentId": "64b99751053fc8a45106fa54",
                    "slotId": "main"
                }, {
                    "_id": "64b99751053fc8a45106fa5c",
                    "_tpl": "62330bfadc5883093563729b",
                    "upd": {
                        "StackObjectsCount": 30
                    },
                    "parentId": "64b99751053fc8a45106fa54",
                    "slotId": "main"
                }, {
                    "_id": "64b99751053fc8a45106fa5d",
                    "_tpl": "5d1b376e86f774252519444e",
                    "parentId": "64b99751053fc8a45106fa54",
                    "slotId": "main"
                }, {
                    "_id": "64b99751053fc8a45106fa5e",
                    "_tpl": "5aafbde786f774389d0cbc0f",
                    "parentId": "64b99751053fc8a45106fa54",
                    "slotId": "main"
                }, {
                    "_id": "64b99751053fc8a45106fa5f",
                    "_tpl": "5aafbde786f774389d0cbc0f",
                    "parentId": "64b99751053fc8a45106fa54",
                    "slotId": "main"
                }, {
                    "_id": "64b99751053fc8a45106fa60",
                    "_tpl": "633ec7c2a6918cb895019c6c",
                    "upd": {
                        "Repairable": {
                            "MaxDurability": 100,
                            "Durability": 100
                        },
                        "FireMode": {
                            "FireMode": "single"
                        }
                    },
                    "parentId": "64b99751053fc8a45106fa54",
                    "slotId": "main"
                }, {
                    "_id": "64b99751053fc8a45106fa61",
                    "_tpl": "633ec6ee025b096d320a3b15",
                    "parentId": "64b99751053fc8a45106fa60",
                    "slotId": "mod_magazine"
                }, {
                    "_id": "64b99751053fc8a45106fa62",
                    "_tpl": "633ec8e4025b096d320a3b1e",
                    "parentId": "64b99751053fc8a45106fa60",
                    "slotId": "mod_pistol_grip"
                }, {
                    "_id": "64b99751053fc8a45106fa63",
                    "_tpl": "61a4c8884f95bc3b2c5dc96f",
                    "upd": {
                        "FireMode": {
                            "FireMode": "single"
                        }
                    },
                    "parentId": "64b99751053fc8a45106fa54",
                    "slotId": "main"
                }, {
                    "_id": "64b99751053fc8a45106fa64",
                    "_tpl": "619f54a1d25cbd424731fb99",
                    "parentId": "64b99751053fc8a45106fa63",
                    "slotId": "mod_magazine"
                }, {
                    "_id": "64b99751053fc8a45106fa65",
                    "_tpl": "619f4cee4c58466fe1228435",
                    "parentId": "64b99751053fc8a45106fa63",
                    "slotId": "mod_sight_rear"
                }, {
                    "_id": "64b99751053fc8a45106fa66",
                    "_tpl": "619f4d304c58466fe1228437",
                    "parentId": "64b99751053fc8a45106fa63",
                    "slotId": "mod_sight_front"
                }, {
                    "_id": "64b99751053fc8a45106fa67",
                    "_tpl": "619f4bffd25cbd424731fb97",
                    "parentId": "64b99751053fc8a45106fa63",
                    "slotId": "mod_pistol_grip"
                }
            ],
            "sender": "System",
            "messageText": "BARMALEY",
            "timestampToSend": 42069,
            "collectionTimeHours": 48,
            "associatedEvent": "Promo"
        },
        "S00NS00N": {
            "items": [{
                    "_id": "64b997574a8c8eb8cb019005",
                    "_tpl": "619cbf9e0a7c3a1a2731940a",
                    "parentId": "64b997574a8c8eb8cb019004",
                    "slotId": "main"
                }, {
                    "_id": "64b997574a8c8eb8cb019006",
                    "_tpl": "5c94bbff86f7747ee735c08f",
                    "parentId": "64b997574a8c8eb8cb019004",
                    "slotId": "main"
                }, {
                    "_id": "64b997574a8c8eb8cb019007",
                    "_tpl": "5c94bbff86f7747ee735c08f",
                    "parentId": "64b997574a8c8eb8cb019004",
                    "slotId": "main"
                }, {
                    "_id": "64b997574a8c8eb8cb019008",
                    "_tpl": "5c94bbff86f7747ee735c08f",
                    "parentId": "64b997574a8c8eb8cb019004",
                    "slotId": "main"
                }, {
                    "_id": "64b997574a8c8eb8cb019009",
                    "_tpl": "5c94bbff86f7747ee735c08f",
                    "parentId": "64b997574a8c8eb8cb019004",
                    "slotId": "main"
                }, {
                    "_id": "64b997574a8c8eb8cb01900a",
                    "_tpl": "5c94bbff86f7747ee735c08f",
                    "parentId": "64b997574a8c8eb8cb019004",
                    "slotId": "main"
                }, {
                    "_id": "64b997574a8c8eb8cb01900b",
                    "_tpl": "5aafbcd986f7745e590fff23",
                    "parentId": "64b997574a8c8eb8cb019004",
                    "slotId": "main"
                }, {
                    "_id": "64b997574a8c8eb8cb01900c",
                    "_tpl": "5c0e530286f7747fa1419862",
                    "parentId": "64b997574a8c8eb8cb019004",
                    "slotId": "main"
                }, {
                    "_id": "64b997574a8c8eb8cb01900d",
                    "_tpl": "5c0e534186f7747fa1419867",
                    "parentId": "64b997574a8c8eb8cb019004",
                    "slotId": "main"
                }, {
                    "_id": "64b997574a8c8eb8cb01900e",
                    "_tpl": "5c0e533786f7747fa23f4d47",
                    "parentId": "64b997574a8c8eb8cb019004",
                    "slotId": "main"
                }, {
                    "_id": "64b997574a8c8eb8cb01900f",
                    "_tpl": "544fb3f34bdc2d03748b456a",
                    "parentId": "64b997574a8c8eb8cb019004",
                    "slotId": "main"
                }, {
                    "_id": "64b997574a8c8eb8cb019010",
                    "_tpl": "5c0e531d86f7747fa23f4d42",
                    "parentId": "64b997574a8c8eb8cb019004",
                    "slotId": "main"
                }
            ],
            "sender": "System",
            "messageText": "S00NS00N",
            "timestampToSend": 42069,
            "collectionTimeHours": 48,
            "associatedEvent": "Promo"
        },
        "TRAMBON": {
            "items": [{
                    "_id": "64b9975c0863630f260c592a",
                    "_tpl": "591094e086f7747caa7bb2ef",
                    "parentId": "64b9975c0863630f260c5929",
                    "slotId": "main"
                }, {
                    "_id": "64b9975c0863630f260c592b",
                    "_tpl": "5e4abb5086f77406975c9342",
                    "parentId": "64b9975c0863630f260c5929",
                    "slotId": "main"
                }, {
                    "_id": "64b9975c0863630f260c592c",
                    "_tpl": "5ca2151486f774244a3b8d30",
                    "parentId": "64b9975c0863630f260c5929",
                    "slotId": "main"
                }, {
                    "_id": "64b9975c0863630f260c592d",
                    "_tpl": "60a3c68c37ea821725773ef5",
                    "parentId": "64b9975c0863630f260c5929",
                    "slotId": "main"
                }
            ],
            "sender": "System",
            "messageText": "TRAMBON",
            "timestampToSend": 42069,
            "collectionTimeHours": 48,
            "associatedEvent": "Promo"
        },
        "PINEWOOD": {
            "items": [{
                    "_id": "64b998310a0c2d62990eecc3",
                    "_tpl": "63a39fc0af870e651d58e6ae",
                    "parentId": "64b998310a0c2d62990eecc2",
                    "slotId": "main"
                }, {
                    "_id": "64b998310a0c2d62990eecc4",
                    "_tpl": "5fc382a9d724d907e2077dab",
                    "upd": {
                        "StackObjectsCount": 20
                    },
                    "parentId": "64b998310a0c2d62990eecc2",
                    "slotId": "main"
                }, {
                    "_id": "64b998310a0c2d62990eecc5",
                    "_tpl": "5fc22d7c187fea44d52eda44",
                    "upd": {
                        "FireMode": {
                            "FireMode": "single"
                        }
                    },
                    "parentId": "64b998310a0c2d62990eecc2",
                    "slotId": "main"
                }, {
                    "_id": "64b998310a0c2d62990eecc6",
                    "_tpl": "57c55efc2459772d2c6271e7",
                    "parentId": "64b998310a0c2d62990eecc5",
                    "slotId": "mod_pistol_grip"
                }, {
                    "_id": "64b998310a0c2d62990eecc7",
                    "_tpl": "5fc23426900b1d5091531e15",
                    "parentId": "64b998310a0c2d62990eecc5",
                    "slotId": "mod_magazine"
                }, {
                    "_id": "64b998310a0c2d62990eecc8",
                    "_tpl": "5649be884bdc2d79388b4577",
                    "parentId": "64b998310a0c2d62990eecc5",
                    "slotId": "mod_stock_001"
                }, {
                    "_id": "64b998310a0c2d62990eecc9",
                    "_tpl": "5fc2369685fd526b824a5713",
                    "parentId": "64b998310a0c2d62990eecc8",
                    "slotId": "mod_stock_000"
                }, {
                    "_id": "64b998310a0c2d62990eecca",
                    "_tpl": "5fc278107283c4046c581489",
                    "parentId": "64b998310a0c2d62990eecc5",
                    "slotId": "mod_reciever"
                }, {
                    "_id": "64b998310a0c2d62990eeccb",
                    "_tpl": "5fc23678ab884124df0cd590",
                    "parentId": "64b998310a0c2d62990eecca",
                    "slotId": "mod_barrel"
                }, {
                    "_id": "64b998310a0c2d62990eeccc",
                    "_tpl": "5fc23636016cce60e8341b05",
                    "parentId": "64b998310a0c2d62990eeccb",
                    "slotId": "mod_muzzle"
                }, {
                    "_id": "64b998310a0c2d62990eeccd",
                    "_tpl": "5fc2360f900b1d5091531e19",
                    "parentId": "64b998310a0c2d62990eeccb",
                    "slotId": "mod_gas_block"
                }, {
                    "_id": "64b998310a0c2d62990eecce",
                    "_tpl": "5fc235db2770a0045c59c683",
                    "parentId": "64b998310a0c2d62990eecca",
                    "slotId": "mod_handguard"
                }
            ],
            "sender": "System",
            "messageText": "PINEWOOD",
            "timestampToSend": 42069,
            "collectionTimeHours": 48,
            "associatedEvent": "Promo"
        },
        "HESOYAM": {
            "items": [{
                    "_id": "64b93751553fc8a45103fa55",
                    "_tpl": "5449016a4bdc2d6f028b456f",
                    "upd": {
                        "StackObjectsCount": 250000
                    },
                    "parentId": "62b997444agc8eb4cf013244",
                    "slotId": "main"
                }
            ],
            "sender": "System",
            "messageText": "HESOYAM",
            "collectionTimeHours": 48,
            "associatedEvent": "Promo"
        },
        "PraporGiftDay1": {
            "items": [{
                    "_id": "a89275c1b18874ed6402a6d7",
                    "_tpl": "544fb45d4bdc2dee738b4568",
                    "slotId": "main",
                    "upd": {
                        "StackObjectsCount": 1
                    },
                    "parentId": "64b996c9d0de4697180359b6"
                }, {
                    "_id": "a8927tryb15624ed6d02a6d7",
                    "_tpl": "5d02778e86f774203e7dedbe",
                    "slotId": "main",
                    "upd": {
                        "StackObjectsCount": 1
                    },
                    "parentId": "64b996c9d0de4697180359b6"
                }, {
                    "_id": "a8927tgyg55674ed6d02a6d7",
                    "_tpl": "6034d0230ca681766b6a0fb5",
                    "slotId": "main",
                    "upd": {
                        "StackObjectsCount": 1
                    },
                    "parentId": "64b996c9d0de4697180359b6"
                }
            ],
            "sender": "Trader",
            "trader": "PRAPOR",
            "localeTextId": "5fd4c8b59e4b2a58b34bbd28 0",
            "collectionTimeHours": 48
        },
        "PraporGiftDay2": {
            "items": [{
                    "_id": "a89275c1b18874ed7452a6d7",
                    "_tpl": "5751a25924597722c463c472",
                    "slotId": "main",
                    "upd": {
                        "StackObjectsCount": 2
                    },
                    "parentId": "64b996c9d0de4697180359b6"
                }, {
                    "_id": "a8927tgyb15674ed6d02a6d7",
                    "_tpl": "5ca20d5986f774331e7c9602",
                    "slotId": "main",
                    "upd": {
                        "StackObjectsCount": 1
                    },
                    "parentId": "64b996c9d0de4697180359b6"
                }, {
                    "_id": "a8927tgyb15674ed6d02oyj7",
                    "_tpl": "5755356824597772cb798962",
                    "slotId": "main",
                    "upd": {
                        "StackObjectsCount": 3
                    },
                    "parentId": "64b996c9d0de4697180359b6"
                }
            ],
            "sender": "Trader",
            "trader": "PRAPOR",
            "localeTextId": "5fd4c8d49e4b2a58b34bbd29 0",
            "collectionTimeHours": 48
        },
        "KAPPA4U": {
            "items": [{
                    "_id": "a89275c1b18274ed7432a6d7",
                    "_tpl": "5c093ca986f7740a1867ab12",
                    "slotId": "main",
                    "upd": {
                        "StackObjectsCount": 1
                    },
                    "parentId": "64b996c9d0de4697180359b6"
                }
            ],
            "sender": "System",
            "messageText": "Easy Kappa",
            "collectionTimeHours": 48,
            "associatedEvent": "Promo"
        },
        "ENDOFWIPE": {
            "items": [{
                    "_id": "a89275c1b18274ef7432a6d7",
                    "_tpl": "5449016a4bdc2d6f028b456f",
                    "slotId": "main",
                    "upd": {
                        "StackObjectsCount": 500000
                    },
                    "parentId": "64b996c9d0de4697180359b6"
                }, {
                    "_id": "a89275c1b18274e27432a6d7",
                    "_tpl": "5449016a4bdc2d6f028b456f",
                    "slotId": "main",
                    "upd": {
                        "StackObjectsCount": 500000
                    },
                    "parentId": "64b996c9d0de4697180359b6"
                }
            ],
            "sender": "System",
            "localeTextId": "626e5d63bc92c87fd22a943f 0",
            "collectionTimeHours": 48,
            "associatedEvent": "Promo"
        },
        "IAMADIRTYLITTLEGOBLIN": {
            "items": [{
                    "_id": "a89275c1b18274ef7432a6d8",
                    "_tpl": "58ac60eb86f77401897560ff",
                    "slotId": "main",
                    "upd": {
                        "StackObjectsCount": 1
                    },
                    "parentId": "64b996c9d0de4697180359b6"
                }
            ],
            "sender": "System",
            "messageText": "You dirty little cheating goblin",
            "collectionTimeHours": 48,
            "associatedEvent": "Promo"
        },
        "CHOMP": {
            "items": [{
                    "_id": "a89275c1b18274ef7432a6d9",
                    "_tpl": "5e54f62086f774219b0f1937",
                    "slotId": "main",
                    "upd": {
                        "StackObjectsCount": 1
                    },
                    "parentId": "64b996c9d0de4697180359b6"
                }
            ],
            "sender": "System",
            "messageText": "caw caw",
            "collectionTimeHours": 48,
            "associatedEvent": "Promo"
        },
		"CWX": {
            "items": [{
                    "_id": "a89275c1b18274ef7432a6d9",
                    "_tpl": "5c13cef886f774072e618e82",
                    "slotId": "main",
                    "upd": {
                        "StackObjectsCount": 2
                    },
                    "parentId": "64b996c9d0de4697180359b6"
                }
            ],
            "sender": "System",
            "messageText": "un oh stinky",
            "collectionTimeHours": 48,
            "associatedEvent": "Promo"
        },
		"TERKOIZ": {
            "items": [{
                    "_id": "a89275c1b18274ef7432a6d9",
                    "_tpl": "5a0eb38b86f774153b320eb0",
                    "slotId": "main",
                    "upd": {
                        "StackObjectsCount": 1
                    },
                    "parentId": "64b996c9d0de4697180359b6"
                }
            ],
            "sender": "System",
            "messageText": "Out of the way, i'm a motorist",
            "collectionTimeHours": 48,
            "associatedEvent": "Promo"
        },
		"WAFFLE": {
            "items": [{
                    "_id": "a89275c1b18274ef7432a6d9",
                    "_tpl": "57347d90245977448f7b7f65",
                    "slotId": "main",
                    "upd": {
                        "StackObjectsCount": 1
                    },
                    "parentId": "64b996c9d0de4697180359b6"
                },{
                    "_id": "a89275c1b18274ef7432a6d9",
                    "_tpl": "575146b724597720a27126d5",
                    "slotId": "main",
                    "upd": {
                        "StackObjectsCount": 1
                    },
                    "parentId": "64b996c9d0de4697180359b6"
                }
            ],
            "sender": "System",
            "messageText": "JONKLER NO",
            "collectionTimeHours": 48,
            "associatedEvent": "Promo"
        },
		"NIGHTWING": {
            "items": [{
                    "_id": "a89275c1b18274ef7432a6d9",
                    "_tpl": "57347d90245977448f7b7f65",
                    "slotId": "main",
                    "upd": {
                        "StackObjectsCount": 1
                    },
                    "parentId": "64b996c9d0de4697180359b6"
                },{
                    "_id": "a89275c1b18274ef7432a6d3",
                    "_tpl": "575146b724597720a27126d5",
                    "slotId": "main",
                    "upd": {
                        "StackObjectsCount": 1
                    },
                    "parentId": "64b996c9d0de4697180359b6"
                }
            ],
            "sender": "System",
            "messageText": "JONKLER NO",
            "collectionTimeHours": 48,
            "associatedEvent": "Promo"
        },
        "BSGBIRTHDAY2023": {
            "sender": "System",
            "messageText": "<ch>BSG birthday present!</ch><cz>BSG birthday present!</cz><en>BSG birthday present!</en><fr>BSG birthday present!</fr><ge>BSG birthday present!</ge><hu>BSG birthday present!</hu><it>BSG birthday present!</it><jp>BSG birthday present!</jp><kr>BSG birthday present!</kr><pl>BSG birthday present!</pl><po>BSG birthday present!</po><sk>BSG birthday present!</sk><es>BSG birthday present!</es><es-mx>BSG birthday present!</es-mx><tu>BSG birthday present!</tu><ru>BSG birthday present!</ru><ro>BSG birthday present!</ro>",
            "collectionTimeHours": 48,
            "associatedEvent": "Promo",
            "items": [{
                    "_id": "652a6f5c35258f985804aa0c",
                    "_tpl": "5fd4c4fa16cac650092f6771",
                    "parentId": "652a6f5c35258f985804aa0b",
                    "slotId": "main"
                }, {
                    "_id": "652a6f5c35258f985804aa0d",
                    "_tpl": "64be79c487d1510151095552",
                    "parentId": "652a6f5c35258f985804aa0b",
                    "slotId": "main"
                }, {
                    "_id": "652a6f5c35258f985804aa0e",
                    "_tpl": "643ea5b23db6f9f57107d9fd",
                    "upd": {
                        "Repairable": {
                            "Durability": 100,
                            "MaxDurability": 100
                        }
                    },
                    "parentId": "652a6f5c35258f985804aa0b",
                    "slotId": "main"
                }, {
                    "_id": "652a6f5c35258f985804aa0f",
                    "_tpl": "6410745d5dd49d77bd078485",
                    "parentId": "652a6f5c35258f985804aa0e",
                    "slotId": "mod_stock"
                }, {
                    "_id": "652a6f5c35258f985804aa10",
                    "_tpl": "6410758c857473525b08bb77",
                    "parentId": "652a6f5c35258f985804aa0e",
                    "slotId": "mod_barrel"
                }, {
                    "_id": "652a6f5c35258f985804aa11",
                    "_tpl": "64119d1f2c6d6f921a0929f8",
                    "parentId": "652a6f5c35258f985804aa10",
                    "slotId": "mod_muzzle"
                }, {
                    "_id": "652a6f5c35258f985804aa12",
                    "_tpl": "64119d672c6d6f921a0929fb",
                    "parentId": "652a6f5c35258f985804aa11",
                    "slotId": "mod_sight_front"
                }, {
                    "_id": "652a6f5c35258f985804aa13",
                    "_tpl": "64119d90dcf48d656f0aa275",
                    "parentId": "652a6f5c35258f985804aa10",
                    "slotId": "mod_sight_rear"
                }, {
                    "_id": "652a6f5c35258f985804aa14",
                    "_tpl": "64119cdbdcf48d656f0aa272",
                    "parentId": "652a6f5c35258f985804aa0e",
                    "slotId": "mod_reciever"
                }, {
                    "_id": "652a6f5c35258f985804aa15",
                    "_tpl": "6422e1ea3c0f06190302161a",
                    "parentId": "652a6f5c35258f985804aa0e",
                    "slotId": "mod_magazine"
                }, {
                    "_id": "652a6f5c35258f985804aa16",
                    "_tpl": "641dc35e19604f20c800be18",
                    "parentId": "652a6f5c35258f985804aa0e",
                    "slotId": "mod_scope"
                }, {
                    "_id": "652a6f5c35258f985804aa17",
                    "_tpl": "5b3f7c1c5acfc40dc5296b1d",
                    "parentId": "652a6f5c35258f985804aa16",
                    "slotId": "mod_scope"
                }, {
                    "_id": "652a6f5c35258f985804aa18",
                    "_tpl": "64748cb8de82c85eaf0a273a",
                    "upd": {
                        "Repairable": {
                            "Durability": 100,
                            "MaxDurability": 100
                        }
                    },
                    "parentId": "652a6f5c35258f985804aa0b",
                    "slotId": "main"
                }, {
                    "_id": "652a6f5c35258f985804aa19",
                    "_tpl": "64748d02d1c009260702b526",
                    "parentId": "652a6f5c35258f985804aa18",
                    "slotId": "mod_barrel"
                }, {
                    "_id": "652a6f5c35258f985804aa1a",
                    "_tpl": "5f60cd6cf2bcbb675b00dac6",
                    "parentId": "652a6f5c35258f985804aa0b",
                    "slotId": "main"
                }, {
                    "_id": "652a6f5c35258f985804aa1b",
                    "_tpl": "5d5e7d28a4b936645d161203",
                    "parentId": "652a6f5c35258f985804aa0b",
                    "slotId": "main"
                }, {
                    "_id": "652a6f5c35258f985804aa1c",
                    "_tpl": "5d1b376e86f774252519444e",
                    "parentId": "652a6f5c35258f985804aa0b",
                    "slotId": "main"
                }
            ]
        },
        "GROUNDZERO": {
            "items": [{
                    "_id": "65539de6fe677db90c0f53cb",
                    "_tpl": "619cbf7d23893217ec30b689",
                    "slotId": "main"
                }
            ],
            "sender": "System",
            "messageText": "GROUNDZERO",
            "collectionTimeHours": 48,
            "associatedEvent": "Promo"
        },
        "IAMMIGHTY": {
            "items": [{
                    "_id": "6553a38f2c33e9939d0a2391",
                    "_tpl": "6176aca650224f204c1da3fb",
                    "upd": {
                        "FireMode": {
                            "FireMode": "single"
                        }
                    },
                    "parentId": "6553a38f2c33e9939d0a2390",
                    "slotId": "main"
                }, {
                    "_id": "6553a38f2c33e9939d0a2392",
                    "_tpl": "6193dcd0f8ee7e52e4210a28",
                    "parentId": "6553a38f2c33e9939d0a2391",
                    "slotId": "mod_pistol_grip"
                }, {
                    "_id": "6553a38f2c33e9939d0a2393",
                    "_tpl": "617131a4568c120fdd29482d",
                    "parentId": "6553a38f2c33e9939d0a2391",
                    "slotId": "mod_magazine"
                }, {
                    "_id": "6553a38f2c33e9939d0a2394",
                    "_tpl": "617153016c780c1e710c9a2f",
                    "parentId": "6553a38f2c33e9939d0a2391",
                    "slotId": "mod_stock"
                }, {
                    "_id": "6553a38f2c33e9939d0a2395",
                    "_tpl": "617154aa1cb55961fa0fdb3b",
                    "parentId": "6553a38f2c33e9939d0a2394",
                    "slotId": "mod_stock_000"
                }, {
                    "_id": "6553a38f2c33e9939d0a2396",
                    "_tpl": "61713a8fd92c473c770214a4",
                    "parentId": "6553a38f2c33e9939d0a2391",
                    "slotId": "mod_reciever"
                }, {
                    "_id": "6553a38f2c33e9939d0a2397",
                    "_tpl": "6171407e50224f204c1da3c5",
                    "parentId": "6553a38f2c33e9939d0a2396",
                    "slotId": "mod_scope"
                }, {
                    "_id": "6553a38f2c33e9939d0a2398",
                    "_tpl": "617151c1d92c473c770214ab",
                    "parentId": "6553a38f2c33e9939d0a2397",
                    "slotId": "mod_scope_000"
                }, {
                    "_id": "6553a38f2c33e9939d0a2399",
                    "_tpl": "61702be9faa1272e431522c3",
                    "parentId": "6553a38f2c33e9939d0a2396",
                    "slotId": "mod_barrel"
                }, {
                    "_id": "6553a38f2c33e9939d0a239a",
                    "_tpl": "61713308d92c473c770214a0",
                    "parentId": "6553a38f2c33e9939d0a2399",
                    "slotId": "mod_muzzle"
                }, {
                    "_id": "6553a38f2c33e9939d0a239b",
                    "_tpl": "61702f1b67085e45ef140b26",
                    "parentId": "6553a38f2c33e9939d0a2399",
                    "slotId": "mod_gas_block"
                }, {
                    "_id": "6553a38f2c33e9939d0a239c",
                    "_tpl": "61712eae6c780c1e710c9a1d",
                    "parentId": "6553a38f2c33e9939d0a2396",
                    "slotId": "mod_handguard"
                }, {
                    "_id": "6553a38f2c33e9939d0a239d",
                    "_tpl": "5bb20e49d4351e3bac1212de",
                    "parentId": "6553a38f2c33e9939d0a2396",
                    "slotId": "mod_sight_rear"
                }, {
                    "_id": "6553a38f2c33e9939d0a239e",
                    "_tpl": "61702d8a67085e45ef140b24",
                    "parentId": "6553a38f2c33e9939d0a2391",
                    "slotId": "mod_charge"
                }, {
                    "_id": "6553a38f2c33e9939d0a239f",
                    "_tpl": "5447a9cd4bdc2dbd208b4567",
                    "upd": {
                        "FireMode": {
                            "FireMode": "single"
                        }
                    },
                    "parentId": "6553a38f2c33e9939d0a2390",
                    "slotId": "main"
                }, {
                    "_id": "6553a38f2c33e9939d0a23a0",
                    "_tpl": "5cc9bcaed7f00c011c04e179",
                    "parentId": "6553a38f2c33e9939d0a239f",
                    "slotId": "mod_pistol_grip"
                }, {
                    "_id": "6553a38f2c33e9939d0a23a1",
                    "_tpl": "59c1383d86f774290a37e0ca",
                    "parentId": "6553a38f2c33e9939d0a239f",
                    "slotId": "mod_magazine"
                }, {
                    "_id": "6553a38f2c33e9939d0a23a2",
                    "_tpl": "5d4405aaa4b9361e6a4e6bd3",
                    "parentId": "6553a38f2c33e9939d0a239f",
                    "slotId": "mod_reciever"
                }, {
                    "_id": "6553a38f2c33e9939d0a23a3",
                    "_tpl": "59f9d81586f7744c7506ee62",
                    "parentId": "6553a38f2c33e9939d0a23a2",
                    "slotId": "mod_scope"
                }, {
                    "_id": "6553a38f2c33e9939d0a23a4",
                    "_tpl": "55d35ee94bdc2d61338b4568",
                    "parentId": "6553a38f2c33e9939d0a23a2",
                    "slotId": "mod_barrel"
                }, {
                    "_id": "6553a38f2c33e9939d0a23a5",
                    "_tpl": "5cff9e5ed7ad1a09407397d4",
                    "parentId": "6553a38f2c33e9939d0a23a4",
                    "slotId": "mod_muzzle"
                }, {
                    "_id": "6553a38f2c33e9939d0a23a6",
                    "_tpl": "5d00ec68d7ad1a04a067e5be",
                    "parentId": "6553a38f2c33e9939d0a23a4",
                    "slotId": "mod_gas_block"
                }, {
                    "_id": "6553a38f2c33e9939d0a23a7",
                    "_tpl": "5c78f2612e221600114c9f0d",
                    "parentId": "6553a38f2c33e9939d0a23a2",
                    "slotId": "mod_handguard"
                }, {
                    "_id": "6553a38f2c33e9939d0a23a8",
                    "_tpl": "5b7be4895acfc400170e2dd5",
                    "parentId": "6553a38f2c33e9939d0a23a7",
                    "slotId": "mod_foregrip"
                }, {
                    "_id": "6553a38f2c33e9939d0a23a9",
                    "_tpl": "588226d124597767ad33f787",
                    "parentId": "6553a38f2c33e9939d0a23a8",
                    "slotId": "mod_foregrip"
                }, {
                    "_id": "6553a38f2c33e9939d0a23aa",
                    "_tpl": "5ba26b01d4351e0085325a51",
                    "parentId": "6553a38f2c33e9939d0a23a7",
                    "slotId": "mod_sight_front"
                }, {
                    "_id": "6553a38f2c33e9939d0a23ab",
                    "_tpl": "5c78f2882e22165df16b832e",
                    "parentId": "6553a38f2c33e9939d0a23a7",
                    "slotId": "mod_muzzle"
                }, {
                    "_id": "6553a38f2c33e9939d0a23ac",
                    "_tpl": "5b07dd285acfc4001754240d",
                    "parentId": "6553a38f2c33e9939d0a23a7",
                    "slotId": "mod_tactical_002"
                }, {
                    "_id": "6553a38f2c33e9939d0a23ad",
                    "_tpl": "5ba26b17d4351e00367f9bdd",
                    "parentId": "6553a38f2c33e9939d0a23a2",
                    "slotId": "mod_sight_rear"
                }, {
                    "_id": "6553a38f2c33e9939d0a23ae",
                    "_tpl": "5d120a10d7ad1a4e1026ba85",
                    "parentId": "6553a38f2c33e9939d0a239f",
                    "slotId": "mod_stock"
                }, {
                    "_id": "6553a38f2c33e9939d0a23af",
                    "_tpl": "5d120a28d7ad1a1c8962e295",
                    "parentId": "6553a38f2c33e9939d0a23ae",
                    "slotId": "mod_stock"
                }, {
                    "_id": "6553a38f2c33e9939d0a23b0",
                    "_tpl": "5d44334ba4b9362b346d1948",
                    "parentId": "6553a38f2c33e9939d0a239f",
                    "slotId": "mod_charge"
                }, {
                    "_id": "6553a38f2c33e9939d0a23b1",
                    "_tpl": "5c0e655586f774045612eeb2",
                    "parentId": "6553a38f2c33e9939d0a2390",
                    "slotId": "main"
                }
            ],
            "sender": "System",
            "messageText": "IAMMIGHTY",
            "collectionTimeHours": 48,
            "associatedEvent": "Promo"
        },
        "ARMORPLATES": {
            "items": [{
                    "_id": "6553aa39382bf255500f5a73",
                    "_tpl": "5c0e722886f7740458316a57",
                    "parentId": "6553aa39382bf255500f5a72",
                    "slotId": "main"
                }, {
                    "_id": "6553aa39382bf255500f5a74",
                    "_tpl": "544a5caa4bdc2d1a388b4568",
                    "parentId": "6553aa39382bf255500f5a72",
                    "slotId": "main"
                }, {
                    "_id": "6553aa39382bf255500f5a75",
                    "_tpl": "5b40e2bc5acfc40016388216",
                    "parentId": "6553aa39382bf255500f5a72",
                    "slotId": "main"
                }, {
                    "_id": "6553aa39382bf255500f5a76",
                    "_tpl": "5b40e2bc5acfc40016388216",
                    "parentId": "6553aa39382bf255500f5a72",
                    "slotId": "main"
                }
            ],
            "sender": "System",
            "messageText": "ARMORPLATES",
            "collectionTimeHours": 48,
            "associatedEvent": "Promo"
        },
        "RICHANDEXPENSIVE": {
            "items": [{
                    "_id": "6553adb4e56992db30039456",
                    "_tpl": "5c0e530286f7747fa1419862",
                    "parentId": "6553adb4e56992db30039455",
                    "slotId": "main"
                }, {
                    "_id": "6553adb4e56992db30039457",
                    "_tpl": "5c0e530286f7747fa1419862",
                    "parentId": "6553adb4e56992db30039455",
                    "slotId": "main"
                }, {
                    "_id": "6553adb4e56992db30039458",
                    "_tpl": "5c0e533786f7747fa23f4d47",
                    "parentId": "6553adb4e56992db30039455",
                    "slotId": "main"
                }, {
                    "_id": "6553adb4e56992db30039459",
                    "_tpl": "5c0e533786f7747fa23f4d47",
                    "parentId": "6553adb4e56992db30039455",
                    "slotId": "main"
                }, {
                    "_id": "6553adb4e56992db3003945a",
                    "_tpl": "5ed5160a87bb8443d10680b5",
                    "parentId": "6553adb4e56992db30039455",
                    "slotId": "main"
                }, {
                    "_id": "6553adb4e56992db3003945b",
                    "_tpl": "5ed5160a87bb8443d10680b5",
                    "parentId": "6553adb4e56992db30039455",
                    "slotId": "main"
                }, {
                    "_id": "6553adb4e56992db3003945c",
                    "_tpl": "637b620db7afa97bfc3d7009",
                    "parentId": "6553adb4e56992db30039455",
                    "slotId": "main"
                }, {
                    "_id": "6553adb4e56992db3003945d",
                    "_tpl": "637b620db7afa97bfc3d7009",
                    "parentId": "6553adb4e56992db30039455",
                    "slotId": "main"
                }, {
                    "_id": "6553adb4e56992db3003945e",
                    "_tpl": "5c0e534186f7747fa1419867",
                    "parentId": "6553adb4e56992db30039455",
                    "slotId": "main"
                }, {
                    "_id": "6553adb4e56992db3003945f",
                    "_tpl": "5c0e534186f7747fa1419867",
                    "parentId": "6553adb4e56992db30039455",
                    "slotId": "main"
                }
            ],
            "sender": "System",
            "messageText": "RICHANDEXPENSIVE",
            "collectionTimeHours": 48,
            "associatedEvent": "Promo"
        },
        "LEFTHANDHEADEYES": {
            "items": [{
                    "_id": "6553aef5e83f97d5d30172d6",
                    "_tpl": "5d03775b86f774203e7e0c4b",
                    "parentId": "6553aef5e83f97d5d30172d5",
                    "slotId": "main"
                }, {
                    "_id": "6553aef5e83f97d5d30172d7",
                    "_tpl": "5c12613b86f7743bbe2c3f76",
                    "parentId": "6553aef5e83f97d5d30172d5",
                    "slotId": "main"
                }, {
                    "_id": "6553aef5e83f97d5d30172d8",
                    "_tpl": "5d1b36a186f7742523398433",
                    "parentId": "6553aef5e83f97d5d30172d5",
                    "slotId": "main"
                }
            ],
            "sender": "System",
            "messageText": "LEFTHANDHEADEYES",
            "collectionTimeHours": 48,
            "associatedEvent": "Promo"
        },
        "EDITPROFILE": {
            "items": [{
                    "_id": "6571e74a4a27470f5926ecb4",
                    "_tpl": "5449016a4bdc2d6f028b456f",
                    "upd": {
                        "StackObjectsCount": 500000
                    },
                    "parentId": "6571e74a4a27570f5926ecb2",
                    "slotId": "main"
                }, {
                    "_id": "6571e74a4a37570f5926ecb5",
                    "_tpl": "5449016a4bdc2d6f028b456f",
                    "upd": {
                        "StackObjectsCount": 500000
                    },
                    "parentId": "6571e74a4a27570f5926ecb2",
                    "slotId": "main"
                }, {
                    "_id": "6571e74b4a27570f5926ecb6",
                    "_tpl": "5449016a4bdc2d6f028b456f",
                    "upd": {
                        "StackObjectsCount": 500000
                    },
                    "parentId": "6571e74a4a27570f5926ecb2",
                    "slotId": "main"
                }, {
                    "_id": "6571e74n4a27570f5926ecb7",
                    "_tpl": "5449016a4bdc2d6f028b456f",
                    "upd": {
                        "StackObjectsCount": 500000
                    },
                    "parentId": "6571e74a4a27570f5926ecb2",
                    "slotId": "main"
                }, {
                    "_id": "6571e74a4a24570f5926ecb8",
                    "_tpl": "5449016a4bdc2d6f028b456f",
                    "upd": {
                        "StackObjectsCount": 500000
                    },
                    "parentId": "6571e74a4a27570f5926ecb2",
                    "slotId": "main"
                }, {
                    "_id": "6571e74a4a27370f5926ecb9",
                    "_tpl": "5449016a4bdc2d6f028b456f",
                    "upd": {
                        "StackObjectsCount": 500000
                    },
                    "parentId": "6571e74a4a27570f5926ecb2",
                    "slotId": "main"
                }, {
                    "_id": "6571e74a4a27470f5926ecba",
                    "_tpl": "5449016a4bdc2d6f028b456f",
                    "upd": {
                        "StackObjectsCount": 500000
                    },
                    "parentId": "6571e74a4a27570f5926ecb2",
                    "slotId": "main"
                }, {
                    "_id": "6571e74a4b27570f5926ecbb",
                    "_tpl": "5449016a4bdc2d6f028b456f",
                    "upd": {
                        "StackObjectsCount": 500000
                    },
                    "parentId": "6571e74a4a27570f5926ecb2",
                    "slotId": "main"
                }, {
                    "_id": "6571e74a4a77570f5926ecbc",
                    "_tpl": "5449016a4bdc2d6f028b456f",
                    "upd": {
                        "StackObjectsCount": 500000
                    },
                    "parentId": "6571e74a4a27570f5926ecb2",
                    "slotId": "main"
                }, {
                    "_id": "6571e74a4a27370f5926ecbd",
                    "_tpl": "5449016a4bdc2d6f028b456f",
                    "upd": {
                        "StackObjectsCount": 500000
                    },
                    "parentId": "6571e74a4a27570f5926ecb2",
                    "slotId": "main"
                }, {
                    "_id": "6571e74a4a27580f5926ecbe",
                    "_tpl": "5449016a4bdc2d6f028b456f",
                    "upd": {
                        "StackObjectsCount": 500000
                    },
                    "parentId": "6571e74a4a27570f5926ecb2",
                    "slotId": "main"
                }, {
                    "_id": "6571e74a4a37570f5926ecbf",
                    "_tpl": "5449016a4bdc2d6f028b456f",
                    "upd": {
                        "StackObjectsCount": 500000
                    },
                    "parentId": "6571e74a4a27570f5926ecb2",
                    "slotId": "main"
                }, {
                    "_id": "6571e74a4a47570f5926ecc0",
                    "_tpl": "5449016a4bdc2d6f028b456f",
                    "upd": {
                        "StackObjectsCount": 500000
                    },
                    "parentId": "6571e74a4a27570f5926ecb2",
                    "slotId": "main"
                }, {
                    "_id": "6571e74a4a23570f5926ecc1",
                    "_tpl": "5449016a4bdc2d6f028b456f",
                    "upd": {
                        "StackObjectsCount": 500000
                    },
                    "parentId": "6571e74a4a27570f5926ecb2",
                    "slotId": "main"
                }, {
                    "_id": "6571e74a4b27570f5926ecc2",
                    "_tpl": "5449016a4bdc2d6f028b456f",
                    "upd": {
                        "StackObjectsCount": 500000
                    },
                    "parentId": "6571e74a4a27570f5926ecb2",
                    "slotId": "main"
                }, {
                    "_id": "6571e74a4a23570f5926ecc3",
                    "_tpl": "5449016a4bdc2d6f028b456f",
                    "upd": {
                        "StackObjectsCount": 500000
                    },
                    "parentId": "6571e74a4a27570f5926ecb2",
                    "slotId": "main"
                }, {
                    "_id": "6571e74a4a17570f5926ecc4",
                    "_tpl": "5449016a4bdc2d6f028b456f",
                    "upd": {
                        "StackObjectsCount": 500000
                    },
                    "parentId": "6571e74a4a27570f5926ecb2",
                    "slotId": "main"
                }, {
                    "_id": "6571e74a4a24570f5926ecc5",
                    "_tpl": "5449016a4bdc2d6f028b456f",
                    "upd": {
                        "StackObjectsCount": 500000
                    },
                    "parentId": "6571e74a4a27570f5926ecb2",
                    "slotId": "main"
                }, {
                    "_id": "6571e74a4a27370f5926ecc6",
                    "_tpl": "5449016a4bdc2d6f028b456f",
                    "upd": {
                        "StackObjectsCount": 500000
                    },
                    "parentId": "6571e74a4a27570f5926ecb2",
                    "slotId": "main"
                }, {
                    "_id": "6571e74a4a22570f5926ecc7",
                    "_tpl": "5449016a4bdc2d6f028b456f",
                    "upd": {
                        "StackObjectsCount": 500000
                    },
                    "parentId": "6571e74a4a27570f5926ecb2",
                    "slotId": "main"
                }, {
                    "_id": "6571e74a4a77577f5926ecc9",
                    "_tpl": "5696686a4bdc2da3298b456a",
                    "upd": {
                        "StackObjectsCount": 50000
                    },
                    "parentId": "6571e74a4a27570f5926ecb2",
                    "slotId": "main"
                }, {
                    "_id": "6571e74a4a27370f5926ecca",
                    "_tpl": "5696686a4bdc2da3298b456a",
                    "upd": {
                        "StackObjectsCount": 50000
                    },
                    "parentId": "6571e74a4a27570f5926ecb2",
                    "slotId": "main"
                }
            ],
            "profileChangeEvents": [{
                    "_id": "6571e74a4a27570f5926eccb",
                    "Type": "TraderSalesSum",
                    "value": 2600000,
                    "entity": "58330581ace78e27b8b10cee"
                }, {
                    "_id": "6571e74a4a27570f5926eccc",
                    "Type": "TraderStanding",
                    "value": 0.75,
                    "entity": "58330581ace78e27b8b10cee"
                }, {
                    "_id": "6571e74a4a27570f5926eccd",
                    "Type": "TraderSalesSum",
                    "value": 2300000,
                    "entity": "54cb50c76803fa8b248b4571"
                }, {
                    "_id": "6571e74a4a27570f5926ecce",
                    "Type": "TraderStanding",
                    "value": 0.5,
                    "entity": "54cb50c76803fa8b248b4571"
                }, {
                    "_id": "6571e74a4a27570f5926eccf",
                    "Type": "TraderSalesSum",
                    "value": 900000,
                    "entity": "54cb57776803fa99248b456e"
                }, {
                    "_id": "6571e74a4a27570f5926ecd0",
                    "Type": "TraderStanding",
                    "value": 0.6,
                    "entity": "54cb57776803fa99248b456e"
                }, {
                    "_id": "6571e74a4a27570f5926ecd1",
                    "Type": "TraderSalesSum",
                    "value": 2500000,
                    "entity": "5a7c2eca46aef81a7ca2145d"
                }, {
                    "_id": "6571e74a4a27570f5926ecd2",
                    "Type": "TraderStanding",
                    "value": 0.6,
                    "entity": "5a7c2eca46aef81a7ca2145d"
                }, {
                    "_id": "6571e74a4a27570f5926ecd3",
                    "Type": "TraderSalesSum",
                    "value": 2500000,
                    "entity": "5ac3b934156ae10c4430e83c"
                }, {
                    "_id": "6571e74a4a27570f5926ecd4",
                    "Type": "TraderStanding",
                    "value": 0.6,
                    "entity": "5ac3b934156ae10c4430e83c"
                }, {
                    "_id": "6571e74a4a27570f5926ecd5",
                    "Type": "TraderSalesSum",
                    "value": 32000,
                    "entity": "5935c25fb3acc3127c3d8cd9"
                }, {
                    "_id": "6571e74a4a27570f5926ecd6",
                    "Type": "TraderStanding",
                    "value": 0.6,
                    "entity": "5935c25fb3acc3127c3d8cd9"
                }, {
                    "_id": "6571e74a4a27570f5926ecd7",
                    "Type": "TraderSalesSum",
                    "value": 1725000,
                    "entity": "5c0647fdd443bc2504c2d371"
                }, {
                    "_id": "6571e74a4a27570f5926ecd8",
                    "Type": "TraderStanding",
                    "value": 0.5,
                    "entity": "5c0647fdd443bc2504c2d371"
                }, {
                    "_id": "6571e74a4a27570f5926ecd9",
                    "Type": "ProfileLevel",
                    "value": 2735966,
                    "entity": null
                }, {
                    "_id": "6571e74a4a27570f5926ecda",
                    "Type": "SkillPoints",
                    "value": 1500,
                    "entity": "Endurance"
                }, {
                    "_id": "6571e74a4a27570f5926ecdb",
                    "Type": "SkillPoints",
                    "value": 1500,
                    "entity": "Strength"
                }, {
                    "_id": "6571e74a4a27570f5926ecdc",
                    "Type": "SkillPoints",
                    "value": 1500,
                    "entity": "Vitality"
                }, {
                    "_id": "6571e74a4a27570f5926ecdd",
                    "Type": "SkillPoints",
                    "value": 1500,
                    "entity": "Health"
                }, {
                    "_id": "6571e74a4a27570f5926ecde",
                    "Type": "SkillPoints",
                    "value": 1500,
                    "entity": "Metabolism"
                }, {
                    "_id": "6571e74a4a27570f5926ecdf",
                    "Type": "SkillPoints",
                    "value": 1500,
                    "entity": "StressResistance"
                }, {
                    "_id": "6571e74a4a27570f5926ece0",
                    "Type": "SkillPoints",
                    "value": 1500,
                    "entity": "Immunity"
                }, {
                    "_id": "6571e74a4a27570f5926ece1",
                    "Type": "SkillPoints",
                    "value": 1500,
                    "entity": "Throwing"
                }, {
                    "_id": "6571e74a4a27570f5926ece2",
                    "Type": "SkillPoints",
                    "value": 1500,
                    "entity": "CovertMovement"
                }, {
                    "_id": "6571e74a4a27570f5926ece3",
                    "Type": "SkillPoints",
                    "value": 1500,
                    "entity": "Search"
                }, {
                    "_id": "6571e74a4a27570f5926ece4",
                    "Type": "SkillPoints",
                    "value": 1500,
                    "entity": "MagDrills"
                }, {
                    "_id": "6571e74a4a27570f5926ece5",
                    "Type": "SkillPoints",
                    "value": 1500,
                    "entity": "Perception"
                }, {
                    "_id": "6571e74a4a27570f5926ece6",
                    "Type": "SkillPoints",
                    "value": 1500,
                    "entity": "Intellect"
                }, {
                    "_id": "6571e74a4a27570f5926ece7",
                    "Type": "SkillPoints",
                    "value": 1500,
                    "entity": "Charisma"
                }, {
                    "_id": "6571e74a4a27570f5926ece8",
                    "Type": "SkillPoints",
                    "value": 1500,
                    "entity": "Memory"
                }, {
                    "_id": "6571e74a4a27570f5926ece9",
                    "Type": "SkillPoints",
                    "value": 1500,
                    "entity": "Surgery"
                }, {
                    "_id": "6571e74a4a27570f5926ecea",
                    "Type": "SkillPoints",
                    "value": 1500,
                    "entity": "HideoutManagement"
                }, {
                    "_id": "6571e74a4a27570f5926eceb",
                    "Type": "SkillPoints",
                    "value": 1500,
                    "entity": "Crafting"
                }, {
                    "_id": "6571e74a4a27570f5926ecec",
                    "Type": "SkillPoints",
                    "value": 1500,
                    "entity": "Attention"
                }, {
                    "_id": "6571e74a4a27570f5926eced",
                    "Type": "ExamineAllItems"
                }, {
                    "_id": "6571e74a4a27570f5926ecee",
                    "Type": "UnlockTrader",
                    "value": 1,
                    "entity": "5c0647fdd443bc2504c2d371"
                }
            ],
            "sender": "System",
            "localeTextId": "5a2d28f786f77436023be4a5 0",
            "collectionTimeHours": 72,
            "associatedEvent": "Promo"
        }
    }
}
