{
    "equipment": {
        "ArmBand": false,
        "Compass": false,
        "Headwear": true,
        "Earpiece": true,
        "FaceCover": true,
        "ArmorVest": true,
        "Eyewear": true,
        "TacticalVest": true,
        "Backpack": true,
        "Holster": true,
        "FirstPrimaryWeapon": true,
        "SecondPrimaryWeapon": true,
        "Scabbard": false,
        "Pockets": false,
        "SecuredContainer": false
    },
    "questItems": true,
	"specialSlotItems": false
}
