{
    "updateTime": [{
            "traderId": "54cb50c76803fa8b248b4571",
            "seconds": 3600
        }, {
            "traderId": "54cb57776803fa99248b456e",
            "seconds": 3600
        }, {
            "traderId": "579dc571d53a0658a154fbec",
            "seconds": 3600
        }, {
            "traderId": "58330581ace78e27b8b10cee",
            "seconds": 3600
        }, {
            "traderId": "5935c25fb3acc3127c3d8cd9",
            "seconds": 3600
        }, {
            "traderId": "5a7c2eca46aef81a7ca2145d",
            "seconds": 3600
        }, {
            "traderId": "5ac3b934156ae10c4430e83c",
            "seconds": 3600
        }, {
            "traderId": "5c0647fdd443bc2504c2d371",
            "seconds": 3600
        }, {
            "traderId": "ragfair",
            "seconds": 3600
        }
    ],
    "updateTimeDefault": 3600,
    "purchasesAreFoundInRaid": false,
    "traderPriceMultipler": 1,
    "persistPurchaseDataInProfile": true,
    "fence": {
        "discountOptions": {
            "assortSize": 50,
            "itemPriceMult": 0.8,
            "presetPriceMult": 1.5
        },
        "partialRefreshTimeSeconds": 240,
        "partialRefreshChangePercent": 15,
        "assortSize": 140,
        "maxPresetsPercent": 10,
        "itemPriceMult": 1.2,
        "presetPriceMult": 2.0,
        "regenerateAssortsOnRefresh": false,
        "itemTypeLimits": {
            "550aa4bf4bdc2dd6348b456b": 3,
            "55818add4bdc2d5b648b456f": 5,
            "5448bc234bdc2d3c308b4569": 5,
            "55818b224bdc2dde698b456f": 5,
            "555ef6e44bdc2de9068b457e": 5,
            "5a341c4086f77401f2541505": 5,
            "55818ad54bdc2ddc698b4569": 5,
            "5448e53e4bdc2d60728b4567": 5,
            "55818ac54bdc2d5b648b456e": 5,
            "55818af64bdc2d5b648b4570": 5,
            "55818a304bdc2db5418b457d": 4,
            "5a74651486f7744e73386dd1": 5,
            "55818a594bdc2db9688b456a": 5,
            "55818a104bdc2db9688b4569": 5,
            "55818a684bdc2ddd698b456d": 3,
            "550aa4cd4bdc2dd8348b456c": 3,
            "55818acf4bdc2dde698b456b": 5,
            "55818a6f4bdc2db9688b456b": 5,
            "5447b5f14bdc2d61278b4567": 3,
            "5447b5cf4bdc2d65278b4567": 5,
            "5447b6094bdc2dc3278b4567": 5,
            "5447b5e04bdc2d62278b4567": 5,
            "55818b164bdc2ddc698b456c": 3,
            "617f1ef5e8b54b0998387733": 2,
            "5448ecbe4bdc2d60728b4568": 2,
            "57864a66245977548f04a81f": 2,
            "5a341c4686f77469e155819e": 3,
            "57864a3d24597754843f8721": 2,
            "5448e54d4bdc2dcc718b4568": 4,
            "5448f39d4bdc2d0a728b4568": 5,
            "5795f317245977243854e041": 3,
            "5c99f98d86f7745c314214b3": 2,
            "5c164d2286f774194c5e69fa": 0
        },
        "presetMaxDurabilityPercentMinMax": {
            "min": 35,
            "max": 60
        },
        "armorMaxDurabilityPercentMinMax": {
            "min": 35,
            "max": 60
        },
        "itemStackSizeOverrideMinMax": {
            "59e690b686f7746c9f75e848": {
                "min": 5,
                "max": 15
            }
        },
        "itemCategoryRoublePriceLimit": {
            "5485a8684bdc2da71d8b4567": 230,
            "5795f317245977243854e041": 30000,
            "5448ecbe4bdc2d60728b4568": 40000,
            "57864a3d24597754843f8721": 50000,
            "5447e1d04bdc2dff2f8b4567": 50000,
            "5448e53e4bdc2d60728b4567": 90000,
            "5a341c4686f77469e155819e": 75000,
            "57864a66245977548f04a81f": 71000,
            "5448e54d4bdc2dcc718b4568": 200000,
            "5a2c3a9486f774688b05e574": 70000,
            "5a341c4086f77401f2541505": 125000,
            "5448f3a64bdc2d60728b456a": 70000,
            "5447b6194bdc2d67278b4567": 500000,
            "550aa4cd4bdc2dd8348b456c": 70000,
            "57864ee62459775490116fc1": 95000,
            "5448bc234bdc2d3c308b4569": 29000,
            "55818ae44bdc2dde698b456c": 45000,
            "55818add4bdc2d5b648b456f": 35000,
            "590c745b86f7743cc433c5f2": 64000,
            "57864bb7245977548b3b66c2": 90000,
            "5c99f98d86f7745c314214b3": 15000
        },
        "presetSlotsToRemoveChancePercent": {
            "mod_scope": 70,
            "mod_magazine": 60,
            "mod_sight_rear": 20,
            "mod_sight_front": 20,
            "mod_muzzle": 70,
            "mod_pistol_grip": 40,
            "mod_stock": 50,
            "mod_stock_000": 20,
            "mod_tactical_2": 40,
            "mod_foregrip": 20,
            "mod_mount": 20,
            "mod_reciever": 10,
            "mod_charge": 20,
            "mod_mount_000": 20,
            "mod_mount_002": 20,
            "mod_mount_003": 20,
            "mod_mount_004": 20,
            "mod_tactical": 40,
            "mod_tactical_000": 40,
            "mod_tactical_001": 40,
            "mod_tactical_002": 40,
            "mod_tactical_003": 40
        },
        "blacklistSeasonalItems": true,
        "blacklist": [
            "5c164d2286f774194c5e69fa",
            "543be5cb4bdc2deb348b4568",
            "543be6674bdc2df1348b4569",
            "5448bf274bdc2dfc2f8b456a",
            "5447bedf4bdc2d87278b4568",
            "6275303a9f372d6ea97f9ec7",
            "62e9103049c018f425059f38",
            "59f32bb586f774757e1e8442",
            "59f32c3b86f77472a31742f0",
            "627bce33f21bc425b06ab967",
            "62f109593b54472778797866",
            "5d52cc5ba4b9367408500062",
            "5d52d479a4b936793d58c76b",
            "5e99711486f7744bfc4af328",
            "62f10b79e7ee985f386b2f47",
			"633ffb5d419dbf4bea7004c6",
			"543be5dd4bdc2deb348b4569"
        ],
		"coopExtractGift": {
			"sendGift": true,
			"messageLocaleIds": ["5da89b1886f77439d7741002 0", "5da89b3a86f7742f9026cb83 0"],
			"giftExpiryHours": 168,
			"presetCount": {
                "min": 0,
                "max": 0
            },
            "itemCount": {
                "min": 2,
                "max": 5
            },
            "weaponCrateCount": {
                "min": 0,
                "max": 0
            },
            "itemBlacklist": [
                "5e997f0b86f7741ac73993e2",
                "5b44abe986f774283e2e3512",
                "5e99711486f7744bfc4af328",
                "5e99735686f7744bfc4af32c",
                "6087e570b998180e9f76dc24",
                "5d52d479a4b936793d58c76b",
                "5e85aac65505fa48730d8af2",
                "63495c500c297e20065a08b1",
                "5cde8864d7f00c0010373be1",
                "5b3b713c5acfc4330140bd8d",
                "60c080eb991ac167ad1c3ad4",
                "6389c7f115805221fb410466"
            ],
            "itemTypeWhitelist": [
                "5d650c3e815116009f6201d2",
                "57864ee62459775490116fc1",
                "57864ada245977548638de91",
                "57864bb7245977548b3b66c2",
                "57864e4c24597754843f8723",
                "57864c322459775490116fbf",
                "57864a66245977548f04a81f"
            ],
            "itemLimits": {
				"5d650c3e815116009f6201d2": 1,
                "57864ee62459775490116fc1": 1,
				"57864ada245977548638de91": 2,
				"57864bb7245977548b3b66c2": 1,
				"57864e4c24597754843f8723": 1,
				"57864a66245977548f04a81f": 1,
				
                "5448e8d04bdc2ddf718b4569": 1,
                "5448e8d64bdc2dce718b4568": 1,
                "5448bc234bdc2d3c308b4569": 1,
                
                "5448e5724bdc2ddf718b4568": 1,
                "55818add4bdc2d5b648b456f": 1,
                "543be6564bdc2df4348b4568": 1,
                "550aa4cd4bdc2dd8348b456c": 1,
                "5448f39d4bdc2d0a728b4568": 1,
                "5448f3a14bdc2d27728b4569": 1,
                "5447e1d04bdc2dff2f8b4567": 1,
                "55818ad54bdc2ddc698b4569": 1
            },
            "itemStackLimits": {
                "5449016a4bdc2d6f028b456f": {
                    "min": 5000,
                    "max": 20000
                },
                "569668774bdc2da2298b4568": {
                    "min": 75,
                    "max": 150
                },
                "5696686a4bdc2da3298b456a": {
                    "min": 75,
                    "max": 150
                }
            },
            "allowBossItems": false
		}
    }

}
